Date;Départ;Arrivée;Nombre de trains programmés;Nombre de trains ayant circulé;Nombre de trains annulés;Nombre de trains en retard à l'arrivée;Taux de régularité;Nombre de trains à l'heure pour un train en retard à l'arrivée
2026-05;LYON;NANTES;73;72;1;28;61.111111111111114;1.5714285714285714
2026-05;MARSEILLE-ST-CHARLES;BORDEAUX-ST-JEAN;165;162;3;65;59.876543209876544;1.4923076923076923
2026-05;PARIS-AUSTERLITZ;TOULOUSE-MATABIAU;66;66;0;8;87.87878787878788;7.25
2026-05;LYON;NANCY;52;52;0;6;88.46153846153845;7.666666666666667
2026-05;PARIS-AUSTERLITZ;RODEZ/ALBI;24;24;0;1;95.83333333333334;23.0
2026-05;PARIS-AUSTERLITZ;CERBERE;11;11;0;1;90.9090909090909;10.0
2026-05;HENDAYE;TOULOUSE-MATABIAU;89;88;1;16;81.81818181818183;4.5
2026-05;TOULOUSE-MATABIAU;PARIS-AUSTERLITZ;67;67;0;9;86.56716417910447;6.444444444444445
2026-05;PARIS-AUSTERLITZ;AURILLAC;24;24;0;2;91.66666666666666;11.0
2026-05;AURILLAC;PARIS-AUSTERLITZ;24;24;0;6;75.0;3.0
2026-05;NICE-VILLE;PARIS-AUSTERLITZ;22;21;1;10;52.38095238095239;1.1
2026-05;PARIS-BERCY;CLERMONT-FERRAND;214;213;1;31;85.44600938967136;5.870967741935484
2026-05;NANTES;LYON;74;73;1;22;69.86301369863014;2.3181818181818183
2026-05;BORDEAUX-ST-JEAN;NANTES;124;124;0;9;92.74193548387096;12.777777777777779
2026-05;TOULOUSE-MATABIAU;HENDAYE;81;80;1;8;90.0;9.0
2026-05;NANCY;LYON;52;52;0;2;96.15384615384616;25.0
2026-05;TARBES;PARIS-AUSTERLITZ;10;10;0;0;100.0;0.0
2026-05;BRIANÇON;PARIS-AUSTERLITZ;18;18;0;7;61.111111111111114;1.5714285714285714
2026-05;BÉZIERS;CLERMONT-FERRAND;31;31;0;4;87.09677419354838;6.75
2026-05;CLERMONT-FERRAND;BÉZIERS;31;31;0;1;96.7741935483871;30.0
2026-05;BORDEAUX-ST-JEAN;MARSEILLE-ST-CHARLES;166;164;2;66;59.756097560975604;1.4848484848484849
2026-05;CAHORS/BRIVE;PARIS-AUSTERLITZ;165;163;2;28;82.82208588957054;4.821428571428571
2026-05;PARIS-AUSTERLITZ;TOULOUSE-MATABIAU;24;24;0;3;87.5;7.0
2026-05;ALBI/RODEZ;PARIS-AUSTERLITZ;24;24;0;8;66.66666666666666;2.0
2026-05;CERBERE;PARIS-AUSTERLITZ;11;11;0;2;81.81818181818183;4.5
2026-05;PARIS-AUSTERLITZ;BRIANÇON;18;18;0;5;72.22222222222221;2.6
2026-05;CLERMONT-FERRAND;PARIS-BERCY;215;214;1;28;86.91588785046729;6.642857142857143
2026-05;NANTES;BORDEAUX-ST-JEAN;124;123;1;29;76.42276422764228;3.2413793103448274
2026-05;PARIS-AUSTERLITZ;BRIVE/CAHORS;155;155;0;20;87.09677419354838;6.75
2026-05;TOULOUSE-MATABIAU;PARIS-AUSTERLITZ;24;24;0;0;100.0;0.0
2026-05;PARIS-AUSTERLITZ;TARBES;11;11;0;5;54.54545454545454;1.2
2026-05;PARIS-AUSTERLITZ;LATOUR-DE-CAROL;0;0;0;0;0.0;0.0
2026-05;LATOUR-DE-CAROL;PARIS-AUSTERLITZ;0;0;0;0;0.0;0.0
2026-05;PARIS-AUSTERLITZ;NICE-VILLE;22;22;0;8;63.63636363636363;1.75
2026-04;PARIS-BERCY;CLERMONT-FERRAND;217;216;1;14;93.51851851851852;14.428571428571429
2026-04;CAHORS/BRIVE;PARIS-AUSTERLITZ;188;188;0;32;82.97872340425532;4.875
2026-04;TOULOUSE-MATABIAU;PARIS-AUSTERLITZ;85;85;0;18;78.82352941176471;3.7222222222222223
2026-04;ALBI/RODEZ;PARIS-AUSTERLITZ;30;30;0;8;73.33333333333333;2.75
2026-04;TARBES;PARIS-AUSTERLITZ;29;27;2;5;81.48148148148148;4.4
2026-04;CLERMONT-FERRAND;BÉZIERS;30;30;0;4;86.66666666666667;6.5
2026-04;PARIS-AUSTERLITZ;BRIVE/CAHORS;183;183;0;16;91.2568306010929;10.4375
2026-04;NANCY;LYON;28;28;0;2;92.85714285714286;13.0
2026-04;TOULOUSE-MATABIAU;PARIS-AUSTERLITZ;28;28;0;2;92.85714285714286;13.0
2026-04;LATOUR-DE-CAROL;PARIS-AUSTERLITZ;0;0;0;0;0.0;0.0
2026-04;LYON;NANTES;86;86;0;22;74.4186046511628;2.909090909090909
2026-04;NANTES;LYON;86;86;0;17;80.23255813953489;4.0588235294117645
2026-04;NANTES;BORDEAUX-ST-JEAN;120;118;2;20;83.05084745762711;4.9
2026-04;BORDEAUX-ST-JEAN;MARSEILLE-ST-CHARLES;206;203;3;83;59.11330049261084;1.4457831325301205
2026-04;MARSEILLE-ST-CHARLES;BORDEAUX-ST-JEAN;206;205;1;72;64.8780487804878;1.8472222222222223
2026-04;PARIS-AUSTERLITZ;TOULOUSE-MATABIAU;28;28;0;3;89.28571428571429;8.333333333333334
2026-04;PARIS-AUSTERLITZ;TARBES;29;28;1;3;89.28571428571429;8.333333333333334
2026-04;PARIS-AUSTERLITZ;LATOUR-DE-CAROL;0;0;0;0;0.0;0.0
2026-04;BORDEAUX-ST-JEAN;NANTES;119;118;1;13;88.98305084745762;8.076923076923077
2026-04;TOULOUSE-MATABIAU;HENDAYE;117;110;7;7;93.63636363636364;14.714285714285714
2026-04;PARIS-AUSTERLITZ;TOULOUSE-MATABIAU;85;85;0;14;83.52941176470588;5.071428571428571
2026-04;CLERMONT-FERRAND;PARIS-BERCY;217;216;1;20;90.74074074074076;9.8
2026-04;BÉZIERS;CLERMONT-FERRAND;30;29;1;1;96.55172413793105;28.0
2026-04;HENDAYE;TOULOUSE-MATABIAU;117;113;4;12;89.38053097345133;8.416666666666666
2026-04;LYON;NANCY;29;29;0;5;82.75862068965517;4.8
2026-04;PARIS-AUSTERLITZ;RODEZ/ALBI;30;30;0;0;100.0;0.0
2026-04;PARIS-AUSTERLITZ;AURILLAC;30;30;0;1;96.66666666666669;29.0
2026-04;AURILLAC;PARIS-AUSTERLITZ;30;30;0;8;73.33333333333333;2.75
2026-04;PARIS-AUSTERLITZ;CERBERE;19;19;0;0;100.0;0.0
2026-04;CERBERE;PARIS-AUSTERLITZ;19;19;0;3;84.21052631578947;5.333333333333333
2026-04;PARIS-AUSTERLITZ;BRIANÇON;26;26;0;10;61.53846153846154;1.6
2026-04;BRIANÇON;PARIS-AUSTERLITZ;26;26;0;9;65.38461538461539;1.8888888888888888
2026-04;PARIS-AUSTERLITZ;NICE-VILLE;28;28;0;7;75.0;3.0
2026-04;NICE-VILLE;PARIS-AUSTERLITZ;28;28;0;9;67.85714285714286;2.111111111111111
2026-03;TOULOUSE-MATABIAU;PARIS-AUSTERLITZ;86;86;0;6;93.02325581395348;13.333333333333334
2026-03;PARIS-AUSTERLITZ;TOULOUSE-MATABIAU;30;30;0;2;93.33333333333331;14.0
2026-03;ALBI/RODEZ;PARIS-AUSTERLITZ;28;27;1;4;85.18518518518519;5.75
2026-03;TARBES;PARIS-AUSTERLITZ;16;16;0;1;93.75;15.0
2026-03;NICE-VILLE;PARIS-AUSTERLITZ;23;21;2;5;76.19047619047619;3.2
2026-03;PARIS-BERCY;CLERMONT-FERRAND;227;227;0;12;94.7136563876652;17.916666666666668
2026-03;LYON;NANTES;90;90;0;16;82.22222222222221;4.625
2026-03;BORDEAUX-ST-JEAN;NANTES;124;124;0;6;95.16129032258064;19.666666666666668
2026-03;NANCY;LYON;28;28;0;2;92.85714285714286;13.0
2026-03;PARIS-AUSTERLITZ;TARBES;16;16;0;3;81.25;4.333333333333333
2026-03;BRIANÇON;PARIS-AUSTERLITZ;11;11;0;0;100.0;0.0
2026-03;HENDAYE;TOULOUSE-MATABIAU;124;121;3;14;88.42975206611571;7.642857142857143
2026-03;BORDEAUX-ST-JEAN;MARSEILLE-ST-CHARLES;195;194;1;50;74.22680412371135;2.88
2026-03;PARIS-AUSTERLITZ;TOULOUSE-MATABIAU;87;87;0;5;94.2528735632184;16.4
2026-03;PARIS-AUSTERLITZ;RODEZ/ALBI;30;27;3;2;92.5925925925926;12.5
2026-03;LATOUR-DE-CAROL;PARIS-AUSTERLITZ;0;0;0;0;0.0;0.0
2026-03;PARIS-AUSTERLITZ;CERBERE;10;10;0;0;100.0;0.0
2026-03;CLERMONT-FERRAND;PARIS-BERCY;230;229;1;24;89.51965065502183;8.541666666666666
2026-03;CLERMONT-FERRAND;BÉZIERS;31;31;0;0;100.0;0.0
2026-03;NANTES;LYON;91;91;0;18;80.21978021978022;4.055555555555555
2026-03;NANTES;BORDEAUX-ST-JEAN;124;124;0;19;84.67741935483872;5.526315789473684
2026-03;MARSEILLE-ST-CHARLES;BORDEAUX-ST-JEAN;194;192;2;62;67.70833333333334;2.096774193548387
2026-03;CAHORS/BRIVE;PARIS-AUSTERLITZ;187;186;1;13;93.01075268817203;13.307692307692308
2026-03;LYON;NANCY;28;28;0;3;89.28571428571429;8.333333333333334
2026-03;AURILLAC;PARIS-AUSTERLITZ;26;26;0;4;84.61538461538461;5.5
2026-03;CERBERE;PARIS-AUSTERLITZ;10;10;0;0;100.0;0.0
2026-03;PARIS-AUSTERLITZ;BRIANÇON;11;11;0;5;54.54545454545454;1.2
2026-03;BÉZIERS;CLERMONT-FERRAND;31;31;0;1;96.7741935483871;30.0
2026-03;TOULOUSE-MATABIAU;HENDAYE;124;124;0;5;95.96774193548389;23.8
2026-03;PARIS-AUSTERLITZ;BRIVE/CAHORS;177;177;0;7;96.045197740113;24.285714285714285
2026-03;TOULOUSE-MATABIAU;PARIS-AUSTERLITZ;30;30;0;1;96.66666666666669;29.0
2026-03;PARIS-AUSTERLITZ;AURILLAC;30;23;7;0;100.0;0.0
2026-03;PARIS-AUSTERLITZ;LATOUR-DE-CAROL;0;0;0;0;0.0;0.0
2026-03;PARIS-AUSTERLITZ;NICE-VILLE;23;22;1;6;72.72727272727273;2.6666666666666665
2026-02;CLERMONT-FERRAND;BÉZIERS;28;27;1;1;96.29629629629628;26.0
2026-02;TOULOUSE-MATABIAU;PARIS-AUSTERLITZ;70;68;2;24;64.70588235294117;1.8333333333333333
2026-02;LYON;NANCY;28;28;0;2;92.85714285714286;13.0
2026-02;PARIS-AUSTERLITZ;CERBERE;14;13;1;4;69.23076923076923;2.25
2026-02;NANTES;LYON;74;73;1;23;68.4931506849315;2.1739130434782608
2026-02;BORDEAUX-ST-JEAN;NANTES;108;106;2;8;92.45283018867924;12.25
2026-02;HENDAYE;TOULOUSE-MATABIAU;104;95;9;21;77.89473684210526;3.523809523809524
2026-02;TOULOUSE-MATABIAU;HENDAYE;95;87;8;14;83.9080459770115;5.214285714285714
2026-02;BORDEAUX-ST-JEAN;MARSEILLE-ST-CHARLES;198;179;19;68;62.01117318435754;1.6323529411764706
2026-02;PARIS-AUSTERLITZ;BRIVE/CAHORS;144;138;6;46;66.66666666666666;2.0
2026-02;NANCY;LYON;28;28;0;6;78.57142857142857;3.6666666666666665
2026-02;PARIS-AUSTERLITZ;TOULOUSE-MATABIAU;28;25;3;2;92.0;11.5
2026-02;TARBES;PARIS-AUSTERLITZ;20;15;5;1;93.33333333333331;14.0
2026-02;CAHORS/BRIVE;PARIS-AUSTERLITZ;154;151;3;49;67.54966887417218;2.0816326530612246
2026-02;PARIS-AUSTERLITZ;TOULOUSE-MATABIAU;75;74;1;22;70.27027027027027;2.363636363636364
2026-02;TOULOUSE-MATABIAU;PARIS-AUSTERLITZ;28;25;3;2;92.0;11.5
2026-02;PARIS-AUSTERLITZ;RODEZ/ALBI;25;20;5;2;90.0;9.0
2026-02;ALBI/RODEZ;PARIS-AUSTERLITZ;24;20;4;8;60.0;1.5
2026-02;PARIS-AUSTERLITZ;AURILLAC;24;18;6;0;100.0;0.0
2026-02;LATOUR-DE-CAROL;PARIS-AUSTERLITZ;4;4;0;1;75.0;3.0
2026-02;PARIS-AUSTERLITZ;BRIANÇON;27;26;1;11;57.692307692307686;1.3636363636363635
2026-02;NICE-VILLE;PARIS-AUSTERLITZ;28;28;0;8;71.42857142857143;2.5
2026-02;BÉZIERS;CLERMONT-FERRAND;28;27;1;1;96.29629629629628;26.0
2026-02;PARIS-AUSTERLITZ;TARBES;20;15;5;4;73.33333333333333;2.75
2026-02;CERBERE;PARIS-AUSTERLITZ;14;13;1;3;76.92307692307693;3.333333333333333
2026-02;PARIS-AUSTERLITZ;NICE-VILLE;28;28;0;10;64.28571428571429;1.8
2026-02;CLERMONT-FERRAND;PARIS-BERCY;201;200;1;39;80.5;4.128205128205129
2026-02;PARIS-BERCY;CLERMONT-FERRAND;202;202;0;18;91.0891089108911;10.22222222222222
2026-02;LYON;NANTES;74;74;0;29;60.810810810810814;1.5517241379310345
2026-02;NANTES;BORDEAUX-ST-JEAN;108;106;2;19;82.0754716981132;4.578947368421052
2026-02;MARSEILLE-ST-CHARLES;BORDEAUX-ST-JEAN;198;180;18;82;54.44444444444444;1.195121951219512
2026-02;AURILLAC;PARIS-AUSTERLITZ;24;19;5;7;63.1578947368421;1.7142857142857142
2026-02;PARIS-AUSTERLITZ;LATOUR-DE-CAROL;3;3;0;0;100.0;0.0
2026-02;BRIANÇON;PARIS-AUSTERLITZ;27;25;2;5;80.0;4.0
2026-01;PARIS-AUSTERLITZ;BRIVE/CAHORS;134;129;5;30;76.74418604651163;3.3
2026-01;LATOUR-DE-CAROL;PARIS-AUSTERLITZ;6;6;0;1;83.33333333333334;5.0
2026-01;NICE-VILLE;PARIS-AUSTERLITZ;23;20;3;8;60.0;1.5
2026-01;TOULOUSE-MATABIAU;HENDAYE;115;114;1;16;85.96491228070175;6.125
2026-01;MARSEILLE-ST-CHARLES;BORDEAUX-ST-JEAN;197;191;6;62;67.5392670157068;2.0806451612903225
2026-01;PARIS-AUSTERLITZ;TOULOUSE-MATABIAU;69;69;0;17;75.36231884057972;3.0588235294117645
2026-01;TOULOUSE-MATABIAU;PARIS-AUSTERLITZ;49;49;0;12;75.51020408163265;3.083333333333333
2026-01;NANCY;LYON;31;31;0;5;83.87096774193549;5.2
2026-01;PARIS-AUSTERLITZ;RODEZ/ALBI;29;25;4;1;96.0;24.0
2026-01;BÉZIERS;CLERMONT-FERRAND;31;31;0;2;93.5483870967742;14.5
2026-01;ALBI/RODEZ;PARIS-AUSTERLITZ;27;25;2;6;76.0;3.1666666666666665
2026-01;PARIS-AUSTERLITZ;NICE-VILLE;23;22;1;6;72.72727272727273;2.6666666666666665
2026-01;CLERMONT-FERRAND;BÉZIERS;31;31;0;5;83.87096774193549;5.2
2026-01;BORDEAUX-ST-JEAN;NANTES;110;104;6;16;84.61538461538461;5.5
2026-01;NANTES;BORDEAUX-ST-JEAN;111;104;7;19;81.73076923076923;4.473684210526316
2026-01;BORDEAUX-ST-JEAN;MARSEILLE-ST-CHARLES;200;192;8;64;66.66666666666666;2.0
2026-01;CAHORS/BRIVE;PARIS-AUSTERLITZ;165;162;3;31;80.8641975308642;4.225806451612903
2026-01;TOULOUSE-MATABIAU;PARIS-AUSTERLITZ;28;26;2;3;88.46153846153845;7.666666666666667
2026-01;PARIS-AUSTERLITZ;AURILLAC;29;27;2;6;77.77777777777779;3.5
2026-01;AURILLAC;PARIS-AUSTERLITZ;26;25;1;4;84.0;5.25
2026-01;PARIS-AUSTERLITZ;TARBES;6;5;1;3;40.0;0.6666666666666666
2026-01;PARIS-AUSTERLITZ;CERBERE;9;8;1;0;100.0;0.0
2026-01;BRIANÇON;PARIS-AUSTERLITZ;26;25;1;6;76.0;3.1666666666666665
2026-01;CLERMONT-FERRAND;PARIS-BERCY;212;208;4;42;79.8076923076923;3.952380952380953
2026-01;PARIS-BERCY;CLERMONT-FERRAND;212;208;4;35;83.17307692307693;4.942857142857143
2026-01;LYON;NANTES;88;83;5;25;69.87951807228916;2.32
2026-01;NANTES;LYON;88;85;3;22;74.11764705882354;2.863636363636364
2026-01;HENDAYE;TOULOUSE-MATABIAU;115;114;1;33;71.05263157894737;2.4545454545454546
2026-01;LYON;NANCY;31;30;1;3;90.0;9.0
2026-01;PARIS-AUSTERLITZ;TOULOUSE-MATABIAU;28;27;1;3;88.88888888888889;8.0
2026-01;TARBES;PARIS-AUSTERLITZ;6;5;1;0;100.0;0.0
2026-01;PARIS-AUSTERLITZ;LATOUR-DE-CAROL;7;6;1;2;66.66666666666666;2.0
2026-01;CERBERE;PARIS-AUSTERLITZ;9;8;1;0;100.0;0.0
2026-01;PARIS-AUSTERLITZ;BRIANÇON;26;26;0;8;69.23076923076923;2.25
2025-12;NANTES;LYON;88;88;0;19;78.4090909090909;3.631578947368421
2025-12;BORDEAUX-ST-JEAN;MARSEILLE-ST-CHARLES;228;214;14;71;66.82242990654206;2.014084507042253
2025-12;TOULOUSE-MATABIAU;PARIS-AUSTERLITZ;56;56;0;7;87.5;7.0
2025-12;NANCY;LYON;31;31;0;6;80.64516129032258;4.166666666666667
2025-12;LYON;NANCY;31;31;0;2;93.5483870967742;14.5
2025-12;PARIS-AUSTERLITZ;TOULOUSE-MATABIAU;27;27;0;0;100.0;0.0
2025-12;PARIS-BERCY;CLERMONT-FERRAND;227;227;0;19;91.62995594713657;10.947368421052632
2025-12;LYON;NANTES;89;88;1;17;80.68181818181817;4.176470588235294
2025-12;NANTES;BORDEAUX-ST-JEAN;123;119;4;32;73.10924369747899;2.71875
2025-12;HENDAYE;TOULOUSE-MATABIAU;123;118;5;23;80.50847457627118;4.130434782608695
2025-12;TOULOUSE-MATABIAU;HENDAYE;124;119;5;15;87.39495798319328;6.933333333333334
2025-12;PARIS-AUSTERLITZ;RODEZ/ALBI;26;25;1;1;96.0;24.0
2025-12;PARIS-AUSTERLITZ;LATOUR-DE-CAROL;12;12;0;4;66.66666666666666;2.0
2025-12;PARIS-AUSTERLITZ;CERBERE;15;15;0;1;93.33333333333331;14.0
2025-12;CERBERE;PARIS-AUSTERLITZ;15;15;0;2;86.66666666666667;6.5
2025-12;BRIANÇON;PARIS-AUSTERLITZ;18;17;1;4;76.47058823529412;3.25
2025-12;PARIS-AUSTERLITZ;NICE-VILLE;27;26;1;3;88.46153846153845;7.666666666666667
2025-12;NICE-VILLE;PARIS-AUSTERLITZ;27;26;1;6;76.92307692307693;3.333333333333333
2025-12;PARIS-AUSTERLITZ;BRIVE/CAHORS;167;166;1;17;89.7590361445783;8.764705882352942
2025-12;TOULOUSE-MATABIAU;PARIS-AUSTERLITZ;27;26;1;3;88.46153846153845;7.666666666666667
2025-12;PARIS-AUSTERLITZ;TARBES;25;25;0;7;72.0;2.571428571428572
2025-12;CLERMONT-FERRAND;PARIS-BERCY;227;226;1;27;88.05309734513274;7.37037037037037
2025-12;CLERMONT-FERRAND;BÉZIERS;31;31;0;4;87.09677419354838;6.75
2025-12;BORDEAUX-ST-JEAN;NANTES;122;121;1;10;91.73553719008264;11.1
2025-12;MARSEILLE-ST-CHARLES;BORDEAUX-ST-JEAN;231;214;17;53;75.23364485981308;3.037735849056604
2025-12;ALBI/RODEZ;PARIS-AUSTERLITZ;25;23;2;1;95.65217391304348;22.0
2025-12;AURILLAC;PARIS-AUSTERLITZ;18;16;2;1;93.75;15.0
2025-12;TARBES;PARIS-AUSTERLITZ;25;25;0;1;96.0;24.0
2025-12;LATOUR-DE-CAROL;PARIS-AUSTERLITZ;11;11;0;3;72.72727272727273;2.6666666666666665
2025-12;PARIS-AUSTERLITZ;BRIANÇON;18;17;1;6;64.70588235294117;1.8333333333333333
2025-12;BÉZIERS;CLERMONT-FERRAND;31;31;0;2;93.5483870967742;14.5
2025-12;CAHORS/BRIVE;PARIS-AUSTERLITZ;191;191;0;19;90.0523560209424;9.052631578947368
2025-12;PARIS-AUSTERLITZ;TOULOUSE-MATABIAU;72;72;0;9;87.5;7.0
2025-12;PARIS-AUSTERLITZ;AURILLAC;20;16;4;4;75.0;3.0
2025-11;BORDEAUX-ST-JEAN;NANTES;120;118;2;13;88.98305084745762;8.076923076923077
2025-11;TOULOUSE-MATABIAU;PARIS-AUSTERLITZ;43;43;0;5;88.37209302325581;7.6
2025-11;AURILLAC;PARIS-AUSTERLITZ;18;17;1;3;82.35294117647058;4.666666666666667
2025-11;PARIS-AUSTERLITZ;CERBERE;7;7;0;3;57.14285714285714;1.3333333333333333
2025-11;NICE-VILLE;PARIS-AUSTERLITZ;26;25;1;8;68.0;2.125
2025-11;CLERMONT-FERRAND;BÉZIERS;30;29;1;1;96.55172413793105;28.0
2025-11;TOULOUSE-MATABIAU;HENDAYE;120;115;5;18;84.34782608695653;5.388888888888889
2025-11;PARIS-AUSTERLITZ;BRIVE/CAHORS;153;152;1;16;89.47368421052632;8.5
2025-11;NANCY;LYON;23;23;0;2;91.30434782608695;10.5
2025-11;TARBES;PARIS-AUSTERLITZ;19;17;2;1;94.11764705882352;16.0
2025-11;PARIS-AUSTERLITZ;BRIANÇON;6;6;0;1;83.33333333333334;5.0
2025-11;NANTES;LYON;81;79;2;19;75.9493670886076;3.1578947368421053
2025-11;NANTES;BORDEAUX-ST-JEAN;119;115;4;22;80.8695652173913;4.227272727272728
2025-11;BORDEAUX-ST-JEAN;MARSEILLE-ST-CHARLES;173;172;1;47;72.67441860465115;2.6595744680851063
2025-11;CAHORS/BRIVE;PARIS-AUSTERLITZ;183;181;2;40;77.90055248618785;3.525
2025-11;PARIS-AUSTERLITZ;TOULOUSE-MATABIAU;64;62;2;11;82.25806451612904;4.636363636363637
2025-11;PARIS-AUSTERLITZ;RODEZ/ALBI;26;24;2;2;91.66666666666666;11.0
2025-11;PARIS-AUSTERLITZ;AURILLAC;22;17;5;3;82.35294117647058;4.666666666666667
2025-11;BRIANÇON;PARIS-AUSTERLITZ;7;7;0;2;71.42857142857143;2.5
2025-11;PARIS-AUSTERLITZ;NICE-VILLE;26;25;1;7;72.0;2.571428571428572
2025-11;CLERMONT-FERRAND;PARIS-BERCY;215;215;0;18;91.6279069767442;10.944444444444445
2025-11;BÉZIERS;CLERMONT-FERRAND;30;30;0;2;93.33333333333331;14.0
2025-11;LYON;NANTES;80;77;3;18;76.62337662337663;3.2777777777777777
2025-11;HENDAYE;TOULOUSE-MATABIAU;119;114;5;31;72.80701754385966;2.677419354838709
2025-11;LYON;NANCY;23;23;0;3;86.95652173913044;6.666666666666667
2025-11;PARIS-AUSTERLITZ;TOULOUSE-MATABIAU;25;25;0;6;76.0;3.1666666666666665
2025-11;TOULOUSE-MATABIAU;PARIS-AUSTERLITZ;25;25;0;0;100.0;0.0
2025-11;ALBI/RODEZ;PARIS-AUSTERLITZ;25;24;1;3;87.5;7.0
2025-11;PARIS-AUSTERLITZ;TARBES;19;18;1;5;72.22222222222221;2.6
2025-11;PARIS-BERCY;CLERMONT-FERRAND;214;214;0;11;94.85981308411216;18.454545454545453
2025-11;MARSEILLE-ST-CHARLES;BORDEAUX-ST-JEAN;174;171;3;49;71.34502923976608;2.489795918367347
2025-11;PARIS-AUSTERLITZ;LATOUR-DE-CAROL;5;5;0;3;40.0;0.6666666666666666
2025-11;LATOUR-DE-CAROL;PARIS-AUSTERLITZ;6;6;0;0;100.0;0.0
2025-11;CERBERE;PARIS-AUSTERLITZ;7;7;0;2;71.42857142857143;2.5
2025-10;BORDEAUX-ST-JEAN;NANTES;118;117;1;15;87.17948717948718;6.8
2025-10;NANTES;BORDEAUX-ST-JEAN;119;118;1;20;83.05084745762711;4.9
2025-10;PARIS-AUSTERLITZ;BRIVE/CAHORS;160;160;0;24;85.0;5.666666666666667
2025-10;CAHORS/BRIVE;PARIS-AUSTERLITZ;186;186;0;18;90.32258064516128;9.333333333333334
2025-10;TARBES;PARIS-AUSTERLITZ;19;19;0;0;100.0;0.0
2025-10;PARIS-AUSTERLITZ;LATOUR-DE-CAROL;28;28;0;6;78.57142857142857;3.6666666666666665
2025-10;BÉZIERS;CLERMONT-FERRAND;31;31;0;2;93.5483870967742;14.5
2025-10;HENDAYE;TOULOUSE-MATABIAU;118;116;2;18;84.48275862068965;5.444444444444445
2025-10;TOULOUSE-MATABIAU;PARIS-AUSTERLITZ;29;29;0;2;93.10344827586206;13.5
2025-10;PARIS-AUSTERLITZ;AURILLAC;29;27;2;6;77.77777777777779;3.5
2025-10;CERBERE;PARIS-AUSTERLITZ;14;14;0;3;78.57142857142857;3.6666666666666665
2025-10;CLERMONT-FERRAND;PARIS-BERCY;220;220;0;28;87.27272727272727;6.857142857142857
2025-10;NANTES;LYON;84;84;0;14;83.33333333333334;5.0
2025-10;BORDEAUX-ST-JEAN;MARSEILLE-ST-CHARLES;225;222;3;55;75.22522522522522;3.036363636363636
2025-10;MARSEILLE-ST-CHARLES;BORDEAUX-ST-JEAN;224;220;4;72;67.27272727272727;2.055555555555556
2025-10;NANCY;LYON;27;27;0;6;77.77777777777779;3.5
2025-10;AURILLAC;PARIS-AUSTERLITZ;28;27;1;1;96.29629629629628;26.0
2025-10;LATOUR-DE-CAROL;PARIS-AUSTERLITZ;27;27;0;2;92.5925925925926;12.5
2025-10;PARIS-AUSTERLITZ;NICE-VILLE;24;24;0;6;75.0;3.0
2025-10;NICE-VILLE;PARIS-AUSTERLITZ;24;24;0;5;79.16666666666666;3.8
2025-10;CLERMONT-FERRAND;BÉZIERS;31;31;0;0;100.0;0.0
2025-10;LYON;NANTES;85;85;0;13;84.70588235294117;5.538461538461538
2025-10;PARIS-AUSTERLITZ;RODEZ/ALBI;30;28;2;2;92.85714285714286;13.0
2025-10;ALBI/RODEZ;PARIS-AUSTERLITZ;30;28;2;4;85.71428571428571;6.0
2025-10;PARIS-AUSTERLITZ;CERBERE;14;14;0;3;78.57142857142857;3.6666666666666665
2025-10;PARIS-BERCY;CLERMONT-FERRAND;222;221;1;16;92.76018099547512;12.8125
2025-10;TOULOUSE-MATABIAU;HENDAYE;117;115;2;17;85.21739130434783;5.764705882352941
2025-10;PARIS-AUSTERLITZ;TOULOUSE-MATABIAU;64;64;0;11;82.8125;4.818181818181818
2025-10;TOULOUSE-MATABIAU;PARIS-AUSTERLITZ;42;42;0;10;76.19047619047619;3.2
2025-10;LYON;NANCY;27;27;0;5;81.48148148148148;4.4
2025-10;PARIS-AUSTERLITZ;TOULOUSE-MATABIAU;29;29;0;3;89.65517241379311;8.666666666666666
2025-10;PARIS-AUSTERLITZ;TARBES;20;19;1;2;89.47368421052632;8.5
2025-10;PARIS-AUSTERLITZ;BRIANÇON;8;8;0;3;62.5;1.6666666666666667
2025-10;BRIANÇON;PARIS-AUSTERLITZ;8;8;0;1;87.5;7.0
2025-09;TOULOUSE-MATABIAU;HENDAYE;109;109;0;10;90.82568807339447;9.9
2025-09;BORDEAUX-ST-JEAN;MARSEILLE-ST-CHARLES;209;205;4;61;70.24390243902438;2.360655737704918
2025-09;MARSEILLE-ST-CHARLES;BORDEAUX-ST-JEAN;196;192;4;67;65.10416666666666;1.8656716417910448
2025-09;PARIS-AUSTERLITZ;TOULOUSE-MATABIAU;62;62;0;13;79.03225806451613;3.769230769230769
2025-09;PARIS-AUSTERLITZ;AURILLAC;27;25;2;4;84.0;5.25
2025-09;AURILLAC;PARIS-AUSTERLITZ;26;24;2;1;95.83333333333334;23.0
2025-09;TARBES;PARIS-AUSTERLITZ;18;18;0;0;100.0;0.0
2025-09;PARIS-AUSTERLITZ;BRIANÇON;13;13;0;3;76.92307692307693;3.333333333333333
2025-09;BRIANÇON;PARIS-AUSTERLITZ;13;13;0;1;92.3076923076923;12.0
2025-09;BÉZIERS;CLERMONT-FERRAND;30;30;0;4;86.66666666666667;6.5
2025-09;BORDEAUX-ST-JEAN;NANTES;119;119;0;17;85.71428571428571;6.0
2025-09;NANTES;BORDEAUX-ST-JEAN;119;119;0;20;83.19327731092437;4.95
2025-09;TOULOUSE-MATABIAU;PARIS-AUSTERLITZ;43;43;0;6;86.04651162790698;6.166666666666667
2025-09;PARIS-AUSTERLITZ;CERBERE;4;4;0;0;100.0;0.0
2025-09;PARIS-AUSTERLITZ;NICE-VILLE;23;22;1;3;86.36363636363636;6.333333333333333
2025-09;PARIS-BERCY;CLERMONT-FERRAND;212;209;3;32;84.688995215311;5.53125
2025-09;CAHORS/BRIVE;PARIS-AUSTERLITZ;184;182;2;9;95.05494505494504;19.22222222222222
2025-09;PARIS-AUSTERLITZ;TOULOUSE-MATABIAU;26;26;0;2;92.3076923076923;12.0
2025-09;TOULOUSE-MATABIAU;PARIS-AUSTERLITZ;26;25;1;2;92.0;11.5
2025-09;ALBI/RODEZ;PARIS-AUSTERLITZ;26;25;1;2;92.0;11.5
2025-09;PARIS-AUSTERLITZ;LATOUR-DE-CAROL;23;23;0;4;82.6086956521739;4.75
2025-09;LATOUR-DE-CAROL;PARIS-AUSTERLITZ;24;24;0;3;87.5;7.0
2025-09;CERBERE;PARIS-AUSTERLITZ;4;4;0;0;100.0;0.0
2025-09;NICE-VILLE;PARIS-AUSTERLITZ;22;22;0;3;86.36363636363636;6.333333333333333
2025-09;CLERMONT-FERRAND;PARIS-BERCY;211;207;4;19;90.82125603864736;9.894736842105264
2025-09;CLERMONT-FERRAND;BÉZIERS;30;30;0;2;93.33333333333331;14.0
2025-09;NANTES;LYON;84;84;0;7;91.66666666666666;11.0
2025-09;PARIS-AUSTERLITZ;BRIVE/CAHORS;159;157;2;15;90.44585987261146;9.466666666666669
2025-09;NANCY;LYON;28;28;0;4;85.71428571428571;6.0
2025-09;PARIS-AUSTERLITZ;RODEZ/ALBI;26;25;1;1;96.0;24.0
2025-09;LYON;NANTES;84;84;0;12;85.71428571428571;6.0
2025-09;HENDAYE;TOULOUSE-MATABIAU;115;115;0;10;91.30434782608695;10.5
2025-09;LYON;NANCY;28;28;0;1;96.42857142857144;27.0
2025-09;PARIS-AUSTERLITZ;TARBES;18;18;0;1;94.44444444444444;17.0
2025-08;BÉZIERS;CLERMONT-FERRAND;31;31;0;2;93.5483870967742;14.5
2025-08;MARSEILLE-ST-CHARLES;BORDEAUX-ST-JEAN;174;174;0;77;55.74712643678161;1.2597402597402598
2025-08;PARIS-AUSTERLITZ;LATOUR-DE-CAROL;31;31;0;5;83.87096774193549;5.2
2025-08;PARIS-AUSTERLITZ;BRIANÇON;31;31;0;11;64.51612903225806;1.818181818181818
2025-08;NANTES;BORDEAUX-ST-JEAN;124;123;1;21;82.92682926829268;4.857142857142857
2025-08;TOULOUSE-MATABIAU;HENDAYE;124;124;0;15;87.90322580645162;7.266666666666667
2025-08;PARIS-AUSTERLITZ;TOULOUSE-MATABIAU;59;59;0;8;86.4406779661017;6.375
2025-08;PARIS-AUSTERLITZ;RODEZ/ALBI;31;31;0;3;90.32258064516128;9.333333333333334
2025-08;PARIS-AUSTERLITZ;TARBES;25;25;0;5;80.0;4.0
2025-08;BRIANÇON;PARIS-AUSTERLITZ;31;31;0;8;74.19354838709677;2.875
2025-08;LYON;NANTES;93;92;1;11;88.04347826086956;7.363636363636363
2025-08;NANTES;LYON;93;93;0;12;87.09677419354838;6.75
2025-08;BORDEAUX-ST-JEAN;NANTES;124;124;0;16;87.09677419354838;6.75
2025-08;BORDEAUX-ST-JEAN;MARSEILLE-ST-CHARLES;195;195;0;89;54.35897435897436;1.1910112359550562
2025-08;PARIS-AUSTERLITZ;BRIVE/CAHORS;162;162;0;26;83.9506172839506;5.230769230769231
2025-08;PARIS-AUSTERLITZ;TOULOUSE-MATABIAU;31;31;0;2;93.5483870967742;14.5
2025-08;ALBI/RODEZ;PARIS-AUSTERLITZ;31;30;1;3;90.0;9.0
2025-08;AURILLAC;PARIS-AUSTERLITZ;31;30;1;3;90.0;9.0
2025-08;PARIS-AUSTERLITZ;CERBERE;31;31;0;6;80.64516129032258;4.166666666666667
2025-08;CERBERE;PARIS-AUSTERLITZ;31;31;0;8;74.19354838709677;2.875
2025-08;PARIS-AUSTERLITZ;NICE-VILLE;31;31;0;4;87.09677419354838;6.75
2025-08;NICE-VILLE;PARIS-AUSTERLITZ;31;31;0;2;93.5483870967742;14.5
2025-08;CAHORS/BRIVE;PARIS-AUSTERLITZ;191;190;1;21;88.94736842105263;8.047619047619047
2025-08;TOULOUSE-MATABIAU;PARIS-AUSTERLITZ;31;31;0;3;90.32258064516128;9.333333333333334
2025-08;PARIS-AUSTERLITZ;AURILLAC;31;31;0;4;87.09677419354838;6.75
2025-08;CLERMONT-FERRAND;PARIS-BERCY;193;193;0;23;88.08290155440415;7.391304347826087
2025-08;PARIS-BERCY;CLERMONT-FERRAND;192;192;0;18;90.625;9.666666666666666
2025-08;CLERMONT-FERRAND;BÉZIERS;31;31;0;5;83.87096774193549;5.2
2025-08;HENDAYE;TOULOUSE-MATABIAU;124;123;1;14;88.6178861788618;7.785714285714286
2025-08;TOULOUSE-MATABIAU;PARIS-AUSTERLITZ;42;41;1;5;87.8048780487805;7.2
2025-08;NANCY;LYON;31;31;0;2;93.5483870967742;14.5
2025-08;LYON;NANCY;31;31;0;3;90.32258064516128;9.333333333333334
2025-08;TARBES;PARIS-AUSTERLITZ;25;25;0;2;92.0;11.5
2025-08;LATOUR-DE-CAROL;PARIS-AUSTERLITZ;31;31;0;3;90.32258064516128;9.333333333333334
2025-07;CLERMONT-FERRAND;BÉZIERS;31;31;0;1;96.7741935483871;30.0
2025-07;LYON;NANTES;93;92;1;17;81.52173913043478;4.411764705882353
2025-07;TOULOUSE-MATABIAU;HENDAYE;124;124;0;13;89.51612903225806;8.538461538461538
2025-07;PARIS-AUSTERLITZ;BRIVE/CAHORS;195;195;0;19;90.25641025641026;9.263157894736842
2025-07;LYON;NANCY;29;29;0;5;82.75862068965517;4.8
2025-07;PARIS-AUSTERLITZ;RODEZ/ALBI;31;31;0;0;100.0;0.0
2025-07;LATOUR-DE-CAROL;PARIS-AUSTERLITZ;31;30;1;3;90.0;9.0
2025-07;BÉZIERS;CLERMONT-FERRAND;31;31;0;0;100.0;0.0
2025-07;PARIS-AUSTERLITZ;AURILLAC;28;28;0;5;82.14285714285714;4.6
2025-07;PARIS-AUSTERLITZ;TARBES;23;23;0;3;86.95652173913044;6.666666666666667
2025-07;CERBERE;PARIS-AUSTERLITZ;28;28;0;10;64.28571428571429;1.8
2025-07;MARSEILLE-ST-CHARLES;BORDEAUX-ST-JEAN;204;194;10;74;61.855670103092784;1.6216216216216215
2025-07;CAHORS/BRIVE;PARIS-AUSTERLITZ;205;205;0;17;91.70731707317074;11.058823529411764
2025-07;AURILLAC;PARIS-AUSTERLITZ;28;28;0;2;92.85714285714286;13.0
2025-07;NANTES;LYON;93;93;0;15;83.87096774193549;5.2
2025-07;BORDEAUX-ST-JEAN;NANTES;124;123;1;14;88.6178861788618;7.785714285714286
2025-07;BORDEAUX-ST-JEAN;MARSEILLE-ST-CHARLES;227;220;7;82;62.727272727272734;1.6829268292682926
2025-07;NANCY;LYON;29;29;0;2;93.10344827586206;13.5
2025-07;ALBI/RODEZ;PARIS-AUSTERLITZ;31;31;0;2;93.5483870967742;14.5
2025-07;TARBES;PARIS-AUSTERLITZ;23;23;0;1;95.65217391304348;22.0
2025-07;BRIANÇON;PARIS-AUSTERLITZ;31;30;1;11;63.33333333333333;1.7272727272727273
2025-07;PARIS-AUSTERLITZ;NICE-VILLE;31;28;3;6;78.57142857142857;3.6666666666666665
2025-07;NICE-VILLE;PARIS-AUSTERLITZ;30;28;2;5;82.14285714285714;4.6
2025-07;CLERMONT-FERRAND;PARIS-BERCY;213;212;1;25;88.20754716981132;7.48
2025-07;PARIS-BERCY;CLERMONT-FERRAND;212;211;1;20;90.52132701421802;9.55
2025-07;NANTES;BORDEAUX-ST-JEAN;124;123;1;25;79.67479674796748;3.92
2025-07;HENDAYE;TOULOUSE-MATABIAU;124;122;2;14;88.52459016393442;7.714285714285714
2025-07;PARIS-AUSTERLITZ;TOULOUSE-MATABIAU;84;84;0;10;88.09523809523809;7.4
2025-07;TOULOUSE-MATABIAU;PARIS-AUSTERLITZ;84;83;1;5;93.97590361445783;15.6
2025-07;PARIS-AUSTERLITZ;TOULOUSE-MATABIAU;31;30;1;0;100.0;0.0
2025-07;TOULOUSE-MATABIAU;PARIS-AUSTERLITZ;31;30;1;3;90.0;9.0
2025-07;PARIS-AUSTERLITZ;LATOUR-DE-CAROL;31;30;1;4;86.66666666666667;6.5
2025-07;PARIS-AUSTERLITZ;CERBERE;28;28;0;9;67.85714285714286;2.111111111111111
2025-07;PARIS-AUSTERLITZ;BRIANÇON;31;31;0;14;54.83870967741935;1.2142857142857142
2025-06;CLERMONT-FERRAND;BÉZIERS;30;30;0;4;86.66666666666667;6.5
2025-06;MARSEILLE-ST-CHARLES;BORDEAUX-ST-JEAN;190;184;6;80;56.52173913043478;1.3
2025-06;ALBI/RODEZ;PARIS-AUSTERLITZ;14;14;0;2;85.71428571428571;6.0
2025-06;AURILLAC;PARIS-AUSTERLITZ;8;8;0;1;87.5;7.0
2025-06;LATOUR-DE-CAROL;PARIS-AUSTERLITZ;7;7;0;0;100.0;0.0
2025-06;CLERMONT-FERRAND;PARIS-BERCY;225;210;15;37;82.38095238095238;4.675675675675675
2025-06;BÉZIERS;CLERMONT-FERRAND;30;29;1;1;96.55172413793105;28.0
2025-06;TOULOUSE-MATABIAU;HENDAYE;120;120;0;15;87.5;7.0
2025-06;PARIS-AUSTERLITZ;BRIVE/CAHORS;193;193;0;29;84.97409326424871;5.655172413793103
2025-06;CAHORS/BRIVE;PARIS-AUSTERLITZ;202;201;1;19;90.54726368159204;9.578947368421051
2025-06;PARIS-AUSTERLITZ;TOULOUSE-MATABIAU;83;81;2;12;85.18518518518519;5.75
2025-06;PARIS-AUSTERLITZ;AURILLAC;7;6;1;0;100.0;0.0
2025-06;PARIS-AUSTERLITZ;LATOUR-DE-CAROL;8;8;0;2;75.0;3.0
2025-06;PARIS-AUSTERLITZ;BRIANÇON;29;29;0;12;58.620689655172406;1.4166666666666667
2025-06;PARIS-AUSTERLITZ;NICE-VILLE;30;30;0;14;53.333333333333336;1.1428571428571428
2025-06;LYON;NANTES;90;86;4;16;81.3953488372093;4.375
2025-06;BORDEAUX-ST-JEAN;MARSEILLE-ST-CHARLES;199;193;6;87;54.92227979274611;1.2183908045977012
2025-06;PARIS-AUSTERLITZ;TOULOUSE-MATABIAU;23;23;0;5;78.26086956521739;3.6
2025-06;BRIANÇON;PARIS-AUSTERLITZ;29;29;0;14;51.72413793103448;1.0714285714285714
2025-06;NICE-VILLE;PARIS-AUSTERLITZ;30;30;0;16;46.66666666666666;0.875
2025-06;PARIS-BERCY;CLERMONT-FERRAND;224;208;16;38;81.73076923076923;4.473684210526316
2025-06;NANTES;LYON;89;84;5;16;80.95238095238095;4.25
2025-06;BORDEAUX-ST-JEAN;NANTES;120;119;1;17;85.71428571428571;6.0
2025-06;NANTES;BORDEAUX-ST-JEAN;120;119;1;28;76.47058823529412;3.25
2025-06;NANCY;LYON;30;30;0;5;83.33333333333334;5.0
2025-06;PARIS-AUSTERLITZ;TARBES;19;19;0;3;84.21052631578947;5.333333333333333
2025-06;PARIS-AUSTERLITZ;CERBERE;9;8;1;1;87.5;7.0
2025-06;CERBERE;PARIS-AUSTERLITZ;8;8;0;3;62.5;1.6666666666666667
2025-06;HENDAYE;TOULOUSE-MATABIAU;120;120;0;23;80.83333333333333;4.217391304347826
2025-06;TOULOUSE-MATABIAU;PARIS-AUSTERLITZ;84;81;3;15;81.48148148148148;4.4
2025-06;LYON;NANCY;30;29;1;5;82.75862068965517;4.8
2025-06;TOULOUSE-MATABIAU;PARIS-AUSTERLITZ;23;23;0;2;91.30434782608695;10.5
2025-06;PARIS-AUSTERLITZ;RODEZ/ALBI;13;13;0;1;92.3076923076923;12.0
2025-06;TARBES;PARIS-AUSTERLITZ;19;19;0;1;94.73684210526316;18.0
2025-05;BÉZIERS;CLERMONT-FERRAND;31;31;0;2;93.5483870967742;14.5
2025-05;CLERMONT-FERRAND;BÉZIERS;31;31;0;1;96.7741935483871;30.0
2025-05;LYON;NANTES;77;77;0;9;88.31168831168831;7.555555555555555
2025-05;TOULOUSE-MATABIAU;PARIS-AUSTERLITZ;20;19;1;1;94.73684210526316;18.0
2025-05;PARIS-AUSTERLITZ;AURILLAC;10;10;0;2;80.0;4.0
2025-05;TARBES;PARIS-AUSTERLITZ;18;18;0;0;100.0;0.0
2025-05;CERBERE;PARIS-AUSTERLITZ;8;8;0;3;62.5;1.6666666666666667
2025-05;PARIS-AUSTERLITZ;BRIANÇON;26;26;0;9;65.38461538461539;1.8888888888888888
2025-05;PARIS-AUSTERLITZ;NICE-VILLE;30;30;0;8;73.33333333333333;2.75
2025-05;PARIS-BERCY;CLERMONT-FERRAND;221;221;0;23;89.59276018099548;8.608695652173912
2025-05;BORDEAUX-ST-JEAN;NANTES;124;124;0;11;91.12903225806453;10.272727272727272
2025-05;TOULOUSE-MATABIAU;HENDAYE;114;114;0;19;83.33333333333334;5.0
2025-05;BORDEAUX-ST-JEAN;MARSEILLE-ST-CHARLES;164;160;4;36;77.5;3.4444444444444446
2025-05;CAHORS/BRIVE;PARIS-AUSTERLITZ;159;159;0;16;89.937106918239;8.9375
2025-05;NANCY;LYON;26;26;0;2;92.3076923076923;12.0
2025-05;PARIS-AUSTERLITZ;TOULOUSE-MATABIAU;20;19;1;2;89.47368421052632;8.5
2025-05;NANTES;LYON;78;78;0;11;85.8974358974359;6.090909090909091
2025-05;MARSEILLE-ST-CHARLES;BORDEAUX-ST-JEAN;165;161;4;43;73.29192546583852;2.744186046511628
2025-05;PARIS-AUSTERLITZ;BRIVE/CAHORS;150;150;0;14;90.66666666666666;9.714285714285714
2025-05;TOULOUSE-MATABIAU;PARIS-AUSTERLITZ;71;70;1;15;78.57142857142857;3.6666666666666665
2025-05;ALBI/RODEZ;PARIS-AUSTERLITZ;24;24;0;5;79.16666666666666;3.8
2025-05;LATOUR-DE-CAROL;PARIS-AUSTERLITZ;6;6;0;0;100.0;0.0
2025-05;PARIS-AUSTERLITZ;CERBERE;8;8;0;1;87.5;7.0
2025-05;BRIANÇON;PARIS-AUSTERLITZ;26;26;0;8;69.23076923076923;2.25
2025-05;CLERMONT-FERRAND;PARIS-BERCY;221;220;1;21;90.45454545454544;9.476190476190476
2025-05;NANTES;BORDEAUX-ST-JEAN;123;122;1;20;83.60655737704919;5.1
2025-05;HENDAYE;TOULOUSE-MATABIAU;124;124;0;32;74.19354838709677;2.875
2025-05;PARIS-AUSTERLITZ;TOULOUSE-MATABIAU;74;74;0;11;85.13513513513513;5.727272727272728
2025-05;LYON;NANCY;26;26;0;4;84.61538461538461;5.5
2025-05;PARIS-AUSTERLITZ;RODEZ/ALBI;25;25;0;2;92.0;11.5
2025-05;AURILLAC;PARIS-AUSTERLITZ;10;10;0;1;90.0;9.0
2025-05;PARIS-AUSTERLITZ;TARBES;18;18;0;1;94.44444444444444;17.0
2025-05;PARIS-AUSTERLITZ;LATOUR-DE-CAROL;6;6;0;0;100.0;0.0
2025-05;NICE-VILLE;PARIS-AUSTERLITZ;30;30;0;9;70.0;2.333333333333333
2025-04;LYON;NANTES;82;82;0;12;85.36585365853658;5.833333333333333
2025-04;NANCY;LYON;30;30;0;0;100.0;0.0
2025-04;LYON;NANCY;30;30;0;1;96.66666666666669;29.0
2025-04;PARIS-AUSTERLITZ;TARBES;19;19;0;1;94.73684210526316;18.0
2025-04;PARIS-AUSTERLITZ;BRIANÇON;26;26;0;8;69.23076923076923;2.25
2025-04;NANTES;LYON;84;83;1;5;93.97590361445783;15.6
2025-04;TOULOUSE-MATABIAU;PARIS-AUSTERLITZ;22;22;0;2;90.9090909090909;10.0
2025-04;PARIS-AUSTERLITZ;AURILLAC;20;20;0;2;90.0;9.0
2025-04;PARIS-AUSTERLITZ;CERBERE;15;15;0;1;93.33333333333331;14.0
2025-04;CLERMONT-FERRAND;PARIS-BERCY;215;214;1;29;86.44859813084112;6.379310344827586
2025-04;BÉZIERS;CLERMONT-FERRAND;30;30;0;0;100.0;0.0
2025-04;CLERMONT-FERRAND;BÉZIERS;30;30;0;2;93.33333333333331;14.0
2025-04;BORDEAUX-ST-JEAN;MARSEILLE-ST-CHARLES;196;196;0;60;69.38775510204081;2.2666666666666666
2025-04;PARIS-AUSTERLITZ;BRIVE/CAHORS;180;180;0;21;88.33333333333333;7.571428571428571
2025-04;PARIS-AUSTERLITZ;TOULOUSE-MATABIAU;80;80;0;16;80.0;4.0
2025-04;TOULOUSE-MATABIAU;PARIS-AUSTERLITZ;79;78;1;10;87.17948717948718;6.8
2025-04;PARIS-AUSTERLITZ;RODEZ/ALBI;28;28;0;0;100.0;0.0
2025-04;TARBES;PARIS-AUSTERLITZ;19;19;0;1;94.73684210526316;18.0
2025-04;BRIANÇON;PARIS-AUSTERLITZ;26;26;0;9;65.38461538461539;1.8888888888888888
2025-04;PARIS-BERCY;CLERMONT-FERRAND;216;214;2;26;87.85046728971963;7.230769230769231
2025-04;BORDEAUX-ST-JEAN;NANTES;120;120;0;11;90.83333333333331;9.909090909090908
2025-04;HENDAYE;TOULOUSE-MATABIAU;120;119;1;6;94.9579831932773;18.83333333333333
2025-04;MARSEILLE-ST-CHARLES;BORDEAUX-ST-JEAN;189;187;2;48;74.33155080213903;2.895833333333333
2025-04;PARIS-AUSTERLITZ;TOULOUSE-MATABIAU;22;22;0;2;90.9090909090909;10.0
2025-04;ALBI/RODEZ;PARIS-AUSTERLITZ;28;28;0;8;71.42857142857143;2.5
2025-04;AURILLAC;PARIS-AUSTERLITZ;20;20;0;6;70.0;2.333333333333333
2025-04;NICE-VILLE;PARIS-AUSTERLITZ;28;28;0;10;64.28571428571429;1.8
2025-04;NANTES;BORDEAUX-ST-JEAN;120;119;1;18;84.87394957983193;5.611111111111111
2025-04;TOULOUSE-MATABIAU;HENDAYE;120;120;0;6;95.0;19.0
2025-04;CAHORS/BRIVE;PARIS-AUSTERLITZ;188;187;1;20;89.3048128342246;8.35
2025-04;PARIS-AUSTERLITZ;LATOUR-DE-CAROL;6;6;0;0;100.0;0.0
2025-04;LATOUR-DE-CAROL;PARIS-AUSTERLITZ;6;6;0;1;83.33333333333334;5.0
2025-04;CERBERE;PARIS-AUSTERLITZ;15;15;0;1;93.33333333333331;14.0
2025-04;PARIS-AUSTERLITZ;NICE-VILLE;28;28;0;6;78.57142857142857;3.6666666666666665
2025-03;CLERMONT-FERRAND;PARIS-BERCY;220;220;0;22;90.0;9.0
2025-03;PARIS-BERCY;CLERMONT-FERRAND;219;219;0;16;92.69406392694064;12.6875
2025-03;CLERMONT-FERRAND;BÉZIERS;31;31;0;1;96.7741935483871;30.0
2025-03;LYON;NANTES;93;92;1;10;89.13043478260869;8.2
2025-03;HENDAYE;TOULOUSE-MATABIAU;109;108;1;10;90.74074074074076;9.8
2025-03;PARIS-AUSTERLITZ;BRIVE/CAHORS;202;202;0;16;92.07920792079209;11.625
2025-03;PARIS-AUSTERLITZ;TOULOUSE-MATABIAU;88;88;0;9;89.77272727272727;8.777777777777779
2025-03;LYON;NANCY;30;30;0;3;90.0;9.0
2025-03;TOULOUSE-MATABIAU;PARIS-AUSTERLITZ;28;28;0;2;92.85714285714286;13.0
2025-03;LATOUR-DE-CAROL;PARIS-AUSTERLITZ;7;7;0;0;100.0;0.0
2025-03;BORDEAUX-ST-JEAN;NANTES;124;124;0;9;92.74193548387096;12.77777777777778
2025-03;TOULOUSE-MATABIAU;HENDAYE;119;119;0;9;92.43697478991596;12.22222222222222
2025-03;MARSEILLE-ST-CHARLES;BORDEAUX-ST-JEAN;198;194;4;47;75.77319587628865;3.127659574468085
2025-03;TOULOUSE-MATABIAU;PARIS-AUSTERLITZ;88;88;0;8;90.9090909090909;10.0
2025-03;PARIS-AUSTERLITZ;TARBES;21;21;0;3;85.71428571428571;6.0
2025-03;TARBES;PARIS-AUSTERLITZ;21;21;0;2;90.47619047619048;9.5
2025-03;PARIS-AUSTERLITZ;BRIANÇON;10;10;0;4;60.0;1.5
2025-03;CAHORS/BRIVE;PARIS-AUSTERLITZ;212;210;2;23;89.04761904761904;8.130434782608695
2025-03;PARIS-AUSTERLITZ;TOULOUSE-MATABIAU;28;28;0;3;89.28571428571429;8.333333333333334
2025-03;AURILLAC;PARIS-AUSTERLITZ;15;14;1;5;64.28571428571429;1.8
2025-03;PARIS-AUSTERLITZ;LATOUR-DE-CAROL;6;6;0;1;83.33333333333334;5.0
2025-03;NANTES;BORDEAUX-ST-JEAN;124;124;0;15;87.90322580645162;7.266666666666667
2025-03;PARIS-AUSTERLITZ;RODEZ/ALBI;28;28;0;4;85.71428571428571;6.0
2025-03;PARIS-AUSTERLITZ;AURILLAC;15;15;0;2;86.66666666666667;6.5
2025-03;BRIANÇON;PARIS-AUSTERLITZ;10;10;0;0;100.0;0.0
2025-03;BÉZIERS;CLERMONT-FERRAND;31;31;0;0;100.0;0.0
2025-03;NANTES;LYON;93;93;0;8;91.39784946236558;10.625
2025-03;BORDEAUX-ST-JEAN;MARSEILLE-ST-CHARLES;200;196;4;56;71.42857142857143;2.5
2025-03;NANCY;LYON;30;30;0;3;90.0;9.0
2025-03;ALBI/RODEZ;PARIS-AUSTERLITZ;28;28;0;10;64.28571428571429;1.8
2025-03;PARIS-AUSTERLITZ;CERBERE;8;8;0;0;100.0;0.0
2025-03;CERBERE;PARIS-AUSTERLITZ;8;8;0;2;75.0;3.0
2025-03;PARIS-AUSTERLITZ;NICE-VILLE;26;26;0;5;80.76923076923077;4.2
2025-03;NICE-VILLE;PARIS-AUSTERLITZ;26;26;0;4;84.61538461538461;5.5
2025-02;CLERMONT-FERRAND;PARIS-BERCY;202;202;0;13;93.56435643564356;14.538461538461538
2025-02;PARIS-BERCY;CLERMONT-FERRAND;202;202;0;10;95.04950495049503;19.2
2025-02;NANTES;LYON;84;84;0;7;91.66666666666666;11.0
2025-02;BORDEAUX-ST-JEAN;NANTES;112;109;3;11;89.90825688073394;8.909090909090908
2025-02;NANTES;BORDEAUX-ST-JEAN;112;112;0;15;86.60714285714286;6.466666666666667
2025-02;CAHORS/BRIVE;PARIS-AUSTERLITZ;154;153;1;22;85.62091503267973;5.954545454545454
2025-02;TOULOUSE-MATABIAU;PARIS-AUSTERLITZ;79;78;1;7;91.02564102564102;10.142857142857142
2025-02;AURILLAC;PARIS-AUSTERLITZ;18;18;0;8;55.55555555555556;1.25
2025-02;TARBES;PARIS-AUSTERLITZ;7;7;0;2;71.42857142857143;2.5
2025-02;PARIS-AUSTERLITZ;LATOUR-DE-CAROL;8;8;0;1;87.5;7.0
2025-02;PARIS-AUSTERLITZ;BRIANÇON;22;22;0;10;54.54545454545454;1.2
2025-02;PARIS-AUSTERLITZ;NICE-VILLE;26;26;0;7;73.07692307692307;2.7142857142857144
2025-02;NICE-VILLE;PARIS-AUSTERLITZ;26;26;0;7;73.07692307692307;2.7142857142857144
2025-02;HENDAYE;TOULOUSE-MATABIAU;107;107;0;9;91.58878504672896;10.88888888888889
2025-02;BORDEAUX-ST-JEAN;MARSEILLE-ST-CHARLES;146;146;0;30;79.45205479452055;3.866666666666666
2025-02;PARIS-AUSTERLITZ;TOULOUSE-MATABIAU;28;28;0;4;85.71428571428571;6.0
2025-02;PARIS-AUSTERLITZ;TARBES;8;8;0;2;75.0;3.0
2025-02;CLERMONT-FERRAND;BÉZIERS;28;28;0;2;92.85714285714286;13.0
2025-02;LYON;NANTES;83;81;2;11;86.41975308641975;6.363636363636363
2025-02;TOULOUSE-MATABIAU;HENDAYE;102;102;0;5;95.09803921568628;19.4
2025-02;MARSEILLE-ST-CHARLES;BORDEAUX-ST-JEAN;144;143;1;50;65.03496503496503;1.86
2025-02;PARIS-AUSTERLITZ;BRIVE/CAHORS;148;148;0;21;85.8108108108108;6.047619047619048
2025-02;NANCY;LYON;28;28;0;2;92.85714285714286;13.0
2025-02;LYON;NANCY;28;28;0;4;85.71428571428571;6.0
2025-02;CERBERE;PARIS-AUSTERLITZ;18;18;0;6;66.66666666666666;2.0
2025-02;BÉZIERS;CLERMONT-FERRAND;28;28;0;1;96.42857142857144;27.0
2025-02;PARIS-AUSTERLITZ;TOULOUSE-MATABIAU;79;79;0;13;83.54430379746836;5.076923076923077
2025-02;PARIS-AUSTERLITZ;AURILLAC;18;18;0;2;88.88888888888889;8.0
2025-02;TOULOUSE-MATABIAU;PARIS-AUSTERLITZ;28;28;0;4;85.71428571428571;6.0
2025-02;PARIS-AUSTERLITZ;RODEZ/ALBI;28;28;0;1;96.42857142857144;27.0
2025-02;ALBI/RODEZ;PARIS-AUSTERLITZ;28;28;0;11;60.71428571428571;1.5454545454545454
2025-02;LATOUR-DE-CAROL;PARIS-AUSTERLITZ;8;8;0;2;75.0;3.0
2025-02;PARIS-AUSTERLITZ;CERBERE;18;18;0;4;77.77777777777779;3.5
2025-02;BRIANÇON;PARIS-AUSTERLITZ;22;22;0;3;86.36363636363636;6.333333333333333
2025-01;CLERMONT-FERRAND;PARIS-BERCY;218;214;4;25;88.3177570093458;7.56
2025-01;CLERMONT-FERRAND;BÉZIERS;31;31;0;0;100.0;0.0
2025-01;PARIS-AUSTERLITZ;BRIVE/CAHORS;168;168;0;30;82.14285714285714;4.6
2025-01;PARIS-AUSTERLITZ;TOULOUSE-MATABIAU;86;86;0;13;84.88372093023256;5.615384615384615
2025-01;PARIS-AUSTERLITZ;AURILLAC;12;11;1;1;90.9090909090909;10.0
2025-01;BRIANÇON;PARIS-AUSTERLITZ;26;26;0;5;80.76923076923077;4.2
2025-01;NICE-VILLE;PARIS-AUSTERLITZ;30;29;1;1;96.55172413793105;28.0
2025-01;LYON;NANTES;89;88;1;11;87.5;7.0
2025-01;BORDEAUX-ST-JEAN;NANTES;120;118;2;8;93.22033898305084;13.75
2025-01;MARSEILLE-ST-CHARLES;BORDEAUX-ST-JEAN;175;170;5;41;75.88235294117646;3.1463414634146343
2025-01;CAHORS/BRIVE;PARIS-AUSTERLITZ;169;168;1;25;85.11904761904762;5.72
2025-01;LYON;NANCY;31;31;0;5;83.87096774193549;5.2
2025-01;TOULOUSE-MATABIAU;PARIS-AUSTERLITZ;31;30;1;2;93.33333333333331;14.0
2025-01;PARIS-AUSTERLITZ;RODEZ/ALBI;31;30;1;1;96.66666666666669;29.0
2025-01;ALBI/RODEZ;PARIS-AUSTERLITZ;31;30;1;8;73.33333333333333;2.75
2025-01;AURILLAC;PARIS-AUSTERLITZ;12;11;1;3;72.72727272727273;2.6666666666666665
2025-01;PARIS-AUSTERLITZ;TARBES;15;15;0;5;66.66666666666666;2.0
2025-01;TARBES;PARIS-AUSTERLITZ;16;16;0;1;93.75;15.0
2025-01;PARIS-BERCY;CLERMONT-FERRAND;219;214;5;28;86.91588785046729;6.642857142857143
2025-01;BÉZIERS;CLERMONT-FERRAND;31;31;0;3;90.32258064516128;9.333333333333334
2025-01;NANTES;LYON;90;87;3;6;93.10344827586206;13.5
2025-01;BORDEAUX-ST-JEAN;MARSEILLE-ST-CHARLES;173;169;4;55;67.45562130177515;2.0727272727272728
2025-01;TOULOUSE-MATABIAU;PARIS-AUSTERLITZ;86;86;0;16;81.3953488372093;4.375
2025-01;NANCY;LYON;31;31;0;2;93.5483870967742;14.5
2025-01;NANTES;BORDEAUX-ST-JEAN;121;120;1;16;86.66666666666667;6.5
2025-01;TOULOUSE-MATABIAU;HENDAYE;124;123;1;14;88.6178861788618;7.785714285714286
2025-01;CERBERE;PARIS-AUSTERLITZ;12;12;0;0;100.0;0.0
2025-01;HENDAYE;TOULOUSE-MATABIAU;122;122;0;19;84.42622950819673;5.421052631578948
2025-01;PARIS-AUSTERLITZ;TOULOUSE-MATABIAU;31;30;1;4;86.66666666666667;6.5
2025-01;PARIS-AUSTERLITZ;LATOUR-DE-CAROL;9;8;1;1;87.5;7.0
2025-01;LATOUR-DE-CAROL;PARIS-AUSTERLITZ;8;7;1;1;85.71428571428571;6.0
2025-01;PARIS-AUSTERLITZ;CERBERE;12;12;0;0;100.0;0.0
2025-01;PARIS-AUSTERLITZ;BRIANÇON;26;26;0;5;80.76923076923077;4.2
2025-01;PARIS-AUSTERLITZ;NICE-VILLE;30;29;1;9;68.96551724137932;2.2222222222222223
2024-12;CAHORS/BRIVE;PARIS-AUSTERLITZ;207;206;1;25;87.86407766990291;7.24
2024-12;NANCY;LYON;17;17;0;1;94.11764705882352;16.0
2024-12;PARIS-AUSTERLITZ;AURILLAC;12;12;0;4;66.66666666666666;2.0
2024-12;PARIS-AUSTERLITZ;TARBES;18;18;0;3;83.33333333333334;5.0
2024-12;PARIS-AUSTERLITZ;CERBERE;15;15;0;0;100.0;0.0
2024-12;CLERMONT-FERRAND;BÉZIERS;29;29;0;1;96.55172413793105;28.0
2024-12;LYON;NANTES;90;90;0;22;75.55555555555556;3.090909090909091
2024-12;NANTES;LYON;91;90;1;15;83.33333333333334;5.0
2024-12;BORDEAUX-ST-JEAN;NANTES;116;116;0;8;93.10344827586206;13.5
2024-12;NANTES;BORDEAUX-ST-JEAN;116;115;1;16;86.08695652173914;6.1875
2024-12;TOULOUSE-MATABIAU;HENDAYE;81;81;0;10;87.65432098765432;7.1
2024-12;MARSEILLE-ST-CHARLES;BORDEAUX-ST-JEAN;227;225;2;44;80.44444444444444;4.113636363636363
2024-12;PARIS-AUSTERLITZ;TOULOUSE-MATABIAU;82;82;0;10;87.8048780487805;7.2
2024-12;LYON;NANCY;17;17;0;2;88.23529411764706;7.5
2024-12;ALBI/RODEZ;PARIS-AUSTERLITZ;17;17;0;6;64.70588235294117;1.8333333333333333
2024-12;BRIANÇON;PARIS-AUSTERLITZ;24;24;0;3;87.5;7.0
2024-12;CLERMONT-FERRAND;PARIS-BERCY;235;233;2;25;89.27038626609442;8.32
2024-12;BÉZIERS;CLERMONT-FERRAND;30;29;1;0;100.0;0.0
2024-12;HENDAYE;TOULOUSE-MATABIAU;78;78;0;9;88.46153846153845;7.666666666666667
2024-12;PARIS-AUSTERLITZ;BRIVE/CAHORS;201;201;0;27;86.56716417910447;6.444444444444445
2024-12;TOULOUSE-MATABIAU;PARIS-AUSTERLITZ;83;83;0;18;78.3132530120482;3.611111111111111
2024-12;PARIS-AUSTERLITZ;NICE-VILLE;29;29;0;2;93.10344827586206;13.5
2024-12;PARIS-BERCY;CLERMONT-FERRAND;234;234;0;23;90.17094017094016;9.173913043478262
2024-12;BORDEAUX-ST-JEAN;MARSEILLE-ST-CHARLES;229;227;2;50;77.97356828193833;3.54
2024-12;TOULOUSE-MATABIAU;PARIS-AUSTERLITZ;27;27;0;0;100.0;0.0
2024-12;PARIS-AUSTERLITZ;RODEZ/ALBI;19;18;1;0;100.0;0.0
2024-12;TARBES;PARIS-AUSTERLITZ;18;18;0;0;100.0;0.0
2024-12;PARIS-AUSTERLITZ;LATOUR-DE-CAROL;16;16;0;4;75.0;3.0
2024-12;LATOUR-DE-CAROL;PARIS-AUSTERLITZ;17;17;0;0;100.0;0.0
2024-12;PARIS-AUSTERLITZ;BRIANÇON;24;24;0;9;62.5;1.6666666666666667
2024-12;PARIS-AUSTERLITZ;TOULOUSE-MATABIAU;27;27;0;2;92.5925925925926;12.5
2024-12;AURILLAC;PARIS-AUSTERLITZ;12;12;0;3;75.0;3.0
2024-12;CERBERE;PARIS-AUSTERLITZ;15;15;0;0;100.0;0.0
2024-12;NICE-VILLE;PARIS-AUSTERLITZ;29;28;1;4;85.71428571428571;6.0
2024-11;BÉZIERS;CLERMONT-FERRAND;29;29;0;1;96.55172413793105;28.0
2024-11;CLERMONT-FERRAND;BÉZIERS;29;29;0;2;93.10344827586206;13.5
2024-11;PARIS-AUSTERLITZ;RODEZ/ALBI;16;15;1;2;86.66666666666667;6.5
2024-11;AURILLAC;PARIS-AUSTERLITZ;8;8;0;2;75.0;3.0
2024-11;LATOUR-DE-CAROL;PARIS-AUSTERLITZ;24;24;0;4;83.33333333333334;5.0
2024-11;PARIS-AUSTERLITZ;CERBERE;7;7;0;1;85.71428571428571;6.0
2024-11;BRIANÇON;PARIS-AUSTERLITZ;5;5;0;1;80.0;4.0
2024-11;PARIS-AUSTERLITZ;BRIVE/CAHORS;186;182;4;16;91.2087912087912;10.375
2024-11;TOULOUSE-MATABIAU;PARIS-AUSTERLITZ;24;24;0;4;83.33333333333334;5.0
2024-11;ALBI/RODEZ;PARIS-AUSTERLITZ;15;15;0;2;86.66666666666667;6.5
2024-11;CERBERE;PARIS-AUSTERLITZ;7;7;0;2;71.42857142857143;2.5
2024-11;NANTES;LYON;80;80;0;13;83.75;5.153846153846154
2024-11;PARIS-AUSTERLITZ;TARBES;19;19;0;6;68.42105263157895;2.1666666666666665
2024-11;TARBES;PARIS-AUSTERLITZ;19;18;1;3;83.33333333333334;5.0
2024-11;PARIS-AUSTERLITZ;NICE-VILLE;23;23;0;6;73.91304347826086;2.833333333333333
2024-11;CLERMONT-FERRAND;PARIS-BERCY;211;210;1;17;91.9047619047619;11.352941176470589
2024-11;PARIS-BERCY;CLERMONT-FERRAND;213;213;0;24;88.73239436619718;7.875
2024-11;LYON;NANTES;79;78;1;18;76.92307692307693;3.333333333333333
2024-11;HENDAYE;TOULOUSE-MATABIAU;73;71;2;37;47.88732394366197;0.918918918918919
2024-11;TOULOUSE-MATABIAU;HENDAYE;82;81;1;9;88.88888888888889;8.0
2024-11;PARIS-AUSTERLITZ;LATOUR-DE-CAROL;24;24;0;5;79.16666666666666;3.8
2024-11;BORDEAUX-ST-JEAN;NANTES;117;114;3;23;79.82456140350878;3.9565217391304346
2024-11;NANTES;BORDEAUX-ST-JEAN;119;115;4;27;76.52173913043478;3.259259259259259
2024-11;BORDEAUX-ST-JEAN;MARSEILLE-ST-CHARLES;170;170;0;73;57.05882352941176;1.3287671232876712
2024-11;MARSEILLE-ST-CHARLES;BORDEAUX-ST-JEAN;171;169;2;53;68.63905325443787;2.188679245283019
2024-11;CAHORS/BRIVE;PARIS-AUSTERLITZ;183;180;3;22;87.77777777777777;7.181818181818182
2024-11;PARIS-AUSTERLITZ;TOULOUSE-MATABIAU;78;78;0;19;75.64102564102564;3.1052631578947367
2024-11;TOULOUSE-MATABIAU;PARIS-AUSTERLITZ;76;75;1;18;76.0;3.1666666666666665
2024-11;PARIS-AUSTERLITZ;TOULOUSE-MATABIAU;24;24;0;3;87.5;7.0
2024-11;PARIS-AUSTERLITZ;AURILLAC;8;8;0;1;87.5;7.0
2024-11;PARIS-AUSTERLITZ;BRIANÇON;6;6;0;2;66.66666666666666;2.0
2024-11;NICE-VILLE;PARIS-AUSTERLITZ;23;23;0;5;78.26086956521739;3.6
2024-10;PARIS-BERCY;CLERMONT-FERRAND;226;226;0;15;93.36283185840708;14.066666666666666
2024-10;NANTES;LYON;93;93;0;10;89.24731182795699;8.3
2024-10;HENDAYE;TOULOUSE-MATABIAU;120;119;1;21;82.35294117647058;4.666666666666667
2024-10;MARSEILLE-ST-CHARLES;BORDEAUX-ST-JEAN;235;230;5;71;69.1304347826087;2.23943661971831
2024-10;PARIS-AUSTERLITZ;RODEZ/ALBI;27;26;1;2;92.3076923076923;12.0
2024-10;ALBI/RODEZ;PARIS-AUSTERLITZ;27;26;1;4;84.61538461538461;5.5
2024-10;PARIS-AUSTERLITZ;BRIANÇON;3;3;0;1;66.66666666666666;2.0
2024-10;BORDEAUX-ST-JEAN;NANTES;124;123;1;17;86.1788617886179;6.235294117647059
2024-10;TOULOUSE-MATABIAU;HENDAYE;110;109;1;17;84.40366972477065;5.411764705882353
2024-10;BORDEAUX-ST-JEAN;MARSEILLE-ST-CHARLES;235;230;5;80;65.21739130434783;1.875
2024-10;PARIS-AUSTERLITZ;TOULOUSE-MATABIAU;28;27;1;0;100.0;0.0
2024-10;TOULOUSE-MATABIAU;PARIS-AUSTERLITZ;28;27;1;1;96.29629629629628;26.0
2024-10;PARIS-AUSTERLITZ;LATOUR-DE-CAROL;23;22;1;4;81.81818181818183;4.5
2024-10;BÉZIERS;CLERMONT-FERRAND;60;58;2;1;98.27586206896552;57.0
2024-10;PARIS-AUSTERLITZ;TOULOUSE-MATABIAU;84;83;1;9;89.1566265060241;8.222222222222221
2024-10;PARIS-AUSTERLITZ;AURILLAC;17;17;0;6;64.70588235294117;1.8333333333333333
2024-10;AURILLAC;PARIS-AUSTERLITZ;17;17;0;2;88.23529411764706;7.5
2024-10;CLERMONT-FERRAND;PARIS-BERCY;225;225;0;29;87.1111111111111;6.758620689655173
2024-10;LYON;NANTES;93;93;0;22;76.34408602150538;3.227272727272727
2024-10;NANTES;BORDEAUX-ST-JEAN;124;122;2;18;85.24590163934425;5.777777777777778
2024-10;PARIS-AUSTERLITZ;BRIVE/CAHORS;192;188;4;15;92.02127659574468;11.533333333333331
2024-10;CAHORS/BRIVE;PARIS-AUSTERLITZ;194;191;3;21;89.00523560209425;8.095238095238095
2024-10;PARIS-AUSTERLITZ;TARBES;22;22;0;5;77.27272727272727;3.4
2024-10;LATOUR-DE-CAROL;PARIS-AUSTERLITZ;23;22;1;1;95.45454545454544;21.0
2024-10;BRIANÇON;PARIS-AUSTERLITZ;3;3;0;3;0.0;0.0
2024-10;NICE-VILLE;PARIS-AUSTERLITZ;23;22;1;7;68.18181818181817;2.142857142857143
2024-10;CLERMONT-FERRAND;BÉZIERS;60;57;3;2;96.49122807017544;27.5
2024-10;TOULOUSE-MATABIAU;PARIS-AUSTERLITZ;84;82;2;7;91.46341463414636;10.714285714285714
2024-10;TARBES;PARIS-AUSTERLITZ;22;22;0;1;95.45454545454544;21.0
2024-10;PARIS-AUSTERLITZ;CERBERE;11;11;0;2;81.81818181818183;4.5
2024-10;CERBERE;PARIS-AUSTERLITZ;11;10;1;3;70.0;2.333333333333333
2024-10;PARIS-AUSTERLITZ;NICE-VILLE;23;22;1;3;86.36363636363636;6.333333333333333
2024-09;MARSEILLE-ST-CHARLES;BORDEAUX-ST-JEAN;226;223;3;67;69.95515695067265;2.328358208955224
2024-09;CAHORS/BRIVE;PARIS-AUSTERLITZ;207;206;1;9;95.63106796116504;21.88888888888889
2024-09;TARBES;PARIS-AUSTERLITZ;20;20;0;0;100.0;0.0
2024-09;PARIS-AUSTERLITZ;NICE-VILLE;24;24;0;12;50.0;1.0
2024-09;NICE-VILLE;PARIS-AUSTERLITZ;24;24;0;9;62.5;1.6666666666666667
2024-09;BÉZIERS;CLERMONT-FERRAND;58;57;1;1;98.24561403508773;56.0
2024-09;LYON;NANTES;90;89;1;14;84.26966292134831;5.357142857142857
2024-09;NANTES;LYON;90;90;0;9;90.0;9.0
2024-09;PARIS-AUSTERLITZ;TOULOUSE-MATABIAU;29;29;0;1;96.55172413793105;28.0
2024-09;TOULOUSE-MATABIAU;PARIS-AUSTERLITZ;29;29;0;2;93.10344827586206;13.5
2024-09;PARIS-AUSTERLITZ;LATOUR-DE-CAROL;28;28;0;4;85.71428571428571;6.0
2024-09;PARIS-AUSTERLITZ;CERBERE;7;7;0;0;100.0;0.0
2024-09;NANTES;BORDEAUX-ST-JEAN;120;120;0;26;78.33333333333333;3.615384615384616
2024-09;TOULOUSE-MATABIAU;HENDAYE;120;118;2;19;83.89830508474576;5.2105263157894735
2024-09;PARIS-AUSTERLITZ;BRIVE/CAHORS;198;197;1;7;96.4467005076142;27.142857142857142
2024-09;PARIS-AUSTERLITZ;TOULOUSE-MATABIAU;85;85;0;10;88.23529411764706;7.5
2024-09;TOULOUSE-MATABIAU;PARIS-AUSTERLITZ;85;85;0;12;85.88235294117646;6.083333333333333
2024-09;AURILLAC;PARIS-AUSTERLITZ;9;9;0;1;88.88888888888889;8.0
2024-09;BRIANÇON;PARIS-AUSTERLITZ;14;14;0;6;57.14285714285714;1.3333333333333333
2024-09;CLERMONT-FERRAND;PARIS-BERCY;226;226;0;14;93.80530973451329;15.142857142857142
2024-09;PARIS-BERCY;CLERMONT-FERRAND;225;225;0;12;94.66666666666669;17.75
2024-09;CLERMONT-FERRAND;BÉZIERS;59;59;0;3;94.91525423728814;18.666666666666668
2024-09;BORDEAUX-ST-JEAN;MARSEILLE-ST-CHARLES;227;226;1;75;66.8141592920354;2.013333333333333
2024-09;PARIS-AUSTERLITZ;RODEZ/ALBI;29;28;1;0;100.0;0.0
2024-09;PARIS-AUSTERLITZ;AURILLAC;9;9;0;0;100.0;0.0
2024-09;LATOUR-DE-CAROL;PARIS-AUSTERLITZ;28;28;0;2;92.85714285714286;13.0
2024-09;BORDEAUX-ST-JEAN;NANTES;120;120;0;9;92.5;12.333333333333334
2024-09;HENDAYE;TOULOUSE-MATABIAU;120;117;3;10;91.45299145299144;10.7
2024-09;ALBI/RODEZ;PARIS-AUSTERLITZ;29;28;1;1;96.42857142857144;27.0
2024-09;PARIS-AUSTERLITZ;TARBES;20;20;0;1;95.0;19.0
2024-09;CERBERE;PARIS-AUSTERLITZ;7;7;0;2;71.42857142857143;2.5
2024-09;PARIS-AUSTERLITZ;BRIANÇON;13;13;0;7;46.15384615384615;0.8571428571428571
2024-08;BÉZIERS;CLERMONT-FERRAND;62;62;0;3;95.16129032258064;19.666666666666668
2024-08;LYON;NANTES;93;93;0;13;86.02150537634408;6.153846153846154
2024-08;TOULOUSE-MATABIAU;HENDAYE;124;124;0;15;87.90322580645162;7.266666666666667
2024-08;MARSEILLE-ST-CHARLES;BORDEAUX-ST-JEAN;212;208;4;80;61.53846153846154;1.6
2024-08;PARIS-AUSTERLITZ;TOULOUSE-MATABIAU;89;89;0;10;88.76404494382022;7.9
2024-08;TOULOUSE-MATABIAU;PARIS-AUSTERLITZ;89;89;0;10;88.76404494382022;7.9
2024-08;PARIS-AUSTERLITZ;TOULOUSE-MATABIAU;31;31;0;0;100.0;0.0
2024-08;BRIANÇON;PARIS-AUSTERLITZ;30;30;0;13;56.66666666666666;1.3076923076923077
2024-08;ALBI/RODEZ;PARIS-AUSTERLITZ;31;31;0;3;90.32258064516128;9.333333333333334
2024-08;PARIS-AUSTERLITZ;TARBES;27;27;0;4;85.18518518518519;5.75
2024-08;TARBES;PARIS-AUSTERLITZ;27;27;0;1;96.29629629629628;26.0
2024-08;CLERMONT-FERRAND;BÉZIERS;62;62;0;1;98.38709677419357;61.0
2024-08;NANTES;LYON;93;92;1;10;89.13043478260869;8.2
2024-08;BORDEAUX-ST-JEAN;NANTES;124;124;0;13;89.51612903225806;8.538461538461538
2024-08;NANTES;BORDEAUX-ST-JEAN;124;122;2;20;83.60655737704919;5.1
2024-08;CAHORS/BRIVE;PARIS-AUSTERLITZ;218;216;2;15;93.05555555555556;13.4
2024-08;LATOUR-DE-CAROL;PARIS-AUSTERLITZ;31;30;1;2;93.33333333333331;14.0
2024-08;PARIS-AUSTERLITZ;NICE-VILLE;31;31;0;5;83.87096774193549;5.2
2024-08;NICE-VILLE;PARIS-AUSTERLITZ;31;31;0;13;58.06451612903226;1.3846153846153846
2024-08;CLERMONT-FERRAND;PARIS-BERCY;210;209;1;20;90.43062200956938;9.45
2024-08;HENDAYE;TOULOUSE-MATABIAU;124;124;0;10;91.93548387096774;11.4
2024-08;TOULOUSE-MATABIAU;PARIS-AUSTERLITZ;31;30;1;2;93.33333333333331;14.0
2024-08;PARIS-AUSTERLITZ;AURILLAC;31;31;0;0;100.0;0.0
2024-08;AURILLAC;PARIS-AUSTERLITZ;31;31;0;3;90.32258064516128;9.333333333333334
2024-08;PARIS-AUSTERLITZ;LATOUR-DE-CAROL;31;31;0;4;87.09677419354838;6.75
2024-08;PARIS-BERCY;CLERMONT-FERRAND;211;211;0;13;93.8388625592417;15.23076923076923
2024-08;BORDEAUX-ST-JEAN;MARSEILLE-ST-CHARLES;211;208;3;90;56.730769230769226;1.3111111111111111
2024-08;PARIS-AUSTERLITZ;BRIVE/CAHORS;209;209;0;13;93.77990430622008;15.076923076923077
2024-08;PARIS-AUSTERLITZ;RODEZ/ALBI;31;31;0;1;96.7741935483871;30.0
2024-08;PARIS-AUSTERLITZ;CERBERE;31;31;0;5;83.87096774193549;5.2
2024-08;CERBERE;PARIS-AUSTERLITZ;31;31;0;6;80.64516129032258;4.166666666666667
2024-08;PARIS-AUSTERLITZ;BRIANÇON;30;30;0;4;86.66666666666667;6.5
2024-07;ALBI/RODEZ;PARIS-AUSTERLITZ;26;26;0;3;88.46153846153845;7.666666666666667
2024-07;AURILLAC;PARIS-AUSTERLITZ;27;27;0;4;85.18518518518519;5.75
2024-07;PARIS-AUSTERLITZ;TARBES;26;26;0;2;92.3076923076923;12.0
2024-07;LATOUR-DE-CAROL;PARIS-AUSTERLITZ;31;29;2;0;100.0;0.0
2024-07;CERBERE;PARIS-AUSTERLITZ;27;25;2;4;84.0;5.25
2024-07;PARIS-AUSTERLITZ;BRIANÇON;31;31;0;15;51.61290322580645;1.0666666666666669
2024-07;CLERMONT-FERRAND;PARIS-BERCY;218;213;5;35;83.56807511737088;5.085714285714285
2024-07;BÉZIERS;CLERMONT-FERRAND;62;62;0;2;96.7741935483871;30.0
2024-07;CLERMONT-FERRAND;BÉZIERS;62;62;0;5;91.93548387096774;11.4
2024-07;LYON;NANTES;93;92;1;27;70.65217391304348;2.4074074074074074
2024-07;NANTES;BORDEAUX-ST-JEAN;124;123;1;21;82.92682926829268;4.857142857142857
2024-07;HENDAYE;TOULOUSE-MATABIAU;124;123;1;17;86.1788617886179;6.235294117647059
2024-07;TOULOUSE-MATABIAU;HENDAYE;124;124;0;11;91.12903225806453;10.272727272727272
2024-07;CAHORS/BRIVE;PARIS-AUSTERLITZ;219;217;2;14;93.5483870967742;14.5
2024-07;PARIS-AUSTERLITZ;TOULOUSE-MATABIAU;89;89;0;7;92.13483146067416;11.714285714285714
2024-07;PARIS-AUSTERLITZ;CERBERE;27;27;0;3;88.88888888888889;8.0
2024-07;PARIS-BERCY;CLERMONT-FERRAND;218;216;2;32;85.18518518518519;5.75
2024-07;BORDEAUX-ST-JEAN;MARSEILLE-ST-CHARLES;193;191;2;82;57.06806282722513;1.329268292682927
2024-07;TARBES;PARIS-AUSTERLITZ;26;26;0;0;100.0;0.0
2024-07;NANTES;LYON;93;93;0;17;81.72043010752688;4.470588235294118
2024-07;BORDEAUX-ST-JEAN;NANTES;124;121;3;13;89.25619834710744;8.307692307692308
2024-07;MARSEILLE-ST-CHARLES;BORDEAUX-ST-JEAN;195;190;5;71;62.63157894736842;1.676056338028169
2024-07;PARIS-AUSTERLITZ;BRIVE/CAHORS;214;213;1;16;92.48826291079811;12.3125
2024-07;TOULOUSE-MATABIAU;PARIS-AUSTERLITZ;89;89;0;12;86.51685393258427;6.416666666666667
2024-07;PARIS-AUSTERLITZ;AURILLAC;27;27;0;1;96.29629629629628;26.0
2024-07;PARIS-AUSTERLITZ;LATOUR-DE-CAROL;31;29;2;5;82.75862068965517;4.8
2024-07;PARIS-AUSTERLITZ;TOULOUSE-MATABIAU;31;31;0;4;87.09677419354838;6.75
2024-07;TOULOUSE-MATABIAU;PARIS-AUSTERLITZ;31;31;0;0;100.0;0.0
2024-07;PARIS-AUSTERLITZ;RODEZ/ALBI;27;27;0;1;96.29629629629628;26.0
2024-07;BRIANÇON;PARIS-AUSTERLITZ;31;31;0;13;58.06451612903226;1.3846153846153846
2024-07;PARIS-AUSTERLITZ;NICE-VILLE;31;31;0;6;80.64516129032258;4.166666666666667
2024-07;NICE-VILLE;PARIS-AUSTERLITZ;31;31;0;14;54.83870967741935;1.2142857142857142
2024-06;PARIS-BERCY;CLERMONT-FERRAND;220;218;2;17;92.20183486238533;11.823529411764708
2024-06;MARSEILLE-ST-CHARLES;BORDEAUX-ST-JEAN;191;190;1;50;73.68421052631578;2.8
2024-06;PARIS-AUSTERLITZ;BRIVE/CAHORS;200;200;0;15;92.5;12.333333333333334
2024-06;LATOUR-DE-CAROL;PARIS-AUSTERLITZ;30;30;0;0;100.0;0.0
2024-06;BORDEAUX-ST-JEAN;NANTES;120;118;2;16;86.4406779661017;6.375
2024-06;TOULOUSE-MATABIAU;HENDAYE;110;110;0;3;97.27272727272728;35.666666666666664
2024-06;PARIS-AUSTERLITZ;RODEZ/ALBI;0;0;0;0;0.0;0.0
2024-06;AURILLAC;PARIS-AUSTERLITZ;9;9;0;0;100.0;0.0
2024-06;PARIS-AUSTERLITZ;TARBES;20;20;0;3;85.0;5.666666666666667
2024-06;NANTES;BORDEAUX-ST-JEAN;120;120;0;25;79.16666666666666;3.8
2024-06;PARIS-AUSTERLITZ;TOULOUSE-MATABIAU;85;85;0;5;94.11764705882352;16.0
2024-06;TOULOUSE-MATABIAU;PARIS-AUSTERLITZ;85;85;0;8;90.58823529411764;9.625
2024-06;TARBES;PARIS-AUSTERLITZ;20;20;0;1;95.0;19.0
2024-06;PARIS-AUSTERLITZ;CERBERE;9;9;0;1;88.88888888888889;8.0
2024-06;CERBERE;PARIS-AUSTERLITZ;9;9;0;1;88.88888888888889;8.0
2024-06;BRIANÇON;PARIS-AUSTERLITZ;30;30;0;16;46.66666666666666;0.875
2024-06;NICE-VILLE;PARIS-AUSTERLITZ;29;29;0;16;44.82758620689656;0.8125
2024-06;CLERMONT-FERRAND;PARIS-BERCY;221;218;3;21;90.36697247706422;9.38095238095238
2024-06;BÉZIERS;CLERMONT-FERRAND;32;32;0;1;96.875;31.0
2024-06;LYON;NANTES;90;85;5;23;72.94117647058823;2.6956521739130435
2024-06;NANTES;LYON;90;87;3;17;80.45977011494253;4.117647058823529
2024-06;BORDEAUX-ST-JEAN;MARSEILLE-ST-CHARLES;192;190;2;45;76.31578947368422;3.2222222222222223
2024-06;CAHORS/BRIVE;PARIS-AUSTERLITZ;210;207;3;10;95.16908212560386;19.7
2024-06;PARIS-AUSTERLITZ;TOULOUSE-MATABIAU;30;30;0;2;93.33333333333331;14.0
2024-06;TOULOUSE-MATABIAU;PARIS-AUSTERLITZ;30;30;0;0;100.0;0.0
2024-06;ALBI/RODEZ;PARIS-AUSTERLITZ;0;0;0;0;0.0;0.0
2024-06;PARIS-AUSTERLITZ;AURILLAC;9;9;0;0;100.0;0.0
2024-06;PARIS-AUSTERLITZ;LATOUR-DE-CAROL;30;30;0;5;83.33333333333334;5.0
2024-06;CLERMONT-FERRAND;BÉZIERS;32;32;0;0;100.0;0.0
2024-06;HENDAYE;TOULOUSE-MATABIAU;120;119;1;13;89.07563025210085;8.153846153846153
2024-06;PARIS-AUSTERLITZ;BRIANÇON;30;30;0;11;63.33333333333333;1.7272727272727273
2024-06;PARIS-AUSTERLITZ;NICE-VILLE;29;29;0;8;72.41379310344827;2.625
2024-05;NANTES;LYON;74;74;0;7;90.54054054054052;9.571428571428571
2024-05;TOULOUSE-MATABIAU;HENDAYE;100;100;0;10;90.0;9.0
2024-05;BORDEAUX-ST-JEAN;MARSEILLE-ST-CHARLES;169;169;0;50;70.41420118343196;2.38
2024-05;BRIANÇON;PARIS-AUSTERLITZ;20;20;0;8;60.0;1.5
2024-05;PARIS-AUSTERLITZ;NICE-VILLE;24;24;0;7;70.83333333333334;2.4285714285714284
2024-05;NICE-VILLE;PARIS-AUSTERLITZ;24;24;0;8;66.66666666666666;2.0
2024-05;MARSEILLE-ST-CHARLES;BORDEAUX-ST-JEAN;168;168;0;52;69.04761904761905;2.230769230769231
2024-05;CAHORS/BRIVE;PARIS-AUSTERLITZ;172;170;2;21;87.6470588235294;7.095238095238095
2024-05;PARIS-AUSTERLITZ;TOULOUSE-MATABIAU;72;72;0;12;83.33333333333334;5.0
2024-05;TOULOUSE-MATABIAU;PARIS-AUSTERLITZ;69;69;0;14;79.71014492753623;3.928571428571429
2024-05;ALBI/RODEZ;PARIS-AUSTERLITZ;2;0;2;0;0.0;0.0
2024-05;TARBES;PARIS-AUSTERLITZ;19;19;0;0;100.0;0.0
2024-05;LYON;NANTES;74;73;1;12;83.56164383561644;5.083333333333333
2024-05;HENDAYE;TOULOUSE-MATABIAU;100;100;0;10;90.0;9.0
2024-05;PARIS-AUSTERLITZ;BRIVE/CAHORS;164;161;3;14;91.30434782608695;10.5
2024-05;PARIS-AUSTERLITZ;TOULOUSE-MATABIAU;24;24;0;0;100.0;0.0
2024-05;TOULOUSE-MATABIAU;PARIS-AUSTERLITZ;24;24;0;0;100.0;0.0
2024-05;PARIS-AUSTERLITZ;AURILLAC;9;9;0;1;88.88888888888889;8.0
2024-05;CLERMONT-FERRAND;PARIS-BERCY;229;228;1;24;89.47368421052632;8.5
2024-05;CLERMONT-FERRAND;BÉZIERS;36;35;1;0;100.0;0.0
2024-05;PARIS-AUSTERLITZ;RODEZ/ALBI;2;0;2;0;0.0;0.0
2024-05;PARIS-AUSTERLITZ;TARBES;19;19;0;4;78.94736842105263;3.75
2024-05;PARIS-AUSTERLITZ;CERBERE;7;7;0;0;100.0;0.0
2024-05;CERBERE;PARIS-AUSTERLITZ;7;6;1;1;83.33333333333334;5.0
2024-05;PARIS-BERCY;CLERMONT-FERRAND;229;228;1;24;89.47368421052632;8.5
2024-05;BÉZIERS;CLERMONT-FERRAND;36;35;1;1;97.14285714285714;34.0
2024-05;BORDEAUX-ST-JEAN;NANTES;124;124;0;18;85.48387096774194;5.888888888888889
2024-05;NANTES;BORDEAUX-ST-JEAN;124;124;0;21;83.06451612903226;4.904761904761905
2024-05;AURILLAC;PARIS-AUSTERLITZ;9;9;0;2;77.77777777777779;3.5
2024-05;PARIS-AUSTERLITZ;LATOUR-DE-CAROL;23;23;0;2;91.30434782608695;10.5
2024-05;LATOUR-DE-CAROL;PARIS-AUSTERLITZ;23;23;0;0;100.0;0.0
2024-05;PARIS-AUSTERLITZ;BRIANÇON;20;20;0;6;70.0;2.333333333333333
2024-04;PARIS-BERCY;CLERMONT-FERRAND;203;203;0;14;93.10344827586206;13.5
2024-04;LYON;NANTES;89;89;0;13;85.39325842696628;5.846153846153846
2024-04;PARIS-AUSTERLITZ;BRIVE/CAHORS;175;174;1;21;87.93103448275862;7.285714285714286
2024-04;TARBES;PARIS-AUSTERLITZ;21;21;0;1;95.23809523809524;20.0
2024-04;PARIS-AUSTERLITZ;CERBERE;16;16;0;2;87.5;7.0
2024-04;BÉZIERS;CLERMONT-FERRAND;55;55;0;1;98.1818181818182;54.0
2024-04;NANTES;BORDEAUX-ST-JEAN;119;119;0;14;88.23529411764706;7.5
2024-04;HENDAYE;TOULOUSE-MATABIAU;120;119;1;10;91.5966386554622;10.9
2024-04;TOULOUSE-MATABIAU;HENDAYE;120;119;1;14;88.23529411764706;7.5
2024-04;TOULOUSE-MATABIAU;PARIS-AUSTERLITZ;85;85;0;9;89.41176470588236;8.444444444444445
2024-04;PARIS-AUSTERLITZ;LATOUR-DE-CAROL;25;25;0;7;72.0;2.571428571428572
2024-04;NICE-VILLE;PARIS-AUSTERLITZ;28;27;1;9;66.66666666666666;2.0
2024-04;CLERMONT-FERRAND;PARIS-BERCY;203;203;0;23;88.66995073891626;7.826086956521739
2024-04;NANTES;LYON;88;88;0;4;95.45454545454544;21.0
2024-04;PARIS-AUSTERLITZ;TOULOUSE-MATABIAU;84;84;0;6;92.85714285714286;13.0
2024-04;LATOUR-DE-CAROL;PARIS-AUSTERLITZ;25;25;0;0;100.0;0.0
2024-04;BRIANÇON;PARIS-AUSTERLITZ;25;24;1;7;70.83333333333334;2.4285714285714284
2024-04;MARSEILLE-ST-CHARLES;BORDEAUX-ST-JEAN;215;209;6;73;65.07177033492823;1.8630136986301369
2024-04;TOULOUSE-MATABIAU;PARIS-AUSTERLITZ;30;30;0;0;100.0;0.0
2024-04;ALBI/RODEZ;PARIS-AUSTERLITZ;30;27;3;5;81.48148148148148;4.4
2024-04;AURILLAC;PARIS-AUSTERLITZ;25;23;2;4;82.6086956521739;4.75
2024-04;PARIS-AUSTERLITZ;TARBES;21;21;0;1;95.23809523809524;20.0
2024-04;CLERMONT-FERRAND;BÉZIERS;55;55;0;2;96.36363636363636;26.5
2024-04;BORDEAUX-ST-JEAN;NANTES;119;119;0;15;87.39495798319328;6.933333333333334
2024-04;BORDEAUX-ST-JEAN;MARSEILLE-ST-CHARLES;215;210;5;69;67.14285714285714;2.0434782608695654
2024-04;CAHORS/BRIVE;PARIS-AUSTERLITZ;186;184;2;20;89.13043478260869;8.2
2024-04;PARIS-AUSTERLITZ;TOULOUSE-MATABIAU;30;30;0;1;96.66666666666669;29.0
2024-04;PARIS-AUSTERLITZ;RODEZ/ALBI;30;28;2;4;85.71428571428571;6.0
2024-04;PARIS-AUSTERLITZ;AURILLAC;24;22;2;4;81.81818181818183;4.5
2024-04;CERBERE;PARIS-AUSTERLITZ;16;16;0;2;87.5;7.0
2024-04;PARIS-AUSTERLITZ;BRIANÇON;25;24;1;13;45.83333333333333;0.8461538461538461
2024-04;PARIS-AUSTERLITZ;NICE-VILLE;28;27;1;5;81.48148148148148;4.4
2024-03;LYON;NANTES;87;85;2;18;78.82352941176471;3.7222222222222223
2024-03;HENDAYE;TOULOUSE-MATABIAU;110;110;0;10;90.9090909090909;10.0
2024-03;PARIS-AUSTERLITZ;TOULOUSE-MATABIAU;85;85;0;11;87.05882352941177;6.727272727272728
2024-03;PARIS-AUSTERLITZ;RODEZ/ALBI;11;11;0;1;90.9090909090909;10.0
2024-03;AURILLAC;PARIS-AUSTERLITZ;8;8;0;0;100.0;0.0
2024-03;BRIANÇON;PARIS-AUSTERLITZ;12;12;0;5;58.333333333333336;1.4
2024-03;PARIS-BERCY;CLERMONT-FERRAND;220;220;0;12;94.54545454545456;17.333333333333332
2024-03;CLERMONT-FERRAND;BÉZIERS;57;55;2;2;96.36363636363636;26.5
2024-03;BORDEAUX-ST-JEAN;NANTES;124;123;1;10;91.869918699187;11.3
2024-03;TOULOUSE-MATABIAU;HENDAYE;103;103;0;8;92.23300970873788;11.875
2024-03;MARSEILLE-ST-CHARLES;BORDEAUX-ST-JEAN;185;183;2;38;79.23497267759562;3.8157894736842106
2024-03;CAHORS/BRIVE;PARIS-AUSTERLITZ;152;150;2;16;89.33333333333333;8.375
2024-03;NANTES;BORDEAUX-ST-JEAN;124;124;0;15;87.90322580645162;7.266666666666667
2024-03;BORDEAUX-ST-JEAN;MARSEILLE-ST-CHARLES;184;183;1;30;83.60655737704919;5.1
2024-03;TOULOUSE-MATABIAU;PARIS-AUSTERLITZ;83;83;0;7;91.56626506024097;10.857142857142858
2024-03;PARIS-AUSTERLITZ;AURILLAC;7;7;0;2;71.42857142857143;2.5
2024-03;TARBES;PARIS-AUSTERLITZ;12;12;0;0;100.0;0.0
2024-03;PARIS-AUSTERLITZ;NICE-VILLE;23;22;1;8;63.63636363636363;1.75
2024-03;CLERMONT-FERRAND;PARIS-BERCY;219;219;0;19;91.324200913242;10.526315789473683
2024-03;BÉZIERS;CLERMONT-FERRAND;57;55;2;0;100.0;0.0
2024-03;PARIS-AUSTERLITZ;BRIVE/CAHORS;145;144;1;23;84.02777777777779;5.260869565217392
2024-03;PARIS-AUSTERLITZ;TOULOUSE-MATABIAU;29;29;0;0;100.0;0.0
2024-03;TOULOUSE-MATABIAU;PARIS-AUSTERLITZ;29;29;0;0;100.0;0.0
2024-03;ALBI/RODEZ;PARIS-AUSTERLITZ;10;10;0;0;100.0;0.0
2024-03;LATOUR-DE-CAROL;PARIS-AUSTERLITZ;29;29;0;0;100.0;0.0
2024-03;NANTES;LYON;87;87;0;11;87.35632183908046;6.909090909090909
2024-03;PARIS-AUSTERLITZ;TARBES;12;12;0;0;100.0;0.0
2024-03;PARIS-AUSTERLITZ;LATOUR-DE-CAROL;29;29;0;4;86.20689655172413;6.25
2024-03;PARIS-AUSTERLITZ;CERBERE;6;6;0;1;83.33333333333334;5.0
2024-03;CERBERE;PARIS-AUSTERLITZ;6;6;0;2;66.66666666666666;2.0
2024-03;PARIS-AUSTERLITZ;BRIANÇON;12;12;0;10;16.666666666666664;0.2
2024-03;NICE-VILLE;PARIS-AUSTERLITZ;23;22;1;11;50.0;1.0
2024-02;CLERMONT-FERRAND;BÉZIERS;29;29;0;0;100.0;0.0
2024-02;NANTES;LYON;86;85;1;7;91.76470588235294;11.142857142857142
2024-02;BORDEAUX-ST-JEAN;MARSEILLE-ST-CHARLES;203;195;8;45;76.92307692307693;3.333333333333333
2024-02;MARSEILLE-ST-CHARLES;BORDEAUX-ST-JEAN;201;193;8;34;82.38341968911918;4.676470588235294
2024-02;TOULOUSE-MATABIAU;PARIS-AUSTERLITZ;29;29;0;1;96.55172413793105;28.0
2024-02;CERBERE;PARIS-AUSTERLITZ;15;15;0;1;93.33333333333331;14.0
2024-02;PARIS-AUSTERLITZ;BRIANÇON;29;29;0;26;10.344827586206897;0.1153846153846153
2024-02;PARIS-AUSTERLITZ;NICE-VILLE;24;24;0;10;58.333333333333336;1.4
2024-02;BÉZIERS;CLERMONT-FERRAND;29;29;0;0;100.0;0.0
2024-02;PARIS-AUSTERLITZ;TOULOUSE-MATABIAU;77;77;0;8;89.6103896103896;8.625
2024-02;TOULOUSE-MATABIAU;PARIS-AUSTERLITZ;78;77;1;16;79.22077922077922;3.8125
2024-02;PARIS-AUSTERLITZ;TARBES;20;20;0;3;85.0;5.666666666666667
2024-02;CLERMONT-FERRAND;PARIS-BERCY;191;190;1;21;88.94736842105263;8.047619047619047
2024-02;NANTES;BORDEAUX-ST-JEAN;113;112;1;8;92.85714285714286;13.0
2024-02;TOULOUSE-MATABIAU;HENDAYE;107;104;3;6;94.23076923076924;16.333333333333332
2024-02;PARIS-AUSTERLITZ;RODEZ/ALBI;7;7;0;1;85.71428571428571;6.0
2024-02;AURILLAC;PARIS-AUSTERLITZ;8;8;0;2;75.0;3.0
2024-02;PARIS-AUSTERLITZ;LATOUR-DE-CAROL;25;25;0;2;92.0;11.5
2024-02;LATOUR-DE-CAROL;PARIS-AUSTERLITZ;26;26;0;1;96.15384615384616;25.0
2024-02;NICE-VILLE;PARIS-AUSTERLITZ;25;24;1;13;45.83333333333333;0.8461538461538461
2024-02;PARIS-BERCY;CLERMONT-FERRAND;191;189;2;18;90.47619047619048;9.5
2024-02;PARIS-AUSTERLITZ;BRIVE/CAHORS;141;139;2;24;82.73381294964028;4.791666666666667
2024-02;CAHORS/BRIVE;PARIS-AUSTERLITZ;147;146;1;19;86.98630136986301;6.684210526315789
2024-02;PARIS-AUSTERLITZ;TOULOUSE-MATABIAU;29;29;0;1;96.55172413793105;28.0
2024-02;TARBES;PARIS-AUSTERLITZ;20;20;0;0;100.0;0.0
2024-02;PARIS-AUSTERLITZ;CERBERE;15;15;0;3;80.0;4.0
2024-02;BRIANÇON;PARIS-AUSTERLITZ;29;29;0;17;41.37931034482759;0.7058823529411765
2024-02;LYON;NANTES;86;85;1;14;83.52941176470588;5.071428571428571
2024-02;BORDEAUX-ST-JEAN;NANTES;114;114;0;14;87.71929824561403;7.142857142857143
2024-02;HENDAYE;TOULOUSE-MATABIAU;111;109;2;19;82.56880733944955;4.7368421052631575
2024-02;ALBI/RODEZ;PARIS-AUSTERLITZ;7;7;0;3;57.14285714285714;1.3333333333333333
2024-02;PARIS-AUSTERLITZ;AURILLAC;8;8;0;0;100.0;0.0
2024-01;PARIS-BERCY;CLERMONT-FERRAND;199;199;0;15;92.46231155778896;12.266666666666667
2024-01;BORDEAUX-ST-JEAN;NANTES;121;119;2;16;86.5546218487395;6.4375
2024-01;ALBI/RODEZ;PARIS-AUSTERLITZ;25;24;1;2;91.66666666666666;11.0
2024-01;CLERMONT-FERRAND;BÉZIERS;30;30;0;3;90.0;9.0
2024-01;LYON;NANTES;91;90;1;14;84.44444444444444;5.428571428571429
2024-01;NANTES;LYON;92;90;2;7;92.22222222222224;11.857142857142858
2024-01;NANTES;BORDEAUX-ST-JEAN;121;119;2;29;75.63025210084034;3.103448275862069
2024-01;TOULOUSE-MATABIAU;HENDAYE;117;117;0;5;95.72649572649571;22.4
2024-01;MARSEILLE-ST-CHARLES;BORDEAUX-ST-JEAN;193;187;6;55;70.58823529411765;2.4
2024-01;PARIS-AUSTERLITZ;TOULOUSE-MATABIAU;88;88;0;11;87.5;7.0
2024-01;TOULOUSE-MATABIAU;PARIS-AUSTERLITZ;88;87;1;11;87.35632183908046;6.909090909090909
2024-01;PARIS-AUSTERLITZ;TOULOUSE-MATABIAU;31;31;0;1;96.7741935483871;30.0
2024-01;LATOUR-DE-CAROL;PARIS-AUSTERLITZ;30;29;1;3;89.65517241379311;8.666666666666666
2024-01;PARIS-AUSTERLITZ;CERBERE;12;12;0;1;91.66666666666666;11.0
2024-01;PARIS-AUSTERLITZ;BRIANÇON;23;23;0;15;34.78260869565217;0.5333333333333333
2024-01;CLERMONT-FERRAND;PARIS-BERCY;200;200;0;25;87.5;7.0
2024-01;BÉZIERS;CLERMONT-FERRAND;32;32;0;3;90.625;9.666666666666666
2024-01;CAHORS/BRIVE;PARIS-AUSTERLITZ;192;190;2;19;90.0;9.0
2024-01;TOULOUSE-MATABIAU;PARIS-AUSTERLITZ;31;31;0;3;90.32258064516128;9.333333333333334
2024-01;PARIS-AUSTERLITZ;RODEZ/ALBI;27;26;1;4;84.61538461538461;5.5
2024-01;BRIANÇON;PARIS-AUSTERLITZ;22;22;0;9;59.09090909090909;1.4444444444444444
2024-01;PARIS-AUSTERLITZ;NICE-VILLE;31;31;0;12;61.29032258064516;1.5833333333333333
2024-01;NICE-VILLE;PARIS-AUSTERLITZ;31;27;4;7;74.07407407407408;2.857142857142857
2024-01;BORDEAUX-ST-JEAN;MARSEILLE-ST-CHARLES;193;189;4;55;70.8994708994709;2.4363636363636365
2024-01;TARBES;PARIS-AUSTERLITZ;19;19;0;2;89.47368421052632;8.5
2024-01;PARIS-AUSTERLITZ;LATOUR-DE-CAROL;30;29;1;8;72.41379310344827;2.625
2024-01;CERBERE;PARIS-AUSTERLITZ;12;12;0;2;83.33333333333334;5.0
2024-01;HENDAYE;TOULOUSE-MATABIAU;118;116;2;11;90.51724137931036;9.545454545454543
2024-01;PARIS-AUSTERLITZ;BRIVE/CAHORS;186;186;0;18;90.32258064516128;9.333333333333334
2024-01;PARIS-AUSTERLITZ;AURILLAC;13;13;0;2;84.61538461538461;5.5
2024-01;AURILLAC;PARIS-AUSTERLITZ;12;12;0;1;91.66666666666666;11.0
2024-01;PARIS-AUSTERLITZ;TARBES;19;19;0;3;84.21052631578947;5.333333333333333
2023-12;PARIS-BERCY;CLERMONT-FERRAND;186;184;2;18;90.21739130434784;9.22222222222222
2023-12;BORDEAUX-ST-JEAN;NANTES;111;110;1;16;85.45454545454545;5.875
2023-12;HENDAYE;TOULOUSE-MATABIAU;94;94;0;11;88.29787234042553;7.545454545454546
2023-12;ALBI/RODEZ;PARIS-AUSTERLITZ;16;16;0;5;68.75;2.2
2023-12;TARBES;PARIS-AUSTERLITZ;5;5;0;1;80.0;4.0
2023-12;PARIS-AUSTERLITZ;LATOUR-DE-CAROL;19;17;2;6;64.70588235294117;1.8333333333333333
2023-12;BRIANÇON;PARIS-AUSTERLITZ;24;22;2;12;45.45454545454545;0.8333333333333334
2023-12;NICE-VILLE;PARIS-AUSTERLITZ;26;22;4;8;63.63636363636363;1.75
2023-12;NANTES;LYON;89;88;1;13;85.22727272727273;5.769230769230769
2023-12;MARSEILLE-ST-CHARLES;BORDEAUX-ST-JEAN;173;166;7;70;57.831325301204814;1.3714285714285714
2023-12;PARIS-AUSTERLITZ;TOULOUSE-MATABIAU;28;27;1;1;96.29629629629628;26.0
2023-12;PARIS-AUSTERLITZ;RODEZ/ALBI;16;15;1;2;86.66666666666667;6.5
2023-12;AURILLAC;PARIS-AUSTERLITZ;11;10;1;3;70.0;2.333333333333333
2023-12;PARIS-AUSTERLITZ;TARBES;6;6;0;2;66.66666666666666;2.0
2023-12;PARIS-AUSTERLITZ;CERBERE;13;13;0;2;84.61538461538461;5.5
2023-12;BÉZIERS;CLERMONT-FERRAND;31;31;0;0;100.0;0.0
2023-12;CLERMONT-FERRAND;BÉZIERS;31;31;0;0;100.0;0.0
2023-12;LYON;NANTES;89;88;1;18;79.54545454545455;3.888888888888889
2023-12;CAHORS/BRIVE;PARIS-AUSTERLITZ;175;173;2;22;87.28323699421965;6.863636363636363
2023-12;PARIS-AUSTERLITZ;LOURDES/HENDAYE;6;6;0;1;83.33333333333334;5.0
2023-12;HENDAYE/LOURDES;PARIS-AUSTERLITZ;7;7;0;0;100.0;0.0
2023-12;LATOUR-DE-CAROL;PARIS-AUSTERLITZ;18;16;2;2;87.5;7.0
2023-12;CLERMONT-FERRAND;PARIS-BERCY;186;181;5;26;85.6353591160221;5.961538461538462
2023-12;NANTES;BORDEAUX-ST-JEAN;111;108;3;16;85.18518518518519;5.75
2023-12;TOULOUSE-MATABIAU;HENDAYE;94;94;0;7;92.5531914893617;12.428571428571429
2023-12;TOULOUSE-MATABIAU;PARIS-AUSTERLITZ;27;27;0;2;92.5925925925926;12.5
2023-12;CERBERE;PARIS-AUSTERLITZ;13;12;1;1;91.66666666666666;11.0
2023-12;PARIS-AUSTERLITZ;NICE-VILLE;26;24;2;3;87.5;7.0
2023-12;BORDEAUX-ST-JEAN;MARSEILLE-ST-CHARLES;173;167;6;65;61.07784431137725;1.5692307692307692
2023-12;PARIS-AUSTERLITZ;BRIVE/CAHORS;170;170;0;16;90.58823529411764;9.625
2023-12;PARIS-AUSTERLITZ;TOULOUSE-MATABIAU;85;85;0;15;82.35294117647058;4.666666666666667
2023-12;TOULOUSE-MATABIAU;PARIS-AUSTERLITZ;85;85;0;26;69.41176470588235;2.269230769230769
2023-12;PARIS-AUSTERLITZ;AURILLAC;11;11;0;1;90.9090909090909;10.0
2023-12;PARIS-AUSTERLITZ;BRIANÇON;24;22;2;20;9.090909090909092;0.1
2023-11;BÉZIERS;CLERMONT-FERRAND;30;30;0;2;93.33333333333331;14.0
2023-11;NANTES;BORDEAUX-ST-JEAN;106;101;5;66;34.65346534653465;0.5303030303030303
2023-11;TOULOUSE-MATABIAU;HENDAYE;116;112;4;29;74.10714285714286;2.862068965517241
2023-11;TOULOUSE-MATABIAU;PARIS-AUSTERLITZ;78;77;1;27;64.93506493506493;1.851851851851852
2023-11;ALBI/RODEZ;PARIS-AUSTERLITZ;23;22;1;8;63.63636363636363;1.75
2023-11;LYON;NANTES;69;69;0;16;76.81159420289855;3.3125
2023-11;PARIS-AUSTERLITZ;BRIVE/CAHORS;163;161;2;42;73.91304347826086;2.833333333333333
2023-11;HENDAYE/LOURDES;PARIS-AUSTERLITZ;25;24;1;2;91.66666666666666;11.0
2023-11;PARIS-AUSTERLITZ;CERBERE;5;4;1;1;75.0;3.0
2023-11;PARIS-BERCY;CLERMONT-FERRAND;208;203;5;29;85.71428571428571;6.0
2023-11;BORDEAUX-ST-JEAN;NANTES;107;99;8;27;72.72727272727273;2.6666666666666665
2023-11;BORDEAUX-ST-JEAN;MARSEILLE-ST-CHARLES;168;167;1;64;61.67664670658682;1.609375
2023-11;MARSEILLE-ST-CHARLES;BORDEAUX-ST-JEAN;169;166;3;71;57.22891566265061;1.3380281690140845
2023-11;CAHORS/BRIVE;PARIS-AUSTERLITZ;169;165;4;40;75.75757575757575;3.125
2023-11;CERBERE;PARIS-AUSTERLITZ;4;4;0;0;100.0;0.0
2023-11;PARIS-AUSTERLITZ;BRIANÇON;26;25;1;15;40.0;0.6666666666666666
2023-11;PARIS-AUSTERLITZ;TOULOUSE-MATABIAU;27;26;1;3;88.46153846153845;7.666666666666667
2023-11;BRIANÇON;PARIS-AUSTERLITZ;24;22;2;8;63.63636363636363;1.75
2023-11;NICE-VILLE;PARIS-AUSTERLITZ;24;22;2;8;63.63636363636363;1.75
2023-11;CLERMONT-FERRAND;PARIS-BERCY;207;199;8;30;84.92462311557789;5.633333333333334
2023-11;CLERMONT-FERRAND;BÉZIERS;30;30;0;1;96.66666666666669;29.0
2023-11;NANTES;LYON;71;69;2;13;81.15942028985508;4.307692307692308
2023-11;HENDAYE;TOULOUSE-MATABIAU;114;112;2;22;80.35714285714286;4.090909090909091
2023-11;PARIS-AUSTERLITZ;TOULOUSE-MATABIAU;80;80;0;18;77.5;3.4444444444444446
2023-11;TOULOUSE-MATABIAU;PARIS-AUSTERLITZ;27;26;1;3;88.46153846153845;7.666666666666667
2023-11;PARIS-AUSTERLITZ;RODEZ/ALBI;24;23;1;3;86.95652173913044;6.666666666666667
2023-11;PARIS-AUSTERLITZ;LOURDES/HENDAYE;26;25;1;9;64.0;1.7777777777777777
2023-11;PARIS-AUSTERLITZ;LATOUR-DE-CAROL;11;9;2;4;55.55555555555556;1.25
2023-11;LATOUR-DE-CAROL;PARIS-AUSTERLITZ;9;8;1;0;100.0;0.0
2023-11;PARIS-AUSTERLITZ;NICE-VILLE;24;23;1;12;47.82608695652174;0.9166666666666666
2023-10;PARIS-BERCY;CLERMONT-FERRAND;228;225;3;30;86.66666666666667;6.5
2023-10;BORDEAUX-ST-JEAN;NANTES;121;119;2;23;80.67226890756302;4.173913043478261
2023-10;PARIS-AUSTERLITZ;TOULOUSE-MATABIAU;87;87;0;17;80.45977011494253;4.117647058823529
2023-10;TOULOUSE-MATABIAU;PARIS-AUSTERLITZ;29;29;0;1;96.55172413793105;28.0
2023-10;NICE-VILLE;PARIS-AUSTERLITZ;22;22;0;11;50.0;1.0
2023-10;BÉZIERS;CLERMONT-FERRAND;31;31;0;1;96.7741935483871;30.0
2023-10;LYON;NANTES;86;84;2;16;80.95238095238095;4.25
2023-10;PARIS-AUSTERLITZ;BRIVE/CAHORS;194;194;0;35;81.95876288659794;4.542857142857143
2023-10;TOULOUSE-MATABIAU;PARIS-AUSTERLITZ;87;87;0;19;78.16091954022988;3.5789473684210527
2023-10;PARIS-AUSTERLITZ;LOURDES/HENDAYE;28;28;0;5;82.14285714285714;4.6
2023-10;HENDAYE/LOURDES;PARIS-AUSTERLITZ;28;27;1;1;96.29629629629628;26.0
2023-10;PARIS-AUSTERLITZ;LATOUR-DE-CAROL;11;11;0;2;81.81818181818183;4.5
2023-10;PARIS-AUSTERLITZ;CERBERE;11;11;0;1;90.9090909090909;10.0
2023-10;CERBERE;PARIS-AUSTERLITZ;11;11;0;2;81.81818181818183;4.5
2023-10;PARIS-AUSTERLITZ;BRIANÇON;22;22;0;14;36.36363636363637;0.5714285714285714
2023-10;BRIANÇON;PARIS-AUSTERLITZ;22;21;1;11;47.61904761904761;0.9090909090909092
2023-10;MARSEILLE-ST-CHARLES;BORDEAUX-ST-JEAN;231;227;4;94;58.590308370044056;1.4148936170212767
2023-10;CAHORS/BRIVE;PARIS-AUSTERLITZ;199;198;1;22;88.88888888888889;8.0
2023-10;PARIS-AUSTERLITZ;TOULOUSE-MATABIAU;29;29;0;3;89.65517241379311;8.666666666666666
2023-10;ALBI/RODEZ;PARIS-AUSTERLITZ;21;17;4;3;82.35294117647058;4.666666666666667
2023-10;LATOUR-DE-CAROL;PARIS-AUSTERLITZ;11;11;0;1;90.9090909090909;10.0
2023-10;PARIS-AUSTERLITZ;NICE-VILLE;22;22;0;4;81.81818181818183;4.5
2023-10;NANTES;LYON;85;83;2;16;80.72289156626506;4.1875
2023-10;HENDAYE;TOULOUSE-MATABIAU;120;118;2;10;91.52542372881356;10.8
2023-10;TOULOUSE-MATABIAU;HENDAYE;111;111;0;8;92.7927927927928;12.875
2023-10;BORDEAUX-ST-JEAN;MARSEILLE-ST-CHARLES;232;228;4;67;70.6140350877193;2.4029850746268657
2023-10;CLERMONT-FERRAND;PARIS-BERCY;229;227;2;45;80.1762114537445;4.044444444444444
2023-10;CLERMONT-FERRAND;BÉZIERS;31;31;0;1;96.7741935483871;30.0
2023-10;NANTES;BORDEAUX-ST-JEAN;122;119;3;28;76.47058823529412;3.25
2023-10;PARIS-AUSTERLITZ;RODEZ/ALBI;21;19;2;1;94.73684210526316;18.0
2023-09;PARIS-BERCY;CLERMONT-FERRAND;214;214;0;18;91.58878504672896;10.88888888888889
2023-09;TOULOUSE-MATABIAU;PARIS-AUSTERLITZ;86;86;0;12;86.04651162790698;6.166666666666667
2023-09;PARIS-AUSTERLITZ;RODEZ/ALBI;22;21;1;0;100.0;0.0
2023-09;PARIS-AUSTERLITZ;BRIANÇON;26;25;1;13;48.0;0.9230769230769232
2023-09;BRIANÇON;PARIS-AUSTERLITZ;25;25;0;12;52.0;1.0833333333333333
2023-09;CLERMONT-FERRAND;PARIS-BERCY;211;211;0;29;86.25592417061611;6.275862068965517
2023-09;CLERMONT-FERRAND;BÉZIERS;30;30;0;3;90.0;9.0
2023-09;NANTES;LYON;81;81;0;15;81.48148148148148;4.4
2023-09;TOULOUSE-MATABIAU;HENDAYE;115;112;3;16;85.71428571428571;6.0
2023-09;CERBERE;PARIS-AUSTERLITZ;10;10;0;0;100.0;0.0
2023-09;BÉZIERS;CLERMONT-FERRAND;30;30;0;2;93.33333333333331;14.0
2023-09;NANTES;BORDEAUX-ST-JEAN;118;115;3;18;84.34782608695653;5.388888888888889
2023-09;HENDAYE;TOULOUSE-MATABIAU;119;117;2;14;88.03418803418803;7.357142857142857
2023-09;PARIS-AUSTERLITZ;TOULOUSE-MATABIAU;86;86;0;14;83.72093023255815;5.142857142857143
2023-09;PARIS-AUSTERLITZ;TOULOUSE-MATABIAU;27;27;0;0;100.0;0.0
2023-09;LATOUR-DE-CAROL;PARIS-AUSTERLITZ;26;26;0;0;100.0;0.0
2023-09;LYON;NANTES;86;85;1;17;80.0;4.0
2023-09;PARIS-AUSTERLITZ;BRIVE/CAHORS;198;197;1;29;85.27918781725889;5.793103448275862
2023-09;CAHORS/BRIVE;PARIS-AUSTERLITZ;201;200;1;32;84.0;5.25
2023-09;TOULOUSE-MATABIAU;PARIS-AUSTERLITZ;27;27;0;2;92.5925925925926;12.5
2023-09;PARIS-AUSTERLITZ;CERBERE;10;10;0;0;100.0;0.0
2023-09;PARIS-AUSTERLITZ;NICE-VILLE;26;26;0;7;73.07692307692307;2.7142857142857144
2023-09;BORDEAUX-ST-JEAN;NANTES;119;118;1;9;92.3728813559322;12.11111111111111
2023-09;BORDEAUX-ST-JEAN;MARSEILLE-ST-CHARLES;224;222;2;51;77.02702702702703;3.3529411764705883
2023-09;MARSEILLE-ST-CHARLES;BORDEAUX-ST-JEAN;226;223;3;63;71.74887892376681;2.5396825396825395
2023-09;ALBI/RODEZ;PARIS-AUSTERLITZ;22;21;1;2;90.47619047619048;9.5
2023-09;PARIS-AUSTERLITZ;LOURDES/HENDAYE;27;27;0;5;81.48148148148148;4.4
2023-09;HENDAYE/LOURDES;PARIS-AUSTERLITZ;27;27;0;0;100.0;0.0
2023-09;PARIS-AUSTERLITZ;LATOUR-DE-CAROL;26;26;0;2;92.3076923076923;12.0
2023-09;NICE-VILLE;PARIS-AUSTERLITZ;26;26;0;12;53.84615384615385;1.1666666666666667
2023-08;PARIS-BERCY;CLERMONT-FERRAND;212;211;1;20;90.52132701421802;9.55
2023-08;CLERMONT-FERRAND;BÉZIERS;31;31;0;4;87.09677419354838;6.75
2023-08;BORDEAUX-ST-JEAN;NANTES;124;121;3;21;82.64462809917356;4.761904761904762
2023-08;HENDAYE;TOULOUSE-MATABIAU;124;124;0;23;81.45161290322581;4.391304347826087
2023-08;PARIS-AUSTERLITZ;BRIVE/CAHORS;209;209;0;18;91.38755980861244;10.61111111111111
2023-08;PARIS-AUSTERLITZ;TOULOUSE-MATABIAU;85;85;0;16;81.17647058823529;4.3125
2023-08;PARIS-AUSTERLITZ;TOULOUSE-MATABIAU;31;31;0;1;96.7741935483871;30.0
2023-08;CERBERE;PARIS-AUSTERLITZ;30;30;0;2;93.33333333333331;14.0
2023-08;BÉZIERS;CLERMONT-FERRAND;31;31;0;0;100.0;0.0
2023-08;NANTES;LYON;93;93;0;14;84.94623655913979;5.642857142857143
2023-08;CAHORS/BRIVE;PARIS-AUSTERLITZ;216;216;0;21;90.2777777777778;9.285714285714286
2023-08;HENDAYE/LOURDES;PARIS-AUSTERLITZ;27;27;0;2;92.5925925925926;12.5
2023-08;LATOUR-DE-CAROL;PARIS-AUSTERLITZ;31;31;0;2;93.5483870967742;14.5
2023-08;PARIS-AUSTERLITZ;BRIANÇON;31;31;0;17;45.16129032258064;0.8235294117647058
2023-08;PARIS-AUSTERLITZ;NICE-VILLE;31;31;0;12;61.29032258064516;1.5833333333333333
2023-08;CLERMONT-FERRAND;PARIS-BERCY;213;212;1;20;90.56603773584906;9.6
2023-08;TOULOUSE-MATABIAU;HENDAYE;124;124;0;21;83.06451612903226;4.904761904761905
2023-08;BORDEAUX-ST-JEAN;MARSEILLE-ST-CHARLES;231;228;3;55;75.87719298245614;3.145454545454545
2023-08;ALBI/RODEZ;PARIS-AUSTERLITZ;31;29;2;0;100.0;0.0
2023-08;PARIS-AUSTERLITZ;LOURDES/HENDAYE;31;31;0;9;70.96774193548387;2.4444444444444446
2023-08;NANTES;BORDEAUX-ST-JEAN;123;120;3;15;87.5;7.0
2023-08;TOULOUSE-MATABIAU;PARIS-AUSTERLITZ;85;85;0;11;87.05882352941177;6.727272727272728
2023-08;PARIS-AUSTERLITZ;LATOUR-DE-CAROL;31;31;0;3;90.32258064516128;9.333333333333334
2023-08;BRIANÇON;PARIS-AUSTERLITZ;31;29;2;11;62.06896551724138;1.6363636363636365
2023-08;LYON;NANTES;93;92;1;18;80.43478260869566;4.111111111111111
2023-08;MARSEILLE-ST-CHARLES;BORDEAUX-ST-JEAN;231;228;3;76;66.66666666666666;2.0
2023-08;TOULOUSE-MATABIAU;PARIS-AUSTERLITZ;31;31;0;1;96.7741935483871;30.0
2023-08;PARIS-AUSTERLITZ;RODEZ/ALBI;29;28;1;0;100.0;0.0
2023-08;PARIS-AUSTERLITZ;CERBERE;31;31;0;1;96.7741935483871;30.0
2023-08;NICE-VILLE;PARIS-AUSTERLITZ;31;31;0;12;61.29032258064516;1.5833333333333333
2023-07;LYON;NANTES;93;91;2;14;84.61538461538461;5.5
2023-07;PARIS-AUSTERLITZ;TOULOUSE-MATABIAU;31;31;0;1;96.7741935483871;30.0
2023-07;PARIS-AUSTERLITZ;LOURDES/HENDAYE;31;31;0;4;87.09677419354838;6.75
2023-07;LATOUR-DE-CAROL;PARIS-AUSTERLITZ;31;31;0;9;70.96774193548387;2.4444444444444446
2023-07;BRIANÇON;PARIS-AUSTERLITZ;31;30;1;8;73.33333333333333;2.75
2023-07;NICE-VILLE;PARIS-AUSTERLITZ;30;29;1;7;75.86206896551724;3.142857142857143
2023-07;CLERMONT-FERRAND;BÉZIERS;31;31;0;2;93.5483870967742;14.5
2023-07;MARSEILLE-ST-CHARLES;BORDEAUX-ST-JEAN;224;222;2;73;67.11711711711712;2.041095890410959
2023-07;PARIS-AUSTERLITZ;TOULOUSE-MATABIAU;88;88;0;16;81.81818181818183;4.5
2023-07;PARIS-AUSTERLITZ;BRIANÇON;30;29;1;15;48.27586206896552;0.9333333333333332
2023-07;PARIS-AUSTERLITZ;BRIVE/CAHORS;205;205;0;18;91.21951219512196;10.38888888888889
2023-07;TOULOUSE-MATABIAU;PARIS-AUSTERLITZ;88;87;1;17;80.45977011494253;4.117647058823529
2023-07;PARIS-AUSTERLITZ;RODEZ/ALBI;23;22;1;0;100.0;0.0
2023-07;HENDAYE/LOURDES;PARIS-AUSTERLITZ;6;6;0;0;100.0;0.0
2023-07;PARIS-AUSTERLITZ;CERBERE;26;26;0;2;92.3076923076923;12.0
2023-07;CERBERE;PARIS-AUSTERLITZ;25;25;0;7;72.0;2.571428571428572
2023-07;CLERMONT-FERRAND;PARIS-BERCY;216;213;3;39;81.69014084507043;4.461538461538462
2023-07;PARIS-BERCY;CLERMONT-FERRAND;215;215;0;27;87.44186046511628;6.962962962962963
2023-07;BÉZIERS;CLERMONT-FERRAND;31;31;0;2;93.5483870967742;14.5
2023-07;BORDEAUX-ST-JEAN;NANTES;123;122;1;20;83.60655737704919;5.1
2023-07;HENDAYE;TOULOUSE-MATABIAU;123;121;2;3;97.5206611570248;39.333333333333336
2023-07;TOULOUSE-MATABIAU;HENDAYE;114;114;0;13;88.59649122807018;7.769230769230769
2023-07;CAHORS/BRIVE;PARIS-AUSTERLITZ;214;213;1;14;93.42723004694837;14.214285714285714
2023-07;ALBI/RODEZ;PARIS-AUSTERLITZ;23;23;0;1;95.65217391304348;22.0
2023-07;NANTES;LYON;93;93;0;20;78.49462365591397;3.65
2023-07;NANTES;BORDEAUX-ST-JEAN;123;121;2;14;88.42975206611571;7.642857142857143
2023-07;BORDEAUX-ST-JEAN;MARSEILLE-ST-CHARLES;225;223;2;58;73.99103139013454;2.8448275862068964
2023-07;TOULOUSE-MATABIAU;PARIS-AUSTERLITZ;31;31;0;1;96.7741935483871;30.0
2023-07;PARIS-AUSTERLITZ;LATOUR-DE-CAROL;31;30;1;2;93.33333333333331;14.0
2023-07;PARIS-AUSTERLITZ;NICE-VILLE;30;29;1;6;79.3103448275862;3.8333333333333335
2023-06;CLERMONT-FERRAND;PARIS-BERCY;226;220;6;55;75.0;3.0
2023-06;PARIS-BERCY;CLERMONT-FERRAND;227;223;4;36;83.85650224215246;5.194444444444445
2023-06;BÉZIERS;CLERMONT-FERRAND;52;52;0;1;98.07692307692308;51.0
2023-06;CLERMONT-FERRAND;BÉZIERS;51;51;0;3;94.11764705882352;16.0
2023-06;BORDEAUX-ST-JEAN;NANTES;119;118;1;14;88.13559322033898;7.428571428571429
2023-06;CAHORS/BRIVE;PARIS-AUSTERLITZ;204;203;1;24;88.17733990147784;7.458333333333333
2023-06;PARIS-AUSTERLITZ;TOULOUSE-MATABIAU;28;28;0;1;96.42857142857144;27.0
2023-06;PARIS-AUSTERLITZ;LOURDES/HENDAYE;28;28;0;10;64.28571428571429;1.8
2023-06;PARIS-AUSTERLITZ;BRIANÇON;30;30;0;18;40.0;0.6666666666666666
2023-06;BRIANÇON;PARIS-AUSTERLITZ;30;29;1;11;62.06896551724138;1.6363636363636365
2023-06;PARIS-AUSTERLITZ;NICE-VILLE;30;30;0;9;70.0;2.333333333333333
2023-06;HENDAYE;TOULOUSE-MATABIAU;117;117;0;25;78.63247863247864;3.68
2023-06;MARSEILLE-ST-CHARLES;BORDEAUX-ST-JEAN;221;217;4;59;72.81105990783409;2.6779661016949152
2023-06;CERBERE;PARIS-AUSTERLITZ;9;9;0;1;88.88888888888889;8.0
2023-06;LYON;NANTES;87;86;1;38;55.81395348837209;1.263157894736842
2023-06;PARIS-AUSTERLITZ;BRIVE/CAHORS;199;199;0;27;86.4321608040201;6.37037037037037
2023-06;HENDAYE/LOURDES;PARIS-AUSTERLITZ;28;28;0;5;82.14285714285714;4.6
2023-06;PARIS-AUSTERLITZ;CERBERE;9;9;0;2;77.77777777777779;3.5
2023-06;NANTES;LYON;87;87;0;12;86.20689655172413;6.25
2023-06;NANTES;BORDEAUX-ST-JEAN;118;116;2;15;87.06896551724138;6.733333333333333
2023-06;TOULOUSE-MATABIAU;HENDAYE;118;117;1;17;85.47008547008546;5.882352941176471
2023-06;BORDEAUX-ST-JEAN;MARSEILLE-ST-CHARLES;220;217;3;76;64.97695852534562;1.855263157894737
2023-06;TOULOUSE-MATABIAU;PARIS-AUSTERLITZ;82;82;0;14;82.92682926829268;4.857142857142857
2023-06;PARIS-AUSTERLITZ;RODEZ/ALBI;20;19;1;1;94.73684210526316;18.0
2023-06;PARIS-AUSTERLITZ;LATOUR-DE-CAROL;28;28;0;8;71.42857142857143;2.5
2023-06;LATOUR-DE-CAROL;PARIS-AUSTERLITZ;28;28;0;5;82.14285714285714;4.6
2023-06;NICE-VILLE;PARIS-AUSTERLITZ;30;29;1;11;62.06896551724138;1.6363636363636365
2023-06;PARIS-AUSTERLITZ;TOULOUSE-MATABIAU;85;85;0;18;78.82352941176471;3.7222222222222223
2023-06;TOULOUSE-MATABIAU;PARIS-AUSTERLITZ;28;28;0;1;96.42857142857144;27.0
2023-06;ALBI/RODEZ;PARIS-AUSTERLITZ;21;20;1;4;80.0;4.0
2023-05;PARIS-BERCY;CLERMONT-FERRAND;206;206;0;13;93.68932038834951;14.846153846153848
2023-05;BORDEAUX-ST-JEAN;NANTES;123;121;2;19;84.29752066115702;5.368421052631579
2023-05;HENDAYE;TOULOUSE-MATABIAU;120;120;0;13;89.16666666666667;8.23076923076923
2023-05;MARSEILLE-ST-CHARLES;BORDEAUX-ST-JEAN;218;213;5;60;71.83098591549296;2.55
2023-05;LATOUR-DE-CAROL;PARIS-AUSTERLITZ;19;19;0;3;84.21052631578947;5.333333333333333
2023-05;PARIS-AUSTERLITZ;BRIANÇON;24;24;0;11;54.16666666666666;1.181818181818182
2023-05;PARIS-AUSTERLITZ;TOULOUSE-MATABIAU;69;69;0;21;69.56521739130434;2.2857142857142856
2023-05;PARIS-AUSTERLITZ;RODEZ/ALBI;22;22;0;1;95.45454545454544;21.0
2023-05;ALBI/RODEZ;PARIS-AUSTERLITZ;22;22;0;2;90.9090909090909;10.0
2023-05;CLERMONT-FERRAND;PARIS-BERCY;209;209;0;31;85.16746411483254;5.741935483870968
2023-05;CLERMONT-FERRAND;BÉZIERS;33;32;1;1;96.875;31.0
2023-05;TOULOUSE-MATABIAU;HENDAYE;119;119;0;19;84.03361344537815;5.2631578947368425
2023-05;BORDEAUX-ST-JEAN;MARSEILLE-ST-CHARLES;218;216;2;67;68.98148148148148;2.2238805970149254
2023-05;PARIS-AUSTERLITZ;TOULOUSE-MATABIAU;24;24;0;1;95.83333333333334;23.0
2023-05;BRIANÇON;PARIS-AUSTERLITZ;24;24;0;5;79.16666666666666;3.8
2023-05;LYON;NANTES;67;67;0;22;67.16417910447761;2.0454545454545454
2023-05;NANTES;BORDEAUX-ST-JEAN;122;121;1;19;84.29752066115702;5.368421052631579
2023-05;PARIS-AUSTERLITZ;BRIVE/CAHORS;150;150;0;25;83.33333333333334;5.0
2023-05;CAHORS/BRIVE;PARIS-AUSTERLITZ;157;157;0;21;86.62420382165605;6.476190476190476
2023-05;TOULOUSE-MATABIAU;PARIS-AUSTERLITZ;66;66;0;23;65.15151515151516;1.8695652173913044
2023-05;PARIS-AUSTERLITZ;CERBERE;12;12;0;1;91.66666666666666;11.0
2023-05;PARIS-AUSTERLITZ;NICE-VILLE;24;24;0;7;70.83333333333334;2.4285714285714284
2023-05;BÉZIERS;CLERMONT-FERRAND;33;32;1;1;96.875;31.0
2023-05;NANTES;LYON;67;66;1;17;74.24242424242425;2.8823529411764706
2023-05;TOULOUSE-MATABIAU;PARIS-AUSTERLITZ;24;24;0;1;95.83333333333334;23.0
2023-05;PARIS-AUSTERLITZ;LOURDES/HENDAYE;23;23;0;15;34.78260869565217;0.5333333333333333
2023-05;HENDAYE/LOURDES;PARIS-AUSTERLITZ;23;23;0;6;73.91304347826086;2.833333333333333
2023-05;PARIS-AUSTERLITZ;LATOUR-DE-CAROL;20;20;0;6;70.0;2.333333333333333
2023-05;CERBERE;PARIS-AUSTERLITZ;12;12;0;3;75.0;3.0
2023-05;NICE-VILLE;PARIS-AUSTERLITZ;24;24;0;5;79.16666666666666;3.8
2023-04;PARIS-AUSTERLITZ;TOULOUSE-MATABIAU;72;72;0;8;88.88888888888889;8.0
2023-04;TOULOUSE-MATABIAU;PARIS-AUSTERLITZ;22;22;0;1;95.45454545454544;21.0
2023-04;PARIS-AUSTERLITZ;RODEZ/ALBI;18;18;0;2;88.88888888888889;8.0
2023-04;CERBERE;PARIS-AUSTERLITZ;14;13;1;0;100.0;0.0
2023-04;CLERMONT-FERRAND;PARIS-BERCY;198;196;2;25;87.24489795918367;6.84
2023-04;PARIS-BERCY;CLERMONT-FERRAND;197;194;3;23;88.14432989690721;7.434782608695652
2023-04;BORDEAUX-ST-JEAN;NANTES;105;105;0;18;82.85714285714286;4.833333333333333
2023-04;TOULOUSE-MATABIAU;HENDAYE;0;0;0;0;0.0;0.0
2023-04;TOULOUSE-MATABIAU;PARIS-AUSTERLITZ;71;71;0;9;87.32394366197182;6.888888888888889
2023-04;PARIS-AUSTERLITZ;LOURDES/HENDAYE;2;2;0;2;0.0;0.0
2023-04;HENDAYE/LOURDES;PARIS-AUSTERLITZ;1;1;0;0;100.0;0.0
2023-04;PARIS-AUSTERLITZ;NICE-VILLE;18;18;0;6;66.66666666666666;2.0
2023-04;LYON;NANTES;70;68;2;17;75.0;3.0
2023-04;NANTES;LYON;70;69;1;10;85.5072463768116;5.9
2023-04;HENDAYE;TOULOUSE-MATABIAU;0;0;0;0;0.0;0.0
2023-04;PARIS-AUSTERLITZ;LATOUR-DE-CAROL;17;17;0;1;94.11764705882352;16.0
2023-04;BÉZIERS;CLERMONT-FERRAND;28;28;0;3;89.28571428571429;8.333333333333334
2023-04;CLERMONT-FERRAND;BÉZIERS;28;28;0;2;92.85714285714286;13.0
2023-04;MARSEILLE-ST-CHARLES;BORDEAUX-ST-JEAN;190;186;4;62;66.66666666666666;2.0
2023-04;PARIS-AUSTERLITZ;BRIVE/CAHORS;161;160;1;15;90.625;9.666666666666666
2023-04;CAHORS/BRIVE;PARIS-AUSTERLITZ;170;168;2;11;93.45238095238096;14.272727272727272
2023-04;LATOUR-DE-CAROL;PARIS-AUSTERLITZ;17;15;2;1;93.33333333333331;14.0
2023-04;PARIS-AUSTERLITZ;CERBERE;15;15;0;1;93.33333333333331;14.0
2023-04;NANTES;BORDEAUX-ST-JEAN;103;103;0;7;93.20388349514565;13.714285714285714
2023-04;BORDEAUX-ST-JEAN;MARSEILLE-ST-CHARLES;190;186;4;49;73.65591397849462;2.795918367346939
2023-04;PARIS-AUSTERLITZ;TOULOUSE-MATABIAU;22;22;0;0;100.0;0.0
2023-04;ALBI/RODEZ;PARIS-AUSTERLITZ;17;17;0;2;88.23529411764706;7.5
2023-04;PARIS-AUSTERLITZ;BRIANÇON;10;10;0;6;40.0;0.6666666666666666
2023-04;BRIANÇON;PARIS-AUSTERLITZ;10;10;0;5;50.0;1.0
2023-04;NICE-VILLE;PARIS-AUSTERLITZ;18;18;0;6;66.66666666666666;2.0
2023-03;CLERMONT-FERRAND;BÉZIERS;23;23;0;1;95.65217391304348;22.0
2023-03;LYON;NANTES;49;49;0;9;81.63265306122449;4.444444444444445
2023-03;PARIS-AUSTERLITZ;RODEZ/ALBI;5;5;0;0;100.0;0.0
2023-03;HENDAYE/LOURDES;PARIS-AUSTERLITZ;0;0;0;0;0.0;0.0
2023-03;CERBERE;PARIS-AUSTERLITZ;7;7;0;1;85.71428571428571;6.0
2023-03;PARIS-AUSTERLITZ;BRIANÇON;6;6;0;4;33.33333333333333;0.5
2023-03;BÉZIERS;CLERMONT-FERRAND;23;23;0;1;95.65217391304348;22.0
2023-03;BORDEAUX-ST-JEAN;NANTES;75;74;1;13;82.43243243243244;4.6923076923076925
2023-03;HENDAYE;TOULOUSE-MATABIAU;0;0;0;0;0.0;0.0
2023-03;BORDEAUX-ST-JEAN;MARSEILLE-ST-CHARLES;108;107;1;23;78.50467289719626;3.652173913043478
2023-03;TOULOUSE-MATABIAU;PARIS-AUSTERLITZ;53;53;0;9;83.01886792452831;4.888888888888889
2023-03;ALBI/RODEZ;PARIS-AUSTERLITZ;5;5;0;3;40.0;0.6666666666666666
2023-03;LATOUR-DE-CAROL;PARIS-AUSTERLITZ;6;6;0;1;83.33333333333334;5.0
2023-03;NICE-VILLE;PARIS-AUSTERLITZ;9;8;1;1;87.5;7.0
2023-03;PARIS-BERCY;CLERMONT-FERRAND;150;149;1;24;83.89261744966443;5.208333333333333
2023-03;TOULOUSE-MATABIAU;HENDAYE;0;0;0;0;0.0;0.0
2023-03;PARIS-AUSTERLITZ;TOULOUSE-MATABIAU;50;50;0;7;86.0;6.142857142857143
2023-03;PARIS-AUSTERLITZ;TOULOUSE-MATABIAU;1;1;0;0;100.0;0.0
2023-03;PARIS-AUSTERLITZ;NICE-VILLE;10;10;0;3;70.0;2.333333333333333
2023-03;NANTES;BORDEAUX-ST-JEAN;73;72;1;11;84.72222222222221;5.545454545454546
2023-03;CLERMONT-FERRAND;PARIS-BERCY;149;149;0;34;77.18120805369128;3.3823529411764706
2023-03;NANTES;LYON;47;47;0;11;76.59574468085107;3.272727272727273
2023-03;MARSEILLE-ST-CHARLES;BORDEAUX-ST-JEAN;108;107;1;23;78.50467289719626;3.652173913043478
2023-03;PARIS-AUSTERLITZ;BRIVE/CAHORS;118;117;1;7;94.017094017094;15.714285714285714
2023-03;CAHORS/BRIVE;PARIS-AUSTERLITZ;119;119;0;13;89.07563025210085;8.153846153846153
2023-03;TOULOUSE-MATABIAU;PARIS-AUSTERLITZ;0;0;0;0;0.0;0.0
2023-03;PARIS-AUSTERLITZ;LOURDES/HENDAYE;0;0;0;0;0.0;0.0
2023-03;PARIS-AUSTERLITZ;LATOUR-DE-CAROL;5;5;0;2;60.0;1.5
2023-03;PARIS-AUSTERLITZ;CERBERE;7;7;0;0;100.0;0.0
2023-03;BRIANÇON;PARIS-AUSTERLITZ;5;5;0;2;60.0;1.5
2023-02;BRIANÇON;PARIS-AUSTERLITZ;22;22;0;7;68.18181818181817;2.142857142857143
2023-02;NICE-VILLE;PARIS-AUSTERLITZ;24;24;0;5;79.16666666666666;3.8
2023-02;CLERMONT-FERRAND;PARIS-BERCY;191;190;1;38;80.0;4.0
2023-02;PARIS-BERCY;CLERMONT-FERRAND;191;191;0;25;86.91099476439791;6.64
2023-02;BORDEAUX-ST-JEAN;NANTES;102;102;0;12;88.23529411764706;7.5
2023-02;HENDAYE;TOULOUSE-MATABIAU;0;0;0;0;0.0;0.0
2023-02;TOULOUSE-MATABIAU;HENDAYE;0;0;0;0;0.0;0.0
2023-02;PARIS-AUSTERLITZ;BRIVE/CAHORS;152;149;3;15;89.93288590604027;8.933333333333334
2023-02;TOULOUSE-MATABIAU;PARIS-AUSTERLITZ;71;70;1;10;85.71428571428571;6.0
2023-02;PARIS-AUSTERLITZ;TOULOUSE-MATABIAU;0;0;0;0;0.0;0.0
2023-02;ALBI/RODEZ;PARIS-AUSTERLITZ;23;21;2;5;76.19047619047619;3.2
2023-02;PARIS-AUSTERLITZ;LATOUR-DE-CAROL;23;23;0;2;91.30434782608695;10.5
2023-02;LATOUR-DE-CAROL;PARIS-AUSTERLITZ;23;23;0;2;91.30434782608695;10.5
2023-02;CLERMONT-FERRAND;BÉZIERS;25;25;0;3;88.0;7.333333333333333
2023-02;MARSEILLE-ST-CHARLES;BORDEAUX-ST-JEAN;193;193;0;47;75.64766839378238;3.106382978723404
2023-02;PARIS-AUSTERLITZ;LOURDES/HENDAYE;0;0;0;0;0.0;0.0
2023-02;CERBERE;PARIS-AUSTERLITZ;23;23;0;2;91.30434782608695;10.5
2023-02;PARIS-AUSTERLITZ;BRIANÇON;23;23;0;12;47.82608695652174;0.9166666666666666
2023-02;BÉZIERS;CLERMONT-FERRAND;25;25;0;1;96.0;24.0
2023-02;NANTES;BORDEAUX-ST-JEAN;102;102;0;18;82.35294117647058;4.666666666666667
2023-02;BORDEAUX-ST-JEAN;MARSEILLE-ST-CHARLES;193;193;0;48;75.12953367875647;3.020833333333333
2023-02;CAHORS/BRIVE;PARIS-AUSTERLITZ;154;152;2;28;81.57894736842105;4.428571428571429
2023-02;TOULOUSE-MATABIAU;PARIS-AUSTERLITZ;0;0;0;0;0.0;0.0
2023-02;PARIS-AUSTERLITZ;CERBERE;23;23;0;1;95.65217391304348;22.0
2023-02;LYON;NANTES;76;76;0;9;88.1578947368421;7.444444444444445
2023-02;NANTES;LYON;77;77;0;17;77.92207792207793;3.5294117647058822
2023-02;PARIS-AUSTERLITZ;TOULOUSE-MATABIAU;72;70;2;8;88.57142857142857;7.75
2023-02;PARIS-AUSTERLITZ;RODEZ/ALBI;22;21;1;0;100.0;0.0
2023-02;HENDAYE/LOURDES;PARIS-AUSTERLITZ;0;0;0;0;0.0;0.0
2023-02;PARIS-AUSTERLITZ;NICE-VILLE;23;23;0;4;82.6086956521739;4.75
2023-01;BÉZIERS;CLERMONT-FERRAND;29;29;0;2;93.10344827586206;13.5
2023-01;NANTES;BORDEAUX-ST-JEAN;112;111;1;10;90.990990990991;10.1
2023-01;TOULOUSE-MATABIAU;HENDAYE;0;0;0;0;0.0;0.0
2023-01;PARIS-AUSTERLITZ;RODEZ/ALBI;26;26;0;0;100.0;0.0
2023-01;PARIS-AUSTERLITZ;LATOUR-DE-CAROL;27;27;0;6;77.77777777777779;3.5
2023-01;LATOUR-DE-CAROL;PARIS-AUSTERLITZ;27;27;0;3;88.88888888888889;8.0
2023-01;BRIANÇON;PARIS-AUSTERLITZ;25;24;1;7;70.83333333333334;2.4285714285714284
2023-01;NANTES;LYON;83;82;1;19;76.82926829268293;3.3157894736842106
2023-01;BORDEAUX-ST-JEAN;NANTES;109;108;1;7;93.51851851851852;14.428571428571429
2023-01;HENDAYE;TOULOUSE-MATABIAU;0;0;0;0;0.0;0.0
2023-01;PARIS-AUSTERLITZ;TOULOUSE-MATABIAU;76;76;0;9;88.1578947368421;7.444444444444445
2023-01;PARIS-AUSTERLITZ;TOULOUSE-MATABIAU;0;0;0;0;0.0;0.0
2023-01;PARIS-AUSTERLITZ;LOURDES/HENDAYE;0;0;0;0;0.0;0.0
2023-01;PARIS-AUSTERLITZ;CERBERE;27;27;0;1;96.29629629629628;26.0
2023-01;NICE-VILLE;PARIS-AUSTERLITZ;26;26;0;2;92.3076923076923;12.0
2023-01;CLERMONT-FERRAND;BÉZIERS;29;29;0;2;93.10344827586206;13.5
2023-01;HENDAYE/LOURDES;PARIS-AUSTERLITZ;0;0;0;0;0.0;0.0
2023-01;PARIS-AUSTERLITZ;NICE-VILLE;27;26;1;3;88.46153846153845;7.666666666666667
2023-01;CLERMONT-FERRAND;PARIS-BERCY;218;217;1;45;79.26267281105991;3.8222222222222224
2023-01;PARIS-BERCY;CLERMONT-FERRAND;217;217;0;35;83.87096774193549;5.2
2023-01;LYON;NANTES;84;83;1;10;87.95180722891565;7.3
2023-01;PARIS-AUSTERLITZ;BRIVE/CAHORS;150;150;0;15;90.0;9.0
2023-01;TOULOUSE-MATABIAU;PARIS-AUSTERLITZ;75;75;0;7;90.66666666666666;9.714285714285714
2023-01;ALBI/RODEZ;PARIS-AUSTERLITZ;26;26;0;7;73.07692307692307;2.7142857142857144
2023-01;BORDEAUX-ST-JEAN;MARSEILLE-ST-CHARLES;210;208;2;25;87.98076923076923;7.32
2023-01;MARSEILLE-ST-CHARLES;BORDEAUX-ST-JEAN;210;207;3;38;81.64251207729468;4.447368421052632
2023-01;CAHORS/BRIVE;PARIS-AUSTERLITZ;151;151;0;21;86.09271523178808;6.190476190476191
2023-01;TOULOUSE-MATABIAU;PARIS-AUSTERLITZ;0;0;0;0;0.0;0.0
2023-01;CERBERE;PARIS-AUSTERLITZ;27;27;0;3;88.88888888888889;8.0
2023-01;PARIS-AUSTERLITZ;BRIANÇON;26;26;0;9;65.38461538461539;1.8888888888888888
2022-12;CLERMONT-FERRAND;PARIS-BERCY;211;208;3;32;84.61538461538461;5.5
2022-12;LYON;NANTES;77;77;0;19;75.32467532467533;3.0526315789473686
2022-12;NANTES;LYON;77;77;0;13;83.11688311688312;4.923076923076923
2022-12;BORDEAUX-ST-JEAN;NANTES;111;110;1;16;85.45454545454545;5.875
2022-12;NANTES;BORDEAUX-ST-JEAN;110;110;0;24;78.18181818181819;3.583333333333333
2022-12;HENDAYE;TOULOUSE-MATABIAU;0;0;0;0;0.0;0.0
2022-12;ALBI/RODEZ;PARIS-AUSTERLITZ;15;15;0;7;53.333333333333336;1.1428571428571428
2022-12;MARSEILLE-ST-CHARLES;BORDEAUX-ST-JEAN;131;130;1;44;66.15384615384615;1.9545454545454544
2022-12;PARIS-AUSTERLITZ;BRIVE/CAHORS;146;138;8;39;71.73913043478261;2.5384615384615383
2022-12;CAHORS/BRIVE;PARIS-AUSTERLITZ;130;124;6;26;79.03225806451613;3.769230769230769
2022-12;TOULOUSE-MATABIAU;PARIS-AUSTERLITZ;75;71;4;10;85.91549295774648;6.1
2022-12;HENDAYE/LOURDES;PARIS-AUSTERLITZ;0;0;0;0;0.0;0.0
2022-12;CERBERE;PARIS-AUSTERLITZ;17;16;1;2;87.5;7.0
2022-12;NICE-VILLE;PARIS-AUSTERLITZ;26;26;0;4;84.61538461538461;5.5
2022-12;TOULOUSE-MATABIAU;PARIS-AUSTERLITZ;5;5;0;1;80.0;4.0
2022-12;LATOUR-DE-CAROL;PARIS-AUSTERLITZ;22;17;5;3;82.35294117647058;4.666666666666667
2022-12;PARIS-AUSTERLITZ;CERBERE;17;16;1;3;81.25;4.333333333333333
2022-12;PARIS-AUSTERLITZ;NICE-VILLE;26;26;0;7;73.07692307692307;2.7142857142857144
2022-12;CLERMONT-FERRAND;BÉZIERS;31;31;0;0;100.0;0.0
2022-12;TOULOUSE-MATABIAU;HENDAYE;0;0;0;0;0.0;0.0
2022-12;BORDEAUX-ST-JEAN;MARSEILLE-ST-CHARLES;131;131;0;47;64.12213740458014;1.7872340425531914
2022-12;PARIS-AUSTERLITZ;RODEZ/ALBI;15;13;2;2;84.61538461538461;5.5
2022-12;PARIS-AUSTERLITZ;BRIANÇON;24;24;0;15;37.5;0.6
2022-12;PARIS-BERCY;CLERMONT-FERRAND;211;211;0;23;89.0995260663507;8.173913043478262
2022-12;BÉZIERS;CLERMONT-FERRAND;31;31;0;3;90.32258064516128;9.333333333333334
2022-12;PARIS-AUSTERLITZ;TOULOUSE-MATABIAU;77;72;5;22;69.44444444444444;2.272727272727273
2022-12;PARIS-AUSTERLITZ;TOULOUSE-MATABIAU;5;5;0;1;80.0;4.0
2022-12;PARIS-AUSTERLITZ;LOURDES/HENDAYE;0;0;0;0;0.0;0.0
2022-12;PARIS-AUSTERLITZ;LATOUR-DE-CAROL;22;17;5;9;47.05882352941176;0.8888888888888888
2022-12;BRIANÇON;PARIS-AUSTERLITZ;23;23;0;7;69.56521739130434;2.2857142857142856
2022-11;BÉZIERS;CLERMONT-FERRAND;30;30;0;3;90.0;9.0
2022-11;NANTES;LYON;41;41;0;5;87.8048780487805;7.2
2022-11;BORDEAUX-ST-JEAN;NANTES;118;113;5;16;85.84070796460178;6.0625
2022-11;CAHORS/BRIVE;PARIS-AUSTERLITZ;155;155;0;21;86.45161290322581;6.380952380952381
2022-11;TOULOUSE-MATABIAU;PARIS-AUSTERLITZ;27;27;0;3;88.88888888888889;8.0
2022-11;HENDAYE/LOURDES;PARIS-AUSTERLITZ;0;0;0;0;0.0;0.0
2022-11;CERBERE;PARIS-AUSTERLITZ;9;9;0;0;100.0;0.0
2022-11;NICE-VILLE;PARIS-AUSTERLITZ;25;25;0;4;84.0;5.25
2022-11;PARIS-BERCY;CLERMONT-FERRAND;207;205;2;32;84.39024390243902;5.40625
2022-11;CLERMONT-FERRAND;BÉZIERS;30;30;0;3;90.0;9.0
2022-11;PARIS-AUSTERLITZ;TOULOUSE-MATABIAU;76;76;0;8;89.47368421052632;8.5
2022-11;PARIS-AUSTERLITZ;TOULOUSE-MATABIAU;27;27;0;0;100.0;0.0
2022-11;LATOUR-DE-CAROL;PARIS-AUSTERLITZ;25;25;0;2;92.0;11.5
2022-11;PARIS-AUSTERLITZ;CERBERE;9;9;0;2;77.77777777777779;3.5
2022-11;PARIS-AUSTERLITZ;NICE-VILLE;25;25;0;4;84.0;5.25
2022-11;HENDAYE;TOULOUSE-MATABIAU;0;0;0;0;0.0;0.0
2022-11;TOULOUSE-MATABIAU;HENDAYE;0;0;0;0;0.0;0.0
2022-11;ALBI/RODEZ;PARIS-AUSTERLITZ;25;25;0;8;68.0;2.125
2022-11;PARIS-AUSTERLITZ;LOURDES/HENDAYE;0;0;0;0;0.0;0.0
2022-11;PARIS-AUSTERLITZ;BRIANÇON;10;10;0;5;50.0;1.0
2022-11;CLERMONT-FERRAND;PARIS-BERCY;208;206;2;30;85.43689320388349;5.866666666666666
2022-11;BORDEAUX-ST-JEAN;MARSEILLE-ST-CHARLES;182;175;7;50;71.42857142857143;2.5
2022-11;MARSEILLE-ST-CHARLES;BORDEAUX-ST-JEAN;180;171;9;48;71.9298245614035;2.5625
2022-11;TOULOUSE-MATABIAU;PARIS-AUSTERLITZ;74;74;0;11;85.13513513513513;5.727272727272728
2022-11;BRIANÇON;PARIS-AUSTERLITZ;10;10;0;2;80.0;4.0
2022-11;LYON;NANTES;41;41;0;9;78.04878048780488;3.555555555555556
2022-11;NANTES;BORDEAUX-ST-JEAN;116;112;4;15;86.60714285714286;6.466666666666667
2022-11;PARIS-AUSTERLITZ;BRIVE/CAHORS;154;154;0;23;85.06493506493507;5.695652173913044
2022-11;PARIS-AUSTERLITZ;RODEZ/ALBI;25;25;0;2;92.0;11.5
2022-11;PARIS-AUSTERLITZ;LATOUR-DE-CAROL;25;25;0;5;80.0;4.0
2022-10;CLERMONT-FERRAND;BÉZIERS;30;30;0;2;93.33333333333331;14.0
2022-10;HENDAYE;TOULOUSE-MATABIAU;64;63;1;5;92.06349206349206;11.6
2022-10;PARIS-AUSTERLITZ;BRIVE/CAHORS;178;178;0;15;91.57303370786516;10.866666666666667
2022-10;PARIS-AUSTERLITZ;TOULOUSE-MATABIAU;84;84;0;10;88.09523809523809;7.4
2022-10;PARIS-AUSTERLITZ;BRIANÇON;9;9;0;4;55.55555555555556;1.25
2022-10;PARIS-BERCY;CLERMONT-FERRAND;219;217;2;14;93.5483870967742;14.5
2022-10;LYON;NANTES;61;60;1;13;78.33333333333333;3.615384615384616
2022-10;NANTES;LYON;61;61;0;11;81.9672131147541;4.545454545454546
2022-10;NANTES;BORDEAUX-ST-JEAN;120;119;1;9;92.43697478991596;12.22222222222222
2022-10;BORDEAUX-ST-JEAN;MARSEILLE-ST-CHARLES;216;214;2;67;68.69158878504673;2.194029850746269
2022-10;CAHORS/BRIVE;PARIS-AUSTERLITZ;189;189;0;28;85.18518518518519;5.75
2022-10;LATOUR-DE-CAROL;PARIS-AUSTERLITZ;26;26;0;0;100.0;0.0
2022-10;PARIS-AUSTERLITZ;CERBERE;14;14;0;0;100.0;0.0
2022-10;CERBERE;PARIS-AUSTERLITZ;14;14;0;0;100.0;0.0
2022-10;NICE-VILLE;PARIS-AUSTERLITZ;19;19;0;12;36.84210526315789;0.5833333333333334
2022-10;BÉZIERS;CLERMONT-FERRAND;30;30;0;3;90.0;9.0
2022-10;PARIS-AUSTERLITZ;LOURDES/HENDAYE;14;14;0;2;85.71428571428571;6.0
2022-10;TOULOUSE-MATABIAU;HENDAYE;64;64;0;2;96.875;31.0
2022-10;MARSEILLE-ST-CHARLES;BORDEAUX-ST-JEAN;217;216;1;67;68.98148148148148;2.2238805970149254
2022-10;PARIS-AUSTERLITZ;TOULOUSE-MATABIAU;26;26;0;1;96.15384615384616;25.0
2022-10;ALBI/RODEZ;PARIS-AUSTERLITZ;25;24;1;7;70.83333333333334;2.4285714285714284
2022-10;HENDAYE/LOURDES;PARIS-AUSTERLITZ;15;15;0;0;100.0;0.0
2022-10;BRIANÇON;PARIS-AUSTERLITZ;9;9;0;5;44.44444444444444;0.8
2022-10;CLERMONT-FERRAND;PARIS-BERCY;219;219;0;22;89.95433789954338;8.954545454545455
2022-10;BORDEAUX-ST-JEAN;NANTES;120;120;0;10;91.66666666666666;11.0
2022-10;TOULOUSE-MATABIAU;PARIS-AUSTERLITZ;83;83;0;16;80.72289156626506;4.1875
2022-10;TOULOUSE-MATABIAU;PARIS-AUSTERLITZ;26;26;0;0;100.0;0.0
2022-10;PARIS-AUSTERLITZ;RODEZ/ALBI;24;23;1;0;100.0;0.0
2022-10;PARIS-AUSTERLITZ;LATOUR-DE-CAROL;25;25;0;1;96.0;24.0
2022-10;PARIS-AUSTERLITZ;NICE-VILLE;19;19;0;3;84.21052631578947;5.333333333333333
2022-09;CLERMONT-FERRAND;PARIS-BERCY;221;220;1;18;91.81818181818184;11.22222222222222
2022-09;BORDEAUX-ST-JEAN;MARSEILLE-ST-CHARLES;221;219;2;76;65.29680365296804;1.881578947368421
2022-09;TOULOUSE-MATABIAU;PARIS-AUSTERLITZ;25;25;0;2;92.0;11.5
2022-09;CERBERE;PARIS-AUSTERLITZ;9;9;0;0;100.0;0.0
2022-09;NICE-VILLE;PARIS-AUSTERLITZ;22;19;3;13;31.57894736842105;0.4615384615384615
2022-09;NANTES;LYON;58;58;0;6;89.65517241379311;8.666666666666666
2022-09;ALBI/RODEZ;PARIS-AUSTERLITZ;25;25;0;2;92.0;11.5
2022-09;BÉZIERS;CLERMONT-FERRAND;37;36;1;3;91.66666666666666;11.0
2022-09;CLERMONT-FERRAND;BÉZIERS;37;36;1;0;100.0;0.0
2022-09;BORDEAUX-ST-JEAN;NANTES;117;115;2;24;79.13043478260869;3.7916666666666665
2022-09;NANTES;BORDEAUX-ST-JEAN;118;117;1;18;84.61538461538461;5.5
2022-09;HENDAYE;TOULOUSE-MATABIAU;117;112;5;6;94.64285714285714;17.666666666666668
2022-09;MARSEILLE-ST-CHARLES;BORDEAUX-ST-JEAN;222;217;5;76;64.97695852534562;1.855263157894737
2022-09;PARIS-AUSTERLITZ;TOULOUSE-MATABIAU;25;25;0;0;100.0;0.0
2022-09;PARIS-AUSTERLITZ;RODEZ/ALBI;26;25;1;1;96.0;24.0
2022-09;PARIS-AUSTERLITZ;LATOUR-DE-CAROL;24;21;3;3;85.71428571428571;6.0
2022-09;LYON;NANTES;59;58;1;5;91.3793103448276;10.6
2022-09;PARIS-AUSTERLITZ;TOULOUSE-MATABIAU;79;79;0;6;92.40506329113924;12.166666666666666
2022-09;TOULOUSE-MATABIAU;PARIS-AUSTERLITZ;78;77;1;8;89.6103896103896;8.625
2022-09;HENDAYE/LOURDES;PARIS-AUSTERLITZ;25;25;0;1;96.0;24.0
2022-09;PARIS-AUSTERLITZ;NICE-VILLE;22;19;3;6;68.42105263157895;2.1666666666666665
2022-09;PARIS-BERCY;CLERMONT-FERRAND;221;221;0;13;94.11764705882352;16.0
2022-09;TOULOUSE-MATABIAU;HENDAYE;115;114;1;10;91.2280701754386;10.4
2022-09;PARIS-AUSTERLITZ;BRIVE/CAHORS;171;170;1;17;90.0;9.0
2022-09;CAHORS/BRIVE;PARIS-AUSTERLITZ;178;176;2;15;91.47727272727272;10.733333333333333
2022-09;PARIS-AUSTERLITZ;LOURDES/HENDAYE;25;25;0;2;92.0;11.5
2022-09;LATOUR-DE-CAROL;PARIS-AUSTERLITZ;23;23;0;1;95.65217391304348;22.0
2022-09;PARIS-AUSTERLITZ;CERBERE;9;9;0;0;100.0;0.0
2022-09;PARIS-AUSTERLITZ;BRIANÇON;19;19;0;9;52.63157894736842;1.1111111111111112
2022-09;BRIANÇON;PARIS-AUSTERLITZ;20;19;1;11;42.10526315789473;0.7272727272727273
2022-08;PARIS-BERCY;CLERMONT-FERRAND;216;215;1;19;91.16279069767442;10.31578947368421
2022-08;PARIS-AUSTERLITZ;BRIVE/CAHORS;187;185;2;26;85.94594594594595;6.115384615384615
2022-08;TOULOUSE-MATABIAU;PARIS-AUSTERLITZ;88;88;0;14;84.0909090909091;5.285714285714286
2022-08;TOULOUSE-MATABIAU;PARIS-AUSTERLITZ;31;31;0;2;93.5483870967742;14.5
2022-08;BORDEAUX-ST-JEAN;NANTES;125;124;1;14;88.70967741935483;7.857142857142857
2022-08;NANTES;BORDEAUX-ST-JEAN;124;123;1;23;81.30081300813008;4.3478260869565215
2022-08;PARIS-AUSTERLITZ;RODEZ/ALBI;31;31;0;7;77.41935483870968;3.4285714285714284
2022-08;BÉZIERS;CLERMONT-FERRAND;19;19;0;5;73.68421052631578;2.8
2022-08;NANTES;LYON;62;61;1;12;80.32786885245902;4.083333333333333
2022-08;TOULOUSE-MATABIAU;HENDAYE;124;122;2;15;87.70491803278688;7.133333333333334
2022-08;CAHORS/BRIVE;PARIS-AUSTERLITZ;197;195;2;14;92.82051282051282;12.928571428571429
2022-08;PARIS-AUSTERLITZ;TOULOUSE-MATABIAU;31;31;0;2;93.5483870967742;14.5
2022-08;PARIS-AUSTERLITZ;LOURDES/HENDAYE;31;31;0;13;58.06451612903226;1.3846153846153846
2022-08;PARIS-AUSTERLITZ;LATOUR-DE-CAROL;30;28;2;7;75.0;3.0
2022-08;PARIS-AUSTERLITZ;CERBERE;28;28;0;3;89.28571428571429;8.333333333333334
2022-08;PARIS-AUSTERLITZ;BRIANÇON;31;29;2;8;72.41379310344827;2.625
2022-08;LYON;NANTES;63;62;1;12;80.64516129032258;4.166666666666667
2022-08;ALBI/RODEZ;PARIS-AUSTERLITZ;31;30;1;2;93.33333333333331;14.0
2022-08;LATOUR-DE-CAROL;PARIS-AUSTERLITZ;30;28;2;9;67.85714285714286;2.111111111111111
2022-08;BRIANÇON;PARIS-AUSTERLITZ;31;30;1;12;60.0;1.5
2022-08;PARIS-AUSTERLITZ;NICE-VILLE;31;30;1;3;90.0;9.0
2022-08;NICE-VILLE;PARIS-AUSTERLITZ;31;30;1;12;60.0;1.5
2022-08;CLERMONT-FERRAND;PARIS-BERCY;216;216;0;29;86.57407407407408;6.448275862068965
2022-08;CLERMONT-FERRAND;BÉZIERS;19;19;0;1;94.73684210526316;18.0
2022-08;HENDAYE;TOULOUSE-MATABIAU;124;123;1;8;93.4959349593496;14.375
2022-08;BORDEAUX-ST-JEAN;MARSEILLE-ST-CHARLES;237;234;3;77;67.09401709401709;2.038961038961039
2022-08;MARSEILLE-ST-CHARLES;BORDEAUX-ST-JEAN;238;234;4;99;57.692307692307686;1.3636363636363635
2022-08;PARIS-AUSTERLITZ;TOULOUSE-MATABIAU;88;88;0;8;90.9090909090909;10.0
2022-08;HENDAYE/LOURDES;PARIS-AUSTERLITZ;31;31;0;10;67.74193548387096;2.1
2022-08;CERBERE;PARIS-AUSTERLITZ;28;28;0;9;67.85714285714286;2.111111111111111
2022-07;BORDEAUX-ST-JEAN;MARSEILLE-ST-CHARLES;217;213;4;114;46.478873239436616;0.868421052631579
2022-07;PARIS-AUSTERLITZ;TOULOUSE-MATABIAU;84;82;2;20;75.60975609756098;3.1
2022-07;TOULOUSE-MATABIAU;PARIS-AUSTERLITZ;29;29;0;6;79.3103448275862;3.8333333333333335
2022-07;ALBI/RODEZ;PARIS-AUSTERLITZ;27;27;0;7;74.07407407407408;2.857142857142857
2022-07;PARIS-AUSTERLITZ;NICE-VILLE;30;30;0;3;90.0;9.0
2022-07;NICE-VILLE;PARIS-AUSTERLITZ;31;30;1;5;83.33333333333334;5.0
2022-07;CLERMONT-FERRAND;PARIS-BERCY;207;205;2;26;87.3170731707317;6.884615384615385
2022-07;PARIS-BERCY;CLERMONT-FERRAND;204;203;1;26;87.192118226601;6.807692307692308
2022-07;CLERMONT-FERRAND;BÉZIERS;12;12;0;2;83.33333333333334;5.0
2022-07;LATOUR-DE-CAROL;PARIS-AUSTERLITZ;30;28;2;14;50.0;1.0
2022-07;LYON;NANTES;58;58;0;4;93.10344827586206;13.5
2022-07;BORDEAUX-ST-JEAN;NANTES;116;115;1;26;77.39130434782608;3.423076923076923
2022-07;MARSEILLE-ST-CHARLES;BORDEAUX-ST-JEAN;218;214;4;122;42.99065420560748;0.7540983606557377
2022-07;PARIS-AUSTERLITZ;BRIVE/CAHORS;183;181;2;43;76.24309392265194;3.209302325581396
2022-07;PARIS-AUSTERLITZ;LOURDES/HENDAYE;29;27;2;14;48.14814814814815;0.9285714285714286
2022-07;CERBERE;PARIS-AUSTERLITZ;30;29;1;15;48.27586206896552;0.9333333333333332
2022-07;PARIS-AUSTERLITZ;BRIANÇON;29;29;0;15;48.27586206896552;0.9333333333333332
2022-07;NANTES;LYON;58;57;1;8;85.96491228070175;6.125
2022-07;HENDAYE;TOULOUSE-MATABIAU;119;115;4;22;80.8695652173913;4.227272727272728
2022-07;TOULOUSE-MATABIAU;HENDAYE;110;107;3;27;74.76635514018692;2.962962962962963
2022-07;PARIS-AUSTERLITZ;RODEZ/ALBI;27;26;1;2;92.3076923076923;12.0
2022-07;HENDAYE/LOURDES;PARIS-AUSTERLITZ;31;29;2;15;48.27586206896552;0.9333333333333332
2022-07;PARIS-AUSTERLITZ;CERBERE;29;28;1;2;92.85714285714286;13.0
2022-07;BRIANÇON;PARIS-AUSTERLITZ;30;29;1;5;82.75862068965517;4.8
2022-07;BÉZIERS;CLERMONT-FERRAND;12;12;0;0;100.0;0.0
2022-07;NANTES;BORDEAUX-ST-JEAN;117;116;1;15;87.06896551724138;6.733333333333333
2022-07;CAHORS/BRIVE;PARIS-AUSTERLITZ;196;192;4;46;76.04166666666666;3.1739130434782608
2022-07;TOULOUSE-MATABIAU;PARIS-AUSTERLITZ;84;84;0;25;70.23809523809523;2.36
2022-07;PARIS-AUSTERLITZ;TOULOUSE-MATABIAU;29;29;0;1;96.55172413793105;28.0
2022-07;PARIS-AUSTERLITZ;LATOUR-DE-CAROL;30;26;4;3;88.46153846153845;7.666666666666667
2022-06;LYON;NANTES;56;55;1;15;72.72727272727273;2.6666666666666665
2022-06;PARIS-AUSTERLITZ;TOULOUSE-MATABIAU;26;25;1;0;100.0;0.0
2022-06;PARIS-AUSTERLITZ;LATOUR-DE-CAROL;25;23;2;0;100.0;0.0
2022-06;PARIS-AUSTERLITZ;NICE-VILLE;24;24;0;2;91.66666666666666;11.0
2022-06;BÉZIERS;CLERMONT-FERRAND;49;48;1;6;87.5;7.0
2022-06;NANTES;BORDEAUX-ST-JEAN;120;119;1;20;83.19327731092437;4.95
2022-06;PARIS-AUSTERLITZ;TOULOUSE-MATABIAU;80;80;0;23;71.25;2.4782608695652173
2022-06;HENDAYE/LOURDES;PARIS-AUSTERLITZ;24;23;1;3;86.95652173913044;6.666666666666667
2022-06;PARIS-AUSTERLITZ;CERBERE;7;7;0;2;71.42857142857143;2.5
2022-06;NICE-VILLE;PARIS-AUSTERLITZ;30;30;0;8;73.33333333333333;2.75
2022-06;PARIS-BERCY;CLERMONT-FERRAND;216;214;2;23;89.25233644859813;8.304347826086957
2022-06;NANTES;LYON;55;54;1;10;81.48148148148148;4.4
2022-06;BORDEAUX-ST-JEAN;NANTES;121;119;2;19;84.03361344537815;5.2631578947368425
2022-06;CAHORS/BRIVE;PARIS-AUSTERLITZ;178;170;8;22;87.05882352941177;6.727272727272728
2022-06;PARIS-AUSTERLITZ;RODEZ/ALBI;14;14;0;2;85.71428571428571;6.0
2022-06;CERBERE;PARIS-AUSTERLITZ;7;7;0;2;71.42857142857143;2.5
2022-06;HENDAYE;TOULOUSE-MATABIAU;122;118;4;16;86.4406779661017;6.375
2022-06;TOULOUSE-MATABIAU;HENDAYE;120;118;2;22;81.35593220338984;4.363636363636363
2022-06;TOULOUSE-MATABIAU;PARIS-AUSTERLITZ;78;78;0;19;75.64102564102564;3.1052631578947367
2022-06;ALBI/RODEZ;PARIS-AUSTERLITZ;15;15;0;5;66.66666666666666;2.0
2022-06;PARIS-AUSTERLITZ;LOURDES/HENDAYE;26;26;0;3;88.46153846153845;7.666666666666667
2022-06;CLERMONT-FERRAND;PARIS-BERCY;219;218;1;21;90.36697247706422;9.38095238095238
2022-06;CLERMONT-FERRAND;BÉZIERS;50;48;2;4;91.66666666666666;11.0
2022-06;BORDEAUX-ST-JEAN;MARSEILLE-ST-CHARLES;224;220;4;88;60.0;1.5
2022-06;MARSEILLE-ST-CHARLES;BORDEAUX-ST-JEAN;220;217;3;75;65.43778801843318;1.893333333333333
2022-06;PARIS-AUSTERLITZ;BRIVE/CAHORS;164;161;3;22;86.33540372670807;6.318181818181818
2022-06;TOULOUSE-MATABIAU;PARIS-AUSTERLITZ;26;26;0;2;92.3076923076923;12.0
2022-06;LATOUR-DE-CAROL;PARIS-AUSTERLITZ;27;26;1;3;88.46153846153845;7.666666666666667
2022-06;PARIS-AUSTERLITZ;BRIANÇON;28;28;0;8;71.42857142857143;2.5
2022-06;BRIANÇON;PARIS-AUSTERLITZ;29;29;0;8;72.41379310344827;2.625
2022-05;BORDEAUX-ST-JEAN;NANTES;123;122;1;10;91.8032786885246;11.2
2022-05;TOULOUSE-MATABIAU;PARIS-AUSTERLITZ;70;70;0;16;77.14285714285715;3.375
2022-05;ALBI/RODEZ;PARIS-AUSTERLITZ;8;7;1;0;100.0;0.0
2022-05;PARIS-AUSTERLITZ;BRIANÇON;20;20;0;8;60.0;1.5
2022-05;PARIS-AUSTERLITZ;NICE-VILLE;26;26;0;6;76.92307692307693;3.333333333333333
2022-05;PARIS-BERCY;CLERMONT-FERRAND;209;205;4;8;96.09756097560977;24.625
2022-05;PARIS-AUSTERLITZ;TOULOUSE-MATABIAU;24;24;0;1;95.83333333333334;23.0
2022-05;TOULOUSE-MATABIAU;PARIS-AUSTERLITZ;24;24;0;2;91.66666666666666;11.0
2022-05;CERBERE;PARIS-AUSTERLITZ;10;10;0;0;100.0;0.0
2022-05;NICE-VILLE;PARIS-AUSTERLITZ;26;26;0;4;84.61538461538461;5.5
2022-05;HENDAYE;TOULOUSE-MATABIAU;113;113;0;15;86.72566371681415;6.533333333333333
2022-05;TOULOUSE-MATABIAU;HENDAYE;113;113;0;14;87.61061946902655;7.071428571428571
2022-05;PARIS-AUSTERLITZ;BRIVE/CAHORS;160;158;2;15;90.50632911392404;9.533333333333331
2022-05;PARIS-AUSTERLITZ;RODEZ/ALBI;8;8;0;0;100.0;0.0
2022-05;PARIS-AUSTERLITZ;LOURDES/HENDAYE;23;23;0;1;95.65217391304348;22.0
2022-05;PARIS-AUSTERLITZ;LATOUR-DE-CAROL;22;20;2;2;90.0;9.0
2022-05;LATOUR-DE-CAROL;PARIS-AUSTERLITZ;23;23;0;1;95.65217391304348;22.0
2022-05;NANTES;LYON;56;55;1;6;89.0909090909091;8.166666666666666
2022-05;NANTES;BORDEAUX-ST-JEAN;123;123;0;13;89.43089430894308;8.461538461538462
2022-05;MARSEILLE-ST-CHARLES;BORDEAUX-ST-JEAN;212;211;1;67;68.24644549763033;2.149253731343284
2022-05;CAHORS/BRIVE;PARIS-AUSTERLITZ;171;167;4;23;86.22754491017965;6.260869565217392
2022-05;PARIS-AUSTERLITZ;TOULOUSE-MATABIAU;73;73;0;10;86.3013698630137;6.3
2022-05;HENDAYE/LOURDES;PARIS-AUSTERLITZ;23;23;0;1;95.65217391304348;22.0
2022-05;PARIS-AUSTERLITZ;CERBERE;10;10;0;0;100.0;0.0
2022-05;CLERMONT-FERRAND;PARIS-BERCY;210;209;1;20;90.43062200956938;9.45
2022-05;BÉZIERS;CLERMONT-FERRAND;48;48;0;3;93.75;15.0
2022-05;CLERMONT-FERRAND;BÉZIERS;49;48;1;6;87.5;7.0
2022-05;LYON;NANTES;55;55;0;14;74.54545454545455;2.9285714285714284
2022-05;BORDEAUX-ST-JEAN;MARSEILLE-ST-CHARLES;212;210;2;65;69.04761904761905;2.230769230769231
2022-05;BRIANÇON;PARIS-AUSTERLITZ;20;20;0;1;95.0;19.0
2022-04;TOULOUSE-MATABIAU;PARIS-AUSTERLITZ;71;71;0;12;83.09859154929578;4.916666666666667
2022-04;CERBERE;PARIS-AUSTERLITZ;12;12;0;2;83.33333333333334;5.0
2022-04;BÉZIERS;CLERMONT-FERRAND;30;30;0;5;83.33333333333334;5.0
2022-04;NANTES;LYON;55;55;0;5;90.9090909090909;10.0
2022-04;MARSEILLE-ST-CHARLES;BORDEAUX-ST-JEAN;178;175;3;59;66.28571428571428;1.9661016949152543
2022-04;PARIS-AUSTERLITZ;BRIVE/CAHORS;154;153;1;14;90.84967320261438;9.928571428571429
2022-04;PARIS-AUSTERLITZ;TOULOUSE-MATABIAU;72;72;0;10;86.11111111111111;6.2
2022-04;TOULOUSE-MATABIAU;PARIS-AUSTERLITZ;22;22;0;0;100.0;0.0
2022-04;HENDAYE/LOURDES;PARIS-AUSTERLITZ;22;22;0;2;90.9090909090909;10.0
2022-04;PARIS-AUSTERLITZ;CERBERE;12;12;0;0;100.0;0.0
2022-04;TOULOUSE-MATABIAU;HENDAYE;109;109;0;9;91.74311926605505;11.11111111111111
2022-04;ALBI/RODEZ;PARIS-AUSTERLITZ;18;17;1;2;88.23529411764706;7.5
2022-04;LATOUR-DE-CAROL;PARIS-AUSTERLITZ;22;21;1;2;90.47619047619048;9.5
2022-04;PARIS-BERCY;CLERMONT-FERRAND;206;205;1;12;94.14634146341464;16.083333333333332
2022-04;CLERMONT-FERRAND;BÉZIERS;30;30;0;2;93.33333333333331;14.0
2022-04;BORDEAUX-ST-JEAN;MARSEILLE-ST-CHARLES;176;174;2;50;71.26436781609196;2.48
2022-04;CAHORS/BRIVE;PARIS-AUSTERLITZ;162;162;0;17;89.50617283950618;8.529411764705882
2022-04;PARIS-AUSTERLITZ;RODEZ/ALBI;18;17;1;0;100.0;0.0
2022-04;PARIS-AUSTERLITZ;LOURDES/HENDAYE;22;22;0;1;95.45454545454544;21.0
2022-04;BRIANÇON;PARIS-AUSTERLITZ;26;26;0;2;92.3076923076923;12.0
2022-04;PARIS-AUSTERLITZ;NICE-VILLE;18;18;0;4;77.77777777777779;3.5
2022-04;CLERMONT-FERRAND;PARIS-BERCY;206;204;2;10;95.09803921568628;19.4
2022-04;LYON;NANTES;55;53;2;8;84.90566037735849;5.625
2022-04;BORDEAUX-ST-JEAN;NANTES;120;115;5;13;88.69565217391305;7.846153846153846
2022-04;NANTES;BORDEAUX-ST-JEAN;120;117;3;9;92.3076923076923;12.0
2022-04;HENDAYE;TOULOUSE-MATABIAU;108;107;1;8;92.5233644859813;12.375
2022-04;PARIS-AUSTERLITZ;TOULOUSE-MATABIAU;22;22;0;0;100.0;0.0
2022-04;PARIS-AUSTERLITZ;LATOUR-DE-CAROL;22;22;0;3;86.36363636363636;6.333333333333333
2022-04;PARIS-AUSTERLITZ;BRIANÇON;26;26;0;9;65.38461538461539;1.8888888888888888
2022-04;NICE-VILLE;PARIS-AUSTERLITZ;18;18;0;2;88.88888888888889;8.0
2022-03;PARIS-AUSTERLITZ;BRIVE/CAHORS;185;181;4;13;92.81767955801104;12.923076923076923
2022-03;TOULOUSE-MATABIAU;PARIS-AUSTERLITZ;89;88;1;7;92.04545454545456;11.571428571428571
2022-03;PARIS-AUSTERLITZ;LOURDES/HENDAYE;31;31;0;1;96.7741935483871;30.0
2022-03;PARIS-AUSTERLITZ;BRIANÇON;28;28;0;9;67.85714285714286;2.111111111111111
2022-03;PARIS-BERCY;CLERMONT-FERRAND;232;229;3;18;92.13973799126636;11.72222222222222
2022-03;BÉZIERS;CLERMONT-FERRAND;31;31;0;2;93.5483870967742;14.5
2022-03;NANTES;LYON;62;62;0;5;91.93548387096774;11.4
2022-03;BORDEAUX-ST-JEAN;NANTES;106;104;2;10;90.3846153846154;9.4
2022-03;BORDEAUX-ST-JEAN;MARSEILLE-ST-CHARLES;194;194;0;35;81.95876288659794;4.542857142857143
2022-03;HENDAYE/LOURDES;PARIS-AUSTERLITZ;31;31;0;1;96.7741935483871;30.0
2022-03;PARIS-AUSTERLITZ;LATOUR-DE-CAROL;29;29;0;2;93.10344827586206;13.5
2022-03;PARIS-AUSTERLITZ;TOULOUSE-MATABIAU;31;31;0;0;100.0;0.0
2022-03;PARIS-AUSTERLITZ;CERBERE;12;12;0;3;75.0;3.0
2022-03;NICE-VILLE;PARIS-AUSTERLITZ;23;23;0;0;100.0;0.0
2022-03;CLERMONT-FERRAND;PARIS-BERCY;231;225;6;29;87.1111111111111;6.758620689655173
2022-03;CLERMONT-FERRAND;BÉZIERS;31;31;0;1;96.7741935483871;30.0
2022-03;LYON;NANTES;62;62;0;10;83.87096774193549;5.2
2022-03;HENDAYE;TOULOUSE-MATABIAU;102;101;1;10;90.0990099009901;9.1
2022-03;TOULOUSE-MATABIAU;HENDAYE;102;102;0;4;96.07843137254902;24.5
2022-03;MARSEILLE-ST-CHARLES;BORDEAUX-ST-JEAN;195;195;0;42;78.46153846153847;3.642857142857143
2022-03;TOULOUSE-MATABIAU;PARIS-AUSTERLITZ;31;31;0;1;96.7741935483871;30.0
2022-03;PARIS-AUSTERLITZ;RODEZ/ALBI;24;24;0;2;91.66666666666666;11.0
2022-03;CERBERE;PARIS-AUSTERLITZ;11;11;0;0;100.0;0.0
2022-03;NANTES;BORDEAUX-ST-JEAN;105;105;0;10;90.47619047619048;9.5
2022-03;CAHORS/BRIVE;PARIS-AUSTERLITZ;192;187;5;14;92.51336898395722;12.357142857142858
2022-03;PARIS-AUSTERLITZ;TOULOUSE-MATABIAU;89;88;1;11;87.5;7.0
2022-03;ALBI/RODEZ;PARIS-AUSTERLITZ;23;23;0;2;91.30434782608695;10.5
2022-03;LATOUR-DE-CAROL;PARIS-AUSTERLITZ;30;29;1;1;96.55172413793105;28.0
2022-03;BRIANÇON;PARIS-AUSTERLITZ;28;28;0;6;78.57142857142857;3.6666666666666665
2022-03;PARIS-AUSTERLITZ;NICE-VILLE;24;24;0;2;91.66666666666666;11.0
2022-02;LYON;NANTES;56;56;0;9;83.92857142857143;5.222222222222222
2022-02;NANTES;LYON;56;56;0;9;83.92857142857143;5.222222222222222
2022-02;TOULOUSE-MATABIAU;HENDAYE;94;94;0;5;94.6808510638298;17.8
2022-02;CAHORS/BRIVE;PARIS-AUSTERLITZ;144;143;1;19;86.7132867132867;6.526315789473684
2022-02;TOULOUSE-MATABIAU;PARIS-AUSTERLITZ;76;76;0;6;92.10526315789474;11.666666666666666
2022-02;PARIS-AUSTERLITZ;TOULOUSE-MATABIAU;25;25;0;1;96.0;24.0
2022-02;TOULOUSE-MATABIAU;PARIS-AUSTERLITZ;26;26;0;0;100.0;0.0
2022-02;PARIS-AUSTERLITZ;RODEZ/ALBI;25;25;0;2;92.0;11.5
2022-02;PARIS-AUSTERLITZ;LOURDES/HENDAYE;26;26;0;6;76.92307692307693;3.333333333333333
2022-02;LATOUR-DE-CAROL;PARIS-AUSTERLITZ;26;26;0;1;96.15384615384616;25.0
2022-02;NICE-VILLE;PARIS-AUSTERLITZ;28;28;0;1;96.42857142857144;27.0
2022-02;CLERMONT-FERRAND;PARIS-BERCY;181;180;1;14;92.22222222222224;11.857142857142858
2022-02;PARIS-BERCY;CLERMONT-FERRAND;183;182;1;12;93.4065934065934;14.166666666666666
2022-02;BÉZIERS;CLERMONT-FERRAND;28;28;0;1;96.42857142857144;27.0
2022-02;BORDEAUX-ST-JEAN;MARSEILLE-ST-CHARLES;171;169;2;39;76.92307692307693;3.333333333333333
2022-02;CERBERE;PARIS-AUSTERLITZ;15;15;0;1;93.33333333333331;14.0
2022-02;PARIS-AUSTERLITZ;NICE-VILLE;28;28;0;4;85.71428571428571;6.0
2022-02;BORDEAUX-ST-JEAN;NANTES;91;91;0;11;87.91208791208791;7.272727272727272
2022-02;NANTES;BORDEAUX-ST-JEAN;91;91;0;8;91.2087912087912;10.375
2022-02;MARSEILLE-ST-CHARLES;BORDEAUX-ST-JEAN;169;167;2;38;77.24550898203593;3.394736842105264
2022-02;PARIS-AUSTERLITZ;BRIVE/CAHORS;136;136;0;6;95.58823529411764;21.666666666666668
2022-02;PARIS-AUSTERLITZ;CERBERE;14;14;0;2;85.71428571428571;6.0
2022-02;PARIS-AUSTERLITZ;BRIANÇON;28;28;0;7;75.0;3.0
2022-02;CLERMONT-FERRAND;BÉZIERS;28;28;0;2;92.85714285714286;13.0
2022-02;HENDAYE;TOULOUSE-MATABIAU;94;94;0;7;92.5531914893617;12.428571428571429
2022-02;PARIS-AUSTERLITZ;TOULOUSE-MATABIAU;78;78;0;8;89.74358974358975;8.75
2022-02;ALBI/RODEZ;PARIS-AUSTERLITZ;25;25;0;9;64.0;1.7777777777777777
2022-02;HENDAYE/LOURDES;PARIS-AUSTERLITZ;26;25;1;1;96.0;24.0
2022-02;PARIS-AUSTERLITZ;LATOUR-DE-CAROL;24;24;0;1;95.83333333333334;23.0
2022-02;BRIANÇON;PARIS-AUSTERLITZ;28;28;0;3;89.28571428571429;8.333333333333334
2022-01;CLERMONT-FERRAND;BÉZIERS;31;31;0;1;96.7741935483871;30.0
2022-01;NANTES;BORDEAUX-ST-JEAN;92;90;2;9;90.0;9.0
2022-01;PARIS-AUSTERLITZ;LATOUR-DE-CAROL;24;20;4;2;90.0;9.0
2022-01;LATOUR-DE-CAROL;PARIS-AUSTERLITZ;22;20;2;3;85.0;5.666666666666667
2022-01;CERBERE;PARIS-AUSTERLITZ;10;10;0;0;100.0;0.0
2022-01;BRIANÇON;PARIS-AUSTERLITZ;29;29;0;12;58.620689655172406;1.4166666666666667
2022-01;CLERMONT-FERRAND;PARIS-BERCY;187;187;0;14;92.51336898395722;12.357142857142858
2022-01;PARIS-BERCY;CLERMONT-FERRAND;187;187;0;10;94.6524064171123;17.7
2022-01;BÉZIERS;CLERMONT-FERRAND;31;31;0;0;100.0;0.0
2022-01;PARIS-AUSTERLITZ;BRIVE/CAHORS;135;135;0;15;88.88888888888889;8.0
2022-01;CAHORS/BRIVE;PARIS-AUSTERLITZ;145;145;0;35;75.86206896551724;3.142857142857143
2022-01;HENDAYE/LOURDES;PARIS-AUSTERLITZ;25;25;0;2;92.0;11.5
2022-01;LYON;NANTES;62;62;0;11;82.25806451612904;4.636363636363637
2022-01;PARIS-AUSTERLITZ;TOULOUSE-MATABIAU;81;81;0;19;76.5432098765432;3.263157894736842
2022-01;ALBI/RODEZ;PARIS-AUSTERLITZ;25;24;1;0;100.0;0.0
2022-01;PARIS-AUSTERLITZ;CERBERE;9;9;0;4;55.55555555555556;1.25
2022-01;PARIS-AUSTERLITZ;BRIANÇON;29;29;0;5;82.75862068965517;4.8
2022-01;NICE-VILLE;PARIS-AUSTERLITZ;29;28;1;1;96.42857142857144;27.0
2022-01;BORDEAUX-ST-JEAN;NANTES;93;89;4;8;91.01123595505618;10.125
2022-01;BORDEAUX-ST-JEAN;MARSEILLE-ST-CHARLES;160;158;2;42;73.41772151898735;2.761904761904762
2022-01;PARIS-AUSTERLITZ;TOULOUSE-MATABIAU;28;28;0;2;92.85714285714286;13.0
2022-01;PARIS-AUSTERLITZ;LOURDES/HENDAYE;27;27;0;11;59.25925925925925;1.4545454545454546
2022-01;NANTES;LYON;62;61;1;7;88.52459016393442;7.714285714285714
2022-01;HENDAYE;TOULOUSE-MATABIAU;91;90;1;27;70.0;2.333333333333333
2022-01;TOULOUSE-MATABIAU;HENDAYE;91;89;2;19;78.65168539325843;3.684210526315789
2022-01;MARSEILLE-ST-CHARLES;BORDEAUX-ST-JEAN;159;157;2;38;75.79617834394905;3.131578947368421
2022-01;TOULOUSE-MATABIAU;PARIS-AUSTERLITZ;81;81;0;11;86.41975308641975;6.363636363636363
2022-01;TOULOUSE-MATABIAU;PARIS-AUSTERLITZ;27;26;1;3;88.46153846153845;7.666666666666667
2022-01;PARIS-AUSTERLITZ;RODEZ/ALBI;24;23;1;5;78.26086956521739;3.6
2022-01;PARIS-AUSTERLITZ;NICE-VILLE;29;29;0;4;86.20689655172413;6.25
2021-12;BÉZIERS;CLERMONT-FERRAND;31;31;0;0;100.0;0.0
2021-12;NANTES;LYON;62;62;0;9;85.48387096774194;5.888888888888889
2021-12;BORDEAUX-ST-JEAN;NANTES;107;105;2;9;91.42857142857144;10.666666666666666
2021-12;BORDEAUX-ST-JEAN;MARSEILLE-ST-CHARLES;187;182;5;54;70.32967032967034;2.3703703703703702
2021-12;LATOUR-DE-CAROL;PARIS-AUSTERLITZ;18;12;6;1;91.66666666666666;11.0
2021-12;PARIS-AUSTERLITZ;BRIANÇON;18;18;0;5;72.22222222222221;2.6
2021-12;PARIS-AUSTERLITZ;NICE-VILLE;29;29;0;3;89.65517241379311;8.666666666666666
2021-12;NICE-VILLE;PARIS-AUSTERLITZ;29;28;1;6;78.57142857142857;3.6666666666666665
2021-12;CLERMONT-FERRAND;BÉZIERS;31;31;0;3;90.32258064516128;9.333333333333334
2021-12;HENDAYE;TOULOUSE-MATABIAU;116;105;11;14;86.66666666666667;6.5
2021-12;PARIS-AUSTERLITZ;TOULOUSE-MATABIAU/CERBERE;36;33;3;7;78.78787878787878;3.7142857142857135
2021-12;PARIS-AUSTERLITZ;RODEZ/ALBI;28;28;0;2;92.85714285714286;13.0
2021-12;PARIS-AUSTERLITZ;MODANE;11;11;0;1;90.9090909090909;10.0
2021-12;CLERMONT-FERRAND;PARIS-BERCY;225;221;4;26;88.23529411764706;7.5
2021-12;PARIS-BERCY;CLERMONT-FERRAND;224;222;2;16;92.7927927927928;12.875
2021-12;LYON;NANTES;62;62;0;10;83.87096774193549;5.2
2021-12;TOULOUSE-MATABIAU;PARIS-AUSTERLITZ;104;102;2;20;80.3921568627451;4.1
2021-12;CERBERE/TOULOUSE;PARIS-AUSTERLITZ;34;33;1;1;96.96969696969695;32.0
2021-12;NANTES;BORDEAUX-ST-JEAN;106;104;2;13;87.5;7.0
2021-12;PARIS-AUSTERLITZ;BRIVE/CAHORS;180;179;1;10;94.41340782122904;16.9
2021-12;CAHORS/BRIVE;PARIS-AUSTERLITZ;190;184;6;28;84.78260869565217;5.571428571428571
2021-12;PARIS-AUSTERLITZ;TOULOUSE-MATABIAU;105;105;0;7;93.33333333333331;14.0
2021-12;ALBI/RODEZ;PARIS-AUSTERLITZ;27;27;0;1;96.29629629629628;26.0
2021-12;PARIS-AUSTERLITZ;LATOUR-DE-CAROL;18;11;7;7;36.36363636363637;0.5714285714285714
2021-12;BRIANÇON;PARIS-AUSTERLITZ;17;17;0;5;70.58823529411765;2.4
2021-12;TOULOUSE-MATABIAU;HENDAYE;118;111;7;17;84.68468468468468;5.529411764705882
2021-12;MARSEILLE-ST-CHARLES;BORDEAUX-ST-JEAN;189;183;6;42;77.04918032786885;3.357142857142857
2021-12;MODANE;PARIS-AUSTERLITZ;11;11;0;4;63.63636363636363;1.75
2021-11;TOULOUSE-MATABIAU;HENDAYE;116;116;0;6;94.82758620689656;18.33333333333333
2021-11;BORDEAUX-ST-JEAN;MARSEILLE-ST-CHARLES;176;172;4;71;58.72093023255815;1.4225352112676055
2021-11;CAHORS/BRIVE;PARIS-AUSTERLITZ;162;156;6;28;82.05128205128204;4.571428571428571
2021-11;PARIS-AUSTERLITZ;TOULOUSE-MATABIAU/CERBERE;24;24;0;1;95.83333333333334;23.0
2021-11;PARIS-AUSTERLITZ;RODEZ/ALBI;23;23;0;0;100.0;0.0
2021-11;ALBI/RODEZ;PARIS-AUSTERLITZ;23;23;0;2;91.30434782608695;10.5
2021-11;PARIS-AUSTERLITZ;BRIANÇON;0;0;0;0;0.0;0.0
2021-11;NICE-VILLE;PARIS-AUSTERLITZ;22;20;2;5;75.0;3.0
2021-11;CLERMONT-FERRAND;BÉZIERS;41;41;0;3;92.6829268292683;12.666666666666666
2021-11;BORDEAUX-ST-JEAN;NANTES;88;87;1;2;97.70114942528735;42.5
2021-11;HENDAYE;TOULOUSE-MATABIAU;116;116;0;6;94.82758620689656;18.33333333333333
2021-11;PARIS-AUSTERLITZ;LATOUR-DE-CAROL;23;19;4;2;89.47368421052632;8.5
2021-11;LYON;NANTES;44;43;1;5;88.37209302325581;7.6
2021-11;NANTES;BORDEAUX-ST-JEAN;88;88;0;2;97.72727272727272;43.0
2021-11;LATOUR-DE-CAROL;PARIS-AUSTERLITZ;22;20;2;2;90.0;9.0
2021-11;BRIANÇON;PARIS-AUSTERLITZ;0;0;0;0;0.0;0.0
2021-11;PARIS-AUSTERLITZ;MODANE;19;19;0;5;73.68421052631578;2.8
2021-11;CLERMONT-FERRAND;PARIS-BERCY;205;204;1;22;89.2156862745098;8.272727272727273
2021-11;PARIS-BERCY;CLERMONT-FERRAND;205;204;1;24;88.23529411764706;7.5
2021-11;BÉZIERS;CLERMONT-FERRAND;43;43;0;3;93.02325581395348;13.333333333333334
2021-11;CERBERE/TOULOUSE;PARIS-AUSTERLITZ;23;23;0;2;91.30434782608695;10.5
2021-11;MODANE;PARIS-AUSTERLITZ;19;19;0;0;100.0;0.0
2021-11;NANTES;LYON;44;44;0;4;90.9090909090909;10.0
2021-11;MARSEILLE-ST-CHARLES;BORDEAUX-ST-JEAN;175;169;6;63;62.721893491124256;1.6825396825396826
2021-11;PARIS-AUSTERLITZ;BRIVE/CAHORS;152;150;2;13;91.33333333333331;10.538461538461538
2021-11;PARIS-AUSTERLITZ;TOULOUSE-MATABIAU;74;74;0;9;87.83783783783784;7.222222222222222
2021-11;TOULOUSE-MATABIAU;PARIS-AUSTERLITZ;73;73;0;17;76.71232876712328;3.294117647058824
2021-11;PARIS-AUSTERLITZ;NICE-VILLE;20;19;1;7;63.1578947368421;1.7142857142857142
2021-10;CLERMONT-FERRAND;BÉZIERS;62;62;0;1;98.38709677419357;61.0
2021-10;HENDAYE;TOULOUSE-MATABIAU;113;111;2;12;89.1891891891892;8.25
2021-10;TOULOUSE-MATABIAU;HENDAYE;112;111;1;13;88.28828828828829;7.538461538461538
2021-10;CAHORS/BRIVE;PARIS-AUSTERLITZ;191;189;2;23;87.83068783068782;7.217391304347826
2021-10;PARIS-AUSTERLITZ;TOULOUSE-MATABIAU;85;85;0;10;88.23529411764706;7.5
2021-10;TOULOUSE-MATABIAU;PARIS-AUSTERLITZ;83;83;0;13;84.33734939759037;5.384615384615385
2021-10;PARIS-AUSTERLITZ;LATOUR-DE-CAROL;24;21;3;0;100.0;0.0
2021-10;PARIS-BERCY;CLERMONT-FERRAND;216;215;1;34;84.18604651162791;5.323529411764706
2021-10;PARIS-AUSTERLITZ;BRIVE/CAHORS;180;180;0;21;88.33333333333333;7.571428571428571
2021-10;PARIS-AUSTERLITZ;MODANE;16;16;0;2;87.5;7.0
2021-10;NANTES;BORDEAUX-ST-JEAN;89;89;0;10;88.76404494382022;7.9
2021-10;MODANE;PARIS-AUSTERLITZ;17;17;0;0;100.0;0.0
2021-10;PARIS-AUSTERLITZ;NICE-VILLE;10;10;0;3;70.0;2.333333333333333
2021-10;NANTES;LYON;56;56;0;8;85.71428571428571;6.0
2021-10;BORDEAUX-ST-JEAN;MARSEILLE-ST-CHARLES;225;219;6;80;63.4703196347032;1.7375
2021-10;MARSEILLE-ST-CHARLES;BORDEAUX-ST-JEAN;227;223;4;77;65.47085201793722;1.896103896103896
2021-10;ALBI/RODEZ;PARIS-AUSTERLITZ;27;27;0;4;85.18518518518519;5.75
2021-10;LATOUR-DE-CAROL;PARIS-AUSTERLITZ;24;22;2;4;81.81818181818183;4.5
2021-10;PARIS-AUSTERLITZ;BRIANÇON;0;0;0;0;0.0;0.0
2021-10;BRIANÇON;PARIS-AUSTERLITZ;0;0;0;0;0.0;0.0
2021-10;NICE-VILLE;PARIS-AUSTERLITZ;10;9;1;5;44.44444444444444;0.8
2021-10;CLERMONT-FERRAND;PARIS-BERCY;214;209;5;44;78.94736842105263;3.75
2021-10;BÉZIERS;CLERMONT-FERRAND;61;61;0;0;100.0;0.0
2021-10;LYON;NANTES;56;56;0;11;80.35714285714286;4.090909090909091
2021-10;BORDEAUX-ST-JEAN;NANTES;90;88;2;7;92.04545454545456;11.571428571428571
2021-10;PARIS-AUSTERLITZ;TOULOUSE-MATABIAU/CERBERE;28;28;0;2;92.85714285714286;13.0
2021-10;CERBERE/TOULOUSE;PARIS-AUSTERLITZ;28;28;0;4;85.71428571428571;6.0
2021-10;PARIS-AUSTERLITZ;RODEZ/ALBI;27;27;0;1;96.29629629629628;26.0
2021-09;PARIS-BERCY;CLERMONT-FERRAND;211;209;2;22;89.47368421052632;8.5
2021-09;CLERMONT-FERRAND;BÉZIERS;43;43;0;1;97.67441860465117;42.0
2021-09;TOULOUSE-MATABIAU;HENDAYE;120;120;0;10;91.66666666666666;11.0
2021-09;BORDEAUX-ST-JEAN;MARSEILLE-ST-CHARLES;199;191;8;71;62.82722513089005;1.6901408450704225
2021-09;TOULOUSE-MATABIAU;PARIS-AUSTERLITZ;84;84;0;9;89.28571428571429;8.333333333333334
2021-09;PARIS-AUSTERLITZ;LATOUR-DE-CAROL;28;25;3;0;100.0;0.0
2021-09;PARIS-AUSTERLITZ;MODANE;25;25;0;0;100.0;0.0
2021-09;BÉZIERS;CLERMONT-FERRAND;43;43;0;1;97.67441860465117;42.0
2021-09;CAHORS/BRIVE;PARIS-AUSTERLITZ;186;184;2;9;95.1086956521739;19.444444444444443
2021-09;PARIS-AUSTERLITZ;RODEZ/ALBI;29;27;2;1;96.29629629629628;26.0
2021-09;ALBI/RODEZ;PARIS-AUSTERLITZ;29;27;2;0;100.0;0.0
2021-09;NANTES;LYON;56;55;1;3;94.54545454545456;17.333333333333332
2021-09;CERBERE/TOULOUSE;PARIS-AUSTERLITZ;29;28;1;0;100.0;0.0
2021-09;CLERMONT-FERRAND;PARIS-BERCY;209;205;4;22;89.26829268292683;8.318181818181818
2021-09;BORDEAUX-ST-JEAN;NANTES;90;90;0;10;88.88888888888889;8.0
2021-09;HENDAYE;TOULOUSE-MATABIAU;120;120;0;7;94.16666666666669;16.142857142857142
2021-09;PARIS-AUSTERLITZ;BRIVE/CAHORS;178;176;2;15;91.47727272727272;10.733333333333333
2021-09;PARIS-AUSTERLITZ;TOULOUSE-MATABIAU;85;85;0;7;91.76470588235294;11.142857142857142
2021-09;BRIANÇON;PARIS-AUSTERLITZ;0;0;0;0;0.0;0.0
2021-09;MODANE;PARIS-AUSTERLITZ;24;24;0;0;100.0;0.0
2021-09;NICE-VILLE;PARIS-AUSTERLITZ;17;16;1;0;100.0;0.0
2021-09;LYON;NANTES;56;56;0;1;98.21428571428572;55.0
2021-09;NANTES;BORDEAUX-ST-JEAN;90;90;0;3;96.66666666666669;29.0
2021-09;MARSEILLE-ST-CHARLES;BORDEAUX-ST-JEAN;201;192;9;58;69.79166666666666;2.310344827586207
2021-09;PARIS-AUSTERLITZ;TOULOUSE-MATABIAU/CERBERE;29;29;0;1;96.55172413793105;28.0
2021-09;LATOUR-DE-CAROL;PARIS-AUSTERLITZ;28;26;2;0;100.0;0.0
2021-09;PARIS-AUSTERLITZ;BRIANÇON;0;0;0;0;0.0;0.0
2021-09;PARIS-AUSTERLITZ;NICE-VILLE;17;17;0;4;76.47058823529412;3.25
2021-08;PARIS-BERCY;CLERMONT-FERRAND;229;227;2;10;95.59471365638768;21.7
2021-08;BORDEAUX-ST-JEAN;MARSEILLE-ST-CHARLES;235;229;6;73;68.12227074235808;2.136986301369863
2021-08;PARIS-AUSTERLITZ;RODEZ/ALBI;31;30;1;2;93.33333333333331;14.0
2021-08;PARIS-AUSTERLITZ;BRIANÇON;0;0;0;0;0.0;0.0
2021-08;NANTES;LYON;62;60;2;4;93.33333333333331;14.0
2021-08;BORDEAUX-ST-JEAN;NANTES;92;90;2;15;83.33333333333334;5.0
2021-08;MARSEILLE-ST-CHARLES;BORDEAUX-ST-JEAN;235;229;6;89;61.135371179039296;1.5730337078651686
2021-08;PARIS-AUSTERLITZ;BRIVE/CAHORS;187;187;0;7;96.2566844919786;25.714285714285715
2021-08;TOULOUSE-MATABIAU;PARIS-AUSTERLITZ;88;88;0;9;89.77272727272727;8.777777777777779
2021-08;ALBI/RODEZ;PARIS-AUSTERLITZ;31;30;1;3;90.0;9.0
2021-08;PARIS-AUSTERLITZ;MODANE;31;31;0;4;87.09677419354838;6.75
2021-08;PARIS-AUSTERLITZ;NICE-VILLE;30;30;0;4;86.66666666666667;6.5
2021-08;BÉZIERS;CLERMONT-FERRAND;31;31;0;0;100.0;0.0
2021-08;LYON;NANTES;63;61;2;5;91.8032786885246;11.2
2021-08;NANTES;BORDEAUX-ST-JEAN;92;91;1;11;87.91208791208791;7.272727272727272
2021-08;PARIS-AUSTERLITZ;TOULOUSE-MATABIAU/CERBERE;31;31;0;4;87.09677419354838;6.75
2021-08;CERBERE/TOULOUSE;PARIS-AUSTERLITZ;31;31;0;3;90.32258064516128;9.333333333333334
2021-08;CLERMONT-FERRAND;PARIS-BERCY;243;242;1;23;90.49586776859503;9.521739130434783
2021-08;HENDAYE;TOULOUSE-MATABIAU;123;121;2;16;86.77685950413223;6.5625
2021-08;TOULOUSE-MATABIAU;HENDAYE;124;123;1;6;95.1219512195122;19.5
2021-08;CAHORS/BRIVE;PARIS-AUSTERLITZ;196;195;1;10;94.87179487179486;18.5
2021-08;PARIS-AUSTERLITZ;LATOUR-DE-CAROL;31;25;6;1;96.0;24.0
2021-08;LATOUR-DE-CAROL;PARIS-AUSTERLITZ;31;26;5;3;88.46153846153845;7.666666666666667
2021-08;BRIANÇON;PARIS-AUSTERLITZ;0;0;0;0;0.0;0.0
2021-08;MODANE;PARIS-AUSTERLITZ;31;31;0;1;96.7741935483871;30.0
2021-08;NICE-VILLE;PARIS-AUSTERLITZ;30;30;0;1;96.66666666666669;29.0
2021-08;CLERMONT-FERRAND;BÉZIERS;31;31;0;0;100.0;0.0
2021-08;PARIS-AUSTERLITZ;TOULOUSE-MATABIAU;88;88;0;13;85.22727272727273;5.769230769230769
2021-07;CLERMONT-FERRAND;BÉZIERS;34;34;0;3;91.17647058823528;10.333333333333334
2021-07;NANTES;LYON;62;60;2;3;95.0;19.0
2021-07;NANTES;BORDEAUX-ST-JEAN;91;91;0;3;96.7032967032967;29.33333333333333
2021-07;PARIS-AUSTERLITZ;RODEZ/ALBI;13;12;1;2;83.33333333333334;5.0
2021-07;PARIS-AUSTERLITZ;NICE-VILLE;31;31;0;7;77.41935483870968;3.4285714285714284
2021-07;NICE-VILLE;PARIS-AUSTERLITZ;31;31;0;3;90.32258064516128;9.333333333333334
2021-07;BÉZIERS;CLERMONT-FERRAND;34;34;0;4;88.23529411764706;7.5
2021-07;BORDEAUX-ST-JEAN;NANTES;91;91;0;7;92.3076923076923;12.0
2021-07;BORDEAUX-ST-JEAN;MARSEILLE-ST-CHARLES;233;222;11;76;65.76576576576578;1.921052631578948
2021-07;PARIS-AUSTERLITZ;TOULOUSE-MATABIAU;89;89;0;9;89.8876404494382;8.88888888888889
2021-07;TOULOUSE-MATABIAU;PARIS-AUSTERLITZ;89;89;0;9;89.8876404494382;8.88888888888889
2021-07;CERBERE/TOULOUSE;PARIS-AUSTERLITZ;31;31;0;4;87.09677419354838;6.75
2021-07;LATOUR-DE-CAROL;PARIS-AUSTERLITZ;30;28;2;4;85.71428571428571;6.0
2021-07;PARIS-AUSTERLITZ;BRIANÇON;0;0;0;0;0.0;0.0
2021-07;MARSEILLE-ST-CHARLES;BORDEAUX-ST-JEAN;233;220;13;92;58.18181818181818;1.391304347826087
2021-07;CAHORS/BRIVE;PARIS-AUSTERLITZ;190;188;2;16;91.48936170212764;10.75
2021-07;PARIS-AUSTERLITZ;TOULOUSE-MATABIAU/CERBERE;31;31;0;4;87.09677419354838;6.75
2021-07;CLERMONT-FERRAND;PARIS-BERCY;202;200;2;29;85.5;5.896551724137931
2021-07;PARIS-BERCY;CLERMONT-FERRAND;203;203;0;21;89.65517241379311;8.666666666666666
2021-07;LYON;NANTES;62;61;1;9;85.24590163934425;5.777777777777778
2021-07;TOULOUSE-MATABIAU;HENDAYE;120;118;2;12;89.83050847457628;8.833333333333334
2021-07;PARIS-AUSTERLITZ;LATOUR-DE-CAROL;29;25;4;0;100.0;0.0
2021-07;HENDAYE;TOULOUSE-MATABIAU;119;117;2;11;90.5982905982906;9.636363636363637
2021-07;PARIS-AUSTERLITZ;BRIVE/CAHORS;182;180;2;13;92.7777777777778;12.846153846153848
2021-07;ALBI/RODEZ;PARIS-AUSTERLITZ;14;14;0;4;71.42857142857143;2.5
2021-07;BRIANÇON;PARIS-AUSTERLITZ;0;0;0;0;0.0;0.0
2021-07;PARIS-AUSTERLITZ;MODANE;26;26;0;2;92.3076923076923;12.0
2021-07;MODANE;PARIS-AUSTERLITZ;27;27;0;3;88.88888888888889;8.0
2021-06;PARIS-BERCY;CLERMONT-FERRAND;169;168;1;17;89.88095238095238;8.882352941176471
2021-06;BÉZIERS;CLERMONT-FERRAND;60;59;1;6;89.83050847457628;8.833333333333334
2021-06;TOULOUSE-MATABIAU;HENDAYE;88;87;1;5;94.2528735632184;16.4
2021-06;MARSEILLE-ST-CHARLES;BORDEAUX-ST-JEAN;202;198;4;67;66.16161616161617;1.955223880597015
2021-06;PARIS-AUSTERLITZ;BRIVE/CAHORS;124;121;3;9;92.56198347107438;12.444444444444445
2021-06;ALBI/RODEZ;PARIS-AUSTERLITZ;7;7;0;2;71.42857142857143;2.5
2021-06;PARIS-AUSTERLITZ;NICE-VILLE;14;14;0;0;100.0;0.0
2021-06;CLERMONT-FERRAND;BÉZIERS;60;57;3;1;98.24561403508773;56.0
2021-06;PARIS-AUSTERLITZ;TOULOUSE-MATABIAU/CERBERE;29;29;0;0;100.0;0.0
2021-06;CERBERE/TOULOUSE;PARIS-AUSTERLITZ;29;28;1;0;100.0;0.0
2021-06;PARIS-AUSTERLITZ;LATOUR-DE-CAROL;29;27;2;0;100.0;0.0
2021-06;LATOUR-DE-CAROL;PARIS-AUSTERLITZ;29;28;1;2;92.85714285714286;13.0
2021-06;PARIS-AUSTERLITZ;MODANE;29;29;0;0;100.0;0.0
2021-06;BORDEAUX-ST-JEAN;NANTES;58;57;1;3;94.73684210526316;18.0
2021-06;HENDAYE;TOULOUSE-MATABIAU;87;85;2;6;92.94117647058825;13.166666666666666
2021-06;CAHORS/BRIVE;PARIS-AUSTERLITZ;126;123;3;17;86.1788617886179;6.235294117647059
2021-06;PARIS-AUSTERLITZ;TOULOUSE-MATABIAU;85;85;0;4;95.2941176470588;20.25
2021-06;MODANE;PARIS-AUSTERLITZ;29;28;1;3;89.28571428571429;8.333333333333334
2021-06;CLERMONT-FERRAND;PARIS-BERCY;170;169;1;23;86.3905325443787;6.3478260869565215
2021-06;TOULOUSE-MATABIAU;PARIS-AUSTERLITZ;84;84;0;10;88.09523809523809;7.4
2021-06;PARIS-AUSTERLITZ;RODEZ/ALBI;7;7;0;0;100.0;0.0
2021-06;PARIS-AUSTERLITZ;BRIANÇON;0;0;0;0;0.0;0.0
2021-06;BRIANÇON;PARIS-AUSTERLITZ;0;0;0;0;0.0;0.0
2021-06;NICE-VILLE;PARIS-AUSTERLITZ;13;13;0;0;100.0;0.0
2021-06;LYON;NANTES;58;57;1;7;87.71929824561403;7.142857142857143
2021-06;NANTES;LYON;58;58;0;5;91.3793103448276;10.6
2021-06;NANTES;BORDEAUX-ST-JEAN;58;58;0;2;96.55172413793105;28.0
2021-06;BORDEAUX-ST-JEAN;MARSEILLE-ST-CHARLES;202;194;8;67;65.4639175257732;1.8955223880597007
2021-05;TOULOUSE-MATABIAU;HENDAYE;83;82;1;6;92.6829268292683;12.666666666666666
2021-05;PARIS-AUSTERLITZ;LATOUR-DE-CAROL;25;24;1;4;83.33333333333334;5.0
2021-05;LATOUR-DE-CAROL;PARIS-AUSTERLITZ;25;24;1;1;95.83333333333334;23.0
2021-05;PARIS-AUSTERLITZ;MODANE;20;20;0;2;90.0;9.0
2021-05;PARIS-AUSTERLITZ;NICE-VILLE;8;8;0;1;87.5;7.0
2021-05;NICE-VILLE;PARIS-AUSTERLITZ;12;12;0;1;91.66666666666666;11.0
2021-05;PARIS-BERCY;CLERMONT-FERRAND;148;148;0;17;88.51351351351352;7.705882352941177
2021-05;BÉZIERS;CLERMONT-FERRAND;62;61;1;0;100.0;0.0
2021-05;NANTES;LYON;51;51;0;3;94.11764705882352;16.0
2021-05;BORDEAUX-ST-JEAN;NANTES;62;61;1;1;98.36065573770492;60.0
2021-05;HENDAYE;TOULOUSE-MATABIAU;84;84;0;12;85.71428571428571;6.0
2021-05;BORDEAUX-ST-JEAN;MARSEILLE-ST-CHARLES;187;185;2;49;73.51351351351352;2.7755102040816326
2021-05;PARIS-AUSTERLITZ;RODEZ/ALBI;21;20;1;2;90.0;9.0
2021-05;PARIS-AUSTERLITZ;BRIANÇON;0;0;0;0;0.0;0.0
2021-05;CLERMONT-FERRAND;PARIS-BERCY;151;151;0;24;84.10596026490066;5.291666666666667
2021-05;NANTES;BORDEAUX-ST-JEAN;62;62;0;2;96.7741935483871;30.0
2021-05;MARSEILLE-ST-CHARLES;BORDEAUX-ST-JEAN;187;184;3;42;77.17391304347827;3.380952380952381
2021-05;PARIS-AUSTERLITZ;BRIVE/CAHORS;85;82;3;6;92.6829268292683;12.666666666666666
2021-05;PARIS-AUSTERLITZ;TOULOUSE-MATABIAU;73;73;0;4;94.52054794520548;17.25
2021-05;CERBERE/TOULOUSE;PARIS-AUSTERLITZ;17;16;1;1;93.75;15.0
2021-05;MODANE;PARIS-AUSTERLITZ;26;26;0;1;96.15384615384616;25.0
2021-05;CAHORS/BRIVE;PARIS-AUSTERLITZ;91;88;3;19;78.4090909090909;3.631578947368421
2021-05;TOULOUSE-MATABIAU;PARIS-AUSTERLITZ;71;71;0;13;81.69014084507043;4.461538461538462
2021-05;CLERMONT-FERRAND;BÉZIERS;62;61;1;2;96.72131147540983;29.5
2021-05;LYON;NANTES;51;51;0;10;80.3921568627451;4.1
2021-05;PARIS-AUSTERLITZ;TOULOUSE-MATABIAU/CERBERE;25;24;1;0;100.0;0.0
2021-05;ALBI/RODEZ;PARIS-AUSTERLITZ;20;18;2;1;94.44444444444444;17.0
2021-05;BRIANÇON;PARIS-AUSTERLITZ;0;0;0;0;0.0;0.0
2021-04;BÉZIERS;CLERMONT-FERRAND;60;60;0;2;96.66666666666669;29.0
2021-04;LYON;NANTES;34;34;0;5;85.29411764705883;5.8
2021-04;NANTES;LYON;34;34;0;6;82.35294117647058;4.666666666666667
2021-04;TOULOUSE-MATABIAU;PARIS-AUSTERLITZ;59;59;0;7;88.13559322033898;7.428571428571429
2021-04;PARIS-AUSTERLITZ;LATOUR-DE-CAROL;0;0;0;0;0.0;0.0
2021-04;BRIANÇON;PARIS-AUSTERLITZ;0;0;0;0;0.0;0.0
2021-04;HENDAYE;TOULOUSE-MATABIAU;48;48;0;2;95.83333333333334;23.0
2021-04;PARIS-AUSTERLITZ;BRIVE/CAHORS;64;64;0;10;84.375;5.4
2021-04;CAHORS/BRIVE;PARIS-AUSTERLITZ;69;68;1;8;88.23529411764706;7.5
2021-04;PARIS-AUSTERLITZ;TOULOUSE-MATABIAU;63;62;1;12;80.64516129032258;4.166666666666667
2021-04;CERBERE/TOULOUSE;PARIS-AUSTERLITZ;1;1;0;0;100.0;0.0
2021-04;ALBI/RODEZ;PARIS-AUSTERLITZ;0;0;0;0;0.0;0.0
2021-04;PARIS-AUSTERLITZ;MODANE;14;14;0;2;85.71428571428571;6.0
2021-04;MODANE;PARIS-AUSTERLITZ;15;15;0;2;86.66666666666667;6.5
2021-04;CLERMONT-FERRAND;PARIS-BERCY;123;123;0;14;88.6178861788618;7.785714285714286
2021-04;PARIS-BERCY;CLERMONT-FERRAND;123;123;0;10;91.869918699187;11.3
2021-04;PARIS-AUSTERLITZ;BRIANÇON;0;0;0;0;0.0;0.0
2021-04;NANTES;BORDEAUX-ST-JEAN;39;39;0;3;92.3076923076923;12.0
2021-04;PARIS-AUSTERLITZ;TOULOUSE-MATABIAU/CERBERE;1;1;0;0;100.0;0.0
2021-04;PARIS-AUSTERLITZ;RODEZ/ALBI;0;0;0;0;0.0;0.0
2021-04;LATOUR-DE-CAROL;PARIS-AUSTERLITZ;0;0;0;0;0.0;0.0
2021-04;PARIS-AUSTERLITZ;NICE-VILLE;0;0;0;0;0.0;0.0
2021-04;CLERMONT-FERRAND;BÉZIERS;60;60;0;0;100.0;0.0
2021-04;BORDEAUX-ST-JEAN;NANTES;39;37;2;2;94.5945945945946;17.5
2021-04;TOULOUSE-MATABIAU;HENDAYE;50;49;1;3;93.87755102040816;15.333333333333334
2021-04;BORDEAUX-ST-JEAN;MARSEILLE-ST-CHARLES;125;125;0;22;82.39999999999999;4.681818181818182
2021-04;MARSEILLE-ST-CHARLES;BORDEAUX-ST-JEAN;124;123;1;29;76.42276422764228;3.2413793103448274
2021-04;NICE-VILLE;PARIS-AUSTERLITZ;0;0;0;0;0.0;0.0
2021-03;CLERMONT-FERRAND;BÉZIERS;62;61;1;1;98.36065573770492;60.0
2021-03;NANTES;LYON;61;60;1;8;86.66666666666667;6.5
2021-03;ALBI/RODEZ;PARIS-AUSTERLITZ;0;0;0;0;0.0;0.0
2021-03;CLERMONT-FERRAND;PARIS-BERCY;154;153;1;23;84.9673202614379;5.652173913043479
2021-03;LYON;NANTES;61;60;1;9;85.0;5.666666666666667
2021-03;HENDAYE;TOULOUSE-MATABIAU;82;82;0;6;92.6829268292683;12.666666666666666
2021-03;MARSEILLE-ST-CHARLES;BORDEAUX-ST-JEAN;168;163;5;44;73.00613496932516;2.7045454545454546
2021-03;PARIS-AUSTERLITZ;BRIVE/CAHORS;97;96;1;6;93.75;15.0
2021-03;CAHORS/BRIVE;PARIS-AUSTERLITZ;98;98;0;11;88.77551020408163;7.909090909090909
2021-03;PARIS-AUSTERLITZ;TOULOUSE-MATABIAU;89;88;1;5;94.31818181818184;16.6
2021-03;TOULOUSE-MATABIAU;PARIS-AUSTERLITZ;87;86;1;4;95.34883720930232;20.5
2021-03;PARIS-AUSTERLITZ;LATOUR-DE-CAROL;27;24;3;0;100.0;0.0
2021-03;LATOUR-DE-CAROL;PARIS-AUSTERLITZ;27;25;2;1;96.0;24.0
2021-03;PARIS-AUSTERLITZ;NICE-VILLE;0;0;0;0;0.0;0.0
2021-03;PARIS-BERCY;CLERMONT-FERRAND;154;153;1;10;93.4640522875817;14.3
2021-03;TOULOUSE-MATABIAU;HENDAYE;81;81;0;5;93.82716049382717;15.2
2021-03;PARIS-AUSTERLITZ;TOULOUSE-MATABIAU/CERBERE;27;27;0;4;85.18518518518519;5.75
2021-03;CERBERE/TOULOUSE;PARIS-AUSTERLITZ;27;27;0;1;96.29629629629628;26.0
2021-03;PARIS-AUSTERLITZ;BRIANÇON;13;13;0;6;53.84615384615385;1.1666666666666667
2021-03;NICE-VILLE;PARIS-AUSTERLITZ;0;0;0;0;0.0;0.0
2021-03;BORDEAUX-ST-JEAN;NANTES;62;62;0;5;91.93548387096774;11.4
2021-03;BRIANÇON;PARIS-AUSTERLITZ;14;14;0;2;85.71428571428571;6.0
2021-03;PARIS-AUSTERLITZ;MODANE;14;14;0;0;100.0;0.0
2021-03;MODANE;PARIS-AUSTERLITZ;13;12;1;2;83.33333333333334;5.0
2021-03;BÉZIERS;CLERMONT-FERRAND;61;60;1;3;95.0;19.0
2021-03;NANTES;BORDEAUX-ST-JEAN;62;62;0;2;96.7741935483871;30.0
2021-03;BORDEAUX-ST-JEAN;MARSEILLE-ST-CHARLES;167;165;2;45;72.72727272727273;2.6666666666666665
2021-03;PARIS-AUSTERLITZ;RODEZ/ALBI;0;0;0;0;0.0;0.0
2021-02;PARIS-BERCY;CLERMONT-FERRAND;160;159;1;25;84.27672955974843;5.36
2021-02;BÉZIERS;CLERMONT-FERRAND;56;56;0;0;100.0;0.0
2021-02;CLERMONT-FERRAND;BÉZIERS;56;56;0;2;96.42857142857144;27.0
2021-02;NANTES;LYON;56;55;1;7;87.27272727272727;6.857142857142857
2021-02;HENDAYE;TOULOUSE-MATABIAU;84;79;5;16;79.74683544303798;3.9375
2021-02;BORDEAUX-ST-JEAN;MARSEILLE-ST-CHARLES;188;187;1;46;75.40106951871658;3.065217391304348
2021-02;CAHORS/BRIVE;PARIS-AUSTERLITZ;88;85;3;10;88.23529411764706;7.5
2021-02;PARIS-AUSTERLITZ;RODEZ/ALBI;3;1;2;0;100.0;0.0
2021-02;ALBI/RODEZ;PARIS-AUSTERLITZ;2;0;2;2;0.0;0.0
2021-02;LATOUR-DE-CAROL;PARIS-AUSTERLITZ;26;25;1;2;92.0;11.5
2021-02;CLERMONT-FERRAND;PARIS-BERCY;160;156;4;27;82.6923076923077;4.777777777777778
2021-02;MARSEILLE-ST-CHARLES;BORDEAUX-ST-JEAN;188;187;1;55;70.58823529411765;2.4
2021-02;PARIS-AUSTERLITZ;TOULOUSE-MATABIAU/CERBERE;28;28;0;5;82.14285714285714;4.6
2021-02;NICE-VILLE;PARIS-AUSTERLITZ;0;0;0;0;0.0;0.0
2021-02;PARIS-AUSTERLITZ;BRIVE/CAHORS;88;87;1;13;85.0574712643678;5.6923076923076925
2021-02;TOULOUSE-MATABIAU;PARIS-AUSTERLITZ;79;79;0;8;89.87341772151899;8.875
2021-02;BORDEAUX-ST-JEAN;NANTES;56;55;1;4;92.72727272727272;12.75
2021-02;NANTES;BORDEAUX-ST-JEAN;56;55;1;2;96.36363636363636;26.5
2021-02;TOULOUSE-MATABIAU;HENDAYE;84;81;3;8;90.12345679012346;9.125
2021-02;PARIS-AUSTERLITZ;TOULOUSE-MATABIAU;80;78;2;11;85.8974358974359;6.090909090909091
2021-02;CERBERE/TOULOUSE;PARIS-AUSTERLITZ;28;27;1;2;92.5925925925926;12.5
2021-02;PARIS-AUSTERLITZ;LATOUR-DE-CAROL;28;23;5;0;100.0;0.0
2021-02;PARIS-AUSTERLITZ;BRIANÇON;28;28;0;14;50.0;1.0
2021-02;BRIANÇON;PARIS-AUSTERLITZ;28;27;1;7;74.07407407407408;2.857142857142857
2021-02;PARIS-AUSTERLITZ;MODANE;0;0;0;0;0.0;0.0
2021-02;PARIS-AUSTERLITZ;NICE-VILLE;0;0;0;0;0.0;0.0
2021-02;LYON;NANTES;56;54;2;7;87.03703703703704;6.714285714285714
2021-02;MODANE;PARIS-AUSTERLITZ;0;0;0;0;0.0;0.0
2021-01;CLERMONT-FERRAND;PARIS-BERCY;178;178;0;16;91.01123595505618;10.125
2021-01;PARIS-BERCY;CLERMONT-FERRAND;177;176;1;16;90.9090909090909;10.0
2021-01;BÉZIERS;CLERMONT-FERRAND;35;35;0;1;97.14285714285714;34.0
2021-01;NANTES;LYON;62;61;1;4;93.44262295081968;14.25
2021-01;NANTES;BORDEAUX-ST-JEAN;64;62;2;3;95.16129032258064;19.666666666666668
2021-01;HENDAYE;TOULOUSE-MATABIAU;95;93;2;11;88.17204301075269;7.454545454545454
2021-01;TOULOUSE-MATABIAU;HENDAYE;95;94;1;6;93.61702127659576;14.666666666666666
2021-01;PARIS-AUSTERLITZ;MODANE;0;0;0;0;0.0;0.0
2021-01;BORDEAUX-ST-JEAN;MARSEILLE-ST-CHARLES;207;205;2;45;78.04878048780488;3.555555555555556
2021-01;PARIS-AUSTERLITZ;BRIVE/CAHORS;103;102;1;11;89.2156862745098;8.272727272727273
2021-01;CAHORS/BRIVE;PARIS-AUSTERLITZ;106;106;0;26;75.47169811320755;3.076923076923077
2021-01;PARIS-AUSTERLITZ;TOULOUSE-MATABIAU;87;87;0;14;83.9080459770115;5.214285714285714
2021-01;PARIS-AUSTERLITZ;TOULOUSE-MATABIAU/CERBERE;30;29;1;9;68.96551724137932;2.2222222222222223
2021-01;CERBERE/TOULOUSE;PARIS-AUSTERLITZ;30;29;1;1;96.55172413793105;28.0
2021-01;PARIS-AUSTERLITZ;RODEZ/ALBI;27;27;0;0;100.0;0.0
2021-01;ALBI/RODEZ;PARIS-AUSTERLITZ;28;28;0;0;100.0;0.0
2021-01;MODANE;PARIS-AUSTERLITZ;0;0;0;0;0.0;0.0
2021-01;CLERMONT-FERRAND;BÉZIERS;35;35;0;1;97.14285714285714;34.0
2021-01;MARSEILLE-ST-CHARLES;BORDEAUX-ST-JEAN;207;202;5;43;78.71287128712872;3.697674418604651
2021-01;PARIS-AUSTERLITZ;BRIANÇON;31;29;2;15;48.27586206896552;0.9333333333333332
2021-01;PARIS-AUSTERLITZ;NICE-VILLE;0;0;0;0;0.0;0.0
2021-01;TOULOUSE-MATABIAU;PARIS-AUSTERLITZ;87;87;0;14;83.9080459770115;5.214285714285714
2021-01;LYON;NANTES;62;61;1;8;86.88524590163934;6.625
2021-01;BORDEAUX-ST-JEAN;NANTES;64;62;2;2;96.7741935483871;30.0
2021-01;PARIS-AUSTERLITZ;LATOUR-DE-CAROL;28;13;15;1;92.3076923076923;12.0
2021-01;LATOUR-DE-CAROL;PARIS-AUSTERLITZ;29;24;5;1;95.83333333333334;23.0
2021-01;BRIANÇON;PARIS-AUSTERLITZ;32;30;2;3;90.0;9.0
2021-01;NICE-VILLE;PARIS-AUSTERLITZ;0;0;0;0;0.0;0.0
2020-12;CLERMONT-FERRAND;PARIS-BERCY;128;124;4;23;81.45161290322581;4.391304347826087
2020-12;TOULOUSE-MATABIAU;BAYONNE;83;79;4;11;86.07594936708861;6.181818181818182
2020-12;BRIANÇON;PARIS-AUSTERLITZ;21;20;1;3;85.0;5.666666666666667
2020-12;LYON;NANTES;45;44;1;10;77.27272727272727;3.4
2020-12;NANTES;LYON;45;45;0;4;91.11111111111111;10.25
2020-12;MARSEILLE-ST-CHARLES;BORDEAUX-ST-JEAN;151;145;6;46;68.27586206896552;2.152173913043478
2020-12;PARIS-AUSTERLITZ;TOULOUSE-MATABIAU;60;59;1;16;72.88135593220339;2.6875
2020-12;PARIS-AUSTERLITZ;RODEZ/ALBI;14;14;0;1;92.85714285714286;13.0
2020-12;ALBI/RODEZ;PARIS-AUSTERLITZ;14;14;0;0;100.0;0.0
2020-12;BORDEAUX-ST-JEAN;MARSEILLE-ST-CHARLES;156;150;6;50;66.66666666666666;2.0
2020-12;CAHORS/BRIVE;PARIS-AUSTERLITZ;91;90;1;10;88.88888888888889;8.0
2020-12;PARIS-AUSTERLITZ;LATOUR-DE-CAROL;13;11;2;1;90.9090909090909;10.0
2020-12;BORDEAUX-ST-JEAN;NANTES;46;44;2;0;100.0;0.0
2020-12;NANTES;BORDEAUX-ST-JEAN;47;46;1;6;86.95652173913044;6.666666666666667
2020-12;PARIS-AUSTERLITZ;BRIVE/CAHORS;85;85;0;10;88.23529411764706;7.5
2020-12;TOULOUSE-MATABIAU;PARIS-AUSTERLITZ;58;58;0;14;75.86206896551724;3.142857142857143
2020-12;LATOUR-DE-CAROL;PARIS-AUSTERLITZ;12;11;1;0;100.0;0.0
2020-12;PARIS-AUSTERLITZ;BRIANÇON;21;21;0;12;42.85714285714285;0.75
2020-12;PARIS-BERCY;CLERMONT-FERRAND;130;129;1;23;82.17054263565892;4.608695652173913
2020-12;BÉZIERS;CLERMONT-FERRAND;33;33;0;4;87.87878787878788;7.25
2020-12;CLERMONT-FERRAND;BÉZIERS;37;37;0;8;78.37837837837837;3.625
2020-12;BAYONNE;TOULOUSE-MATABIAU;81;78;3;11;85.8974358974359;6.090909090909091
2020-12;PARIS-AUSTERLITZ;TOULOUSE-MATABIAU/CERBERE;15;15;0;1;93.33333333333331;14.0
2020-12;CERBERE/TOULOUSE;PARIS-AUSTERLITZ;15;15;0;0;100.0;0.0
2020-11;PARIS-BERCY;CLERMONT-FERRAND;60;60;0;5;91.66666666666666;11.0
2020-11;BORDEAUX-ST-JEAN;NANTES;0;0;0;0;0.0;0.0
2020-11;BAYONNE;TOULOUSE-MATABIAU;45;45;0;4;91.11111111111111;10.25
2020-11;CERBERE/TOULOUSE;PARIS-AUSTERLITZ;9;9;0;0;100.0;0.0
2020-11;PARIS-AUSTERLITZ;BRIANÇON;11;11;0;4;63.63636363636363;1.75
2020-11;TOULOUSE-MATABIAU;BAYONNE;40;40;0;1;97.5;39.0
2020-11;BORDEAUX-ST-JEAN;MARSEILLE-ST-CHARLES;60;58;2;8;86.20689655172413;6.25
2020-11;PARIS-AUSTERLITZ;TOULOUSE-MATABIAU;33;33;0;10;69.6969696969697;2.3
2020-11;TOULOUSE-MATABIAU;PARIS-AUSTERLITZ;33;33;0;11;66.66666666666666;2.0
2020-11;CLERMONT-FERRAND;BÉZIERS;30;28;2;1;96.42857142857144;27.0
2020-11;NANTES;LYON;33;32;1;2;93.75;15.0
2020-11;MARSEILLE-ST-CHARLES;BORDEAUX-ST-JEAN;60;57;3;13;77.19298245614034;3.3846153846153846
2020-11;PARIS-AUSTERLITZ;BRIVE/CAHORS;43;43;0;8;81.3953488372093;4.375
2020-11;LATOUR-DE-CAROL;PARIS-AUSTERLITZ;7;5;2;0;100.0;0.0
2020-11;LYON;NANTES;33;31;2;3;90.32258064516128;9.333333333333334
2020-11;NANTES;BORDEAUX-ST-JEAN;0;0;0;0;0.0;0.0
2020-11;CAHORS/BRIVE;PARIS-AUSTERLITZ;45;45;0;9;80.0;4.0
2020-11;PARIS-AUSTERLITZ;TOULOUSE-MATABIAU/CERBERE;9;9;0;1;88.88888888888889;8.0
2020-11;ALBI/RODEZ;PARIS-AUSTERLITZ;13;10;3;0;100.0;0.0
2020-11;CLERMONT-FERRAND;PARIS-BERCY;61;61;0;9;85.24590163934425;5.777777777777778
2020-11;BÉZIERS;CLERMONT-FERRAND;30;28;2;2;92.85714285714286;13.0
2020-11;PARIS-AUSTERLITZ;RODEZ/ALBI;14;12;2;1;91.66666666666666;11.0
2020-11;PARIS-AUSTERLITZ;LATOUR-DE-CAROL;7;5;2;2;60.0;1.5
2020-11;BRIANÇON;PARIS-AUSTERLITZ;12;12;0;1;91.66666666666666;11.0
2020-10;LYON;NANTES;58;53;5;12;77.35849056603774;3.4166666666666665
2020-10;NANTES;LYON;59;59;0;10;83.05084745762711;4.9
2020-10;TOULOUSE-MATABIAU;BAYONNE;108;99;9;19;80.8080808080808;4.2105263157894735
2020-10;MARSEILLE-ST-CHARLES;BORDEAUX-ST-JEAN;197;184;13;75;59.2391304347826;1.4533333333333334
2020-10;PARIS-AUSTERLITZ;BRIANÇON;22;22;0;17;22.727272727272727;0.2941176470588235
2020-10;BAYONNE;TOULOUSE-MATABIAU;106;96;10;15;84.375;5.4
2020-10;BORDEAUX-ST-JEAN;MARSEILLE-ST-CHARLES;209;197;12;75;61.92893401015228;1.6266666666666667
2020-10;CERBERE/TOULOUSE;PARIS-AUSTERLITZ;25;22;3;2;90.9090909090909;10.0
2020-10;PARIS-AUSTERLITZ;TOULOUSE-MATABIAU;85;84;1;15;82.14285714285714;4.6
2020-10;PARIS-AUSTERLITZ;RODEZ/ALBI;24;19;5;2;89.47368421052632;8.5
2020-10;BÉZIERS;CLERMONT-FERRAND;31;30;1;2;93.33333333333331;14.0
2020-10;CLERMONT-FERRAND;BÉZIERS;31;30;1;2;93.33333333333331;14.0
2020-10;BORDEAUX-ST-JEAN;NANTES;0;0;0;0;0.0;0.0
2020-10;PARIS-AUSTERLITZ;BRIVE/CAHORS;173;171;2;21;87.71929824561403;7.142857142857143
2020-10;TOULOUSE-MATABIAU;PARIS-AUSTERLITZ;83;80;3;17;78.75;3.7058823529411766
2020-10;PARIS-AUSTERLITZ;TOULOUSE-MATABIAU/CERBERE;25;23;2;3;86.95652173913044;6.666666666666667
2020-10;LATOUR-DE-CAROL;PARIS-AUSTERLITZ;22;18;4;2;88.88888888888889;8.0
2020-10;CLERMONT-FERRAND;PARIS-BERCY;225;222;3;39;82.43243243243244;4.6923076923076925
2020-10;PARIS-BERCY;CLERMONT-FERRAND;229;227;2;33;85.46255506607929;5.878787878787879
2020-10;NANTES;BORDEAUX-ST-JEAN;0;0;0;0;0.0;0.0
2020-10;CAHORS/BRIVE;PARIS-AUSTERLITZ;180;176;4;36;79.54545454545455;3.888888888888889
2020-10;ALBI/RODEZ;PARIS-AUSTERLITZ;24;18;6;2;88.88888888888889;8.0
2020-10;PARIS-AUSTERLITZ;LATOUR-DE-CAROL;22;19;3;0;100.0;0.0
2020-10;BRIANÇON;PARIS-AUSTERLITZ;22;22;0;1;95.45454545454544;21.0
2020-09;PARIS-AUSTERLITZ;TOULOUSE-MATABIAU/CERBERE;27;26;1;4;84.61538461538461;5.5
2020-09;ALBI/RODEZ;PARIS-AUSTERLITZ;28;25;3;1;96.0;24.0
2020-09;PARIS-BERCY;CLERMONT-FERRAND;220;216;4;24;88.88888888888889;8.0
2020-09;LYON;NANTES;60;60;0;4;93.33333333333331;14.0
2020-09;CERBERE/TOULOUSE;PARIS-AUSTERLITZ;27;26;1;1;96.15384615384616;25.0
2020-09;PARIS-AUSTERLITZ;RODEZ/ALBI;27;24;3;1;95.83333333333334;23.0
2020-09;BRIANÇON;PARIS-AUSTERLITZ;27;27;0;3;88.88888888888889;8.0
2020-09;BÉZIERS;CLERMONT-FERRAND;30;30;0;2;93.33333333333331;14.0
2020-09;CLERMONT-FERRAND;BÉZIERS;30;30;0;0;100.0;0.0
2020-09;NANTES;BORDEAUX-ST-JEAN;0;0;0;0;0.0;0.0
2020-09;PARIS-AUSTERLITZ;TOULOUSE-MATABIAU;84;80;4;15;81.25;4.333333333333333
2020-09;LATOUR-DE-CAROL;PARIS-AUSTERLITZ;22;20;2;1;95.0;19.0
2020-09;CLERMONT-FERRAND;PARIS-BERCY;219;212;7;37;82.54716981132076;4.72972972972973
2020-09;NANTES;LYON;60;60;0;8;86.66666666666667;6.5
2020-09;TOULOUSE-MATABIAU;BAYONNE;119;112;7;18;83.92857142857143;5.222222222222222
2020-09;MARSEILLE-ST-CHARLES;BORDEAUX-ST-JEAN;219;212;7;69;67.45283018867924;2.072463768115942
2020-09;CAHORS/BRIVE;PARIS-AUSTERLITZ;184;180;4;16;91.11111111111111;10.25
2020-09;TOULOUSE-MATABIAU;PARIS-AUSTERLITZ;82;77;5;18;76.62337662337663;3.2777777777777777
2020-09;PARIS-AUSTERLITZ;BRIANÇON;27;27;0;5;81.48148148148148;4.4
2020-09;BORDEAUX-ST-JEAN;NANTES;0;0;0;0;0.0;0.0
2020-09;BAYONNE;TOULOUSE-MATABIAU;119;113;6;19;83.1858407079646;4.947368421052632
2020-09;BORDEAUX-ST-JEAN;MARSEILLE-ST-CHARLES;224;219;5;57;73.97260273972603;2.8421052631578947
2020-09;PARIS-AUSTERLITZ;BRIVE/CAHORS;176;175;1;20;88.57142857142857;7.75
2020-09;PARIS-AUSTERLITZ;LATOUR-DE-CAROL;23;17;6;1;94.11764705882352;16.0
2020-08;PARIS-BERCY;CLERMONT-FERRAND;211;211;0;18;91.4691943127962;10.72222222222222
2020-08;BORDEAUX-ST-JEAN;MARSEILLE-ST-CHARLES;214;210;4;78;62.85714285714285;1.6923076923076923
2020-08;PARIS-AUSTERLITZ;BRIVE/CAHORS;183;179;4;28;84.35754189944134;5.392857142857143
2020-08;CAHORS/BRIVE;PARIS-AUSTERLITZ;195;194;1;26;86.5979381443299;6.461538461538462
2020-08;BÉZIERS;CLERMONT-FERRAND;31;31;0;3;90.32258064516128;9.333333333333334
2020-08;NANTES;LYON;62;62;0;3;95.16129032258064;19.666666666666668
2020-08;TOULOUSE-MATABIAU;BAYONNE;124;118;6;19;83.89830508474576;5.2105263157894735
2020-08;MARSEILLE-ST-CHARLES;BORDEAUX-ST-JEAN;213;210;3;79;62.38095238095238;1.6582278481012658
2020-08;PARIS-AUSTERLITZ;TOULOUSE-MATABIAU;88;88;0;14;84.0909090909091;5.285714285714286
2020-08;PARIS-AUSTERLITZ;TOULOUSE-MATABIAU/CERBERE;30;30;0;3;90.0;9.0
2020-08;PARIS-AUSTERLITZ;LATOUR-DE-CAROL;2;2;0;0;100.0;0.0
2020-08;LATOUR-DE-CAROL;PARIS-AUSTERLITZ;2;2;0;2;0.0;0.0
2020-08;BRIANÇON;PARIS-AUSTERLITZ;30;28;2;5;82.14285714285714;4.6
2020-08;BORDEAUX-ST-JEAN;NANTES;86;85;1;3;96.47058823529412;27.33333333333333
2020-08;BAYONNE;TOULOUSE-MATABIAU;120;114;6;19;83.33333333333334;5.0
2020-08;TOULOUSE-MATABIAU;PARIS-AUSTERLITZ;88;88;0;20;77.27272727272727;3.4
2020-08;CLERMONT-FERRAND;BÉZIERS;31;31;0;3;90.32258064516128;9.333333333333334
2020-08;CERBERE/TOULOUSE;PARIS-AUSTERLITZ;30;30;0;2;93.33333333333331;14.0
2020-08;PARIS-AUSTERLITZ;RODEZ/ALBI;15;15;0;1;93.33333333333331;14.0
2020-08;ALBI/RODEZ;PARIS-AUSTERLITZ;15;15;0;2;86.66666666666667;6.5
2020-08;PARIS-AUSTERLITZ;BRIANÇON;30;29;1;9;68.96551724137932;2.2222222222222223
2020-08;CLERMONT-FERRAND;PARIS-BERCY;213;213;0;28;86.85446009389672;6.607142857142857
2020-08;LYON;NANTES;62;60;2;10;83.33333333333334;5.0
2020-08;NANTES;BORDEAUX-ST-JEAN;90;90;0;4;95.55555555555556;21.5
2020-07;LYON;NANTES;60;59;1;10;83.05084745762711;4.899999999999999
2020-07;CERBERE/TOULOUSE;PARIS-AUSTERLITZ;21;21;0;1;95.23809523809524;20.00000000000001
2020-07;ALBI/RODEZ;PARIS-AUSTERLITZ;10;10;0;1;90.0;9.0
2020-07;CLERMONT-FERRAND;BÉZIERS;30;30;0;3;90.0;9.0
2020-07;PARIS-AUSTERLITZ;RODEZ/ALBI;10;10;0;2;80.0;4.0
2020-07;PARIS-BERCY;CLERMONT-FERRAND;199;198;1;24;87.87878787878788;7.249999999999997
2020-07;BÉZIERS;CLERMONT-FERRAND;30;30;0;4;86.66666666666667;6.500000000000003
2020-07;BORDEAUX-ST-JEAN;NANTES;91;90;1;7;92.22222222222224;11.857142857142868
2020-07;HENDAYE;TOULOUSE-MATABIAU;121;118;3;22;81.35593220338983;4.363636363636362
2020-07;PARIS-AUSTERLITZ;TOULOUSE-MATABIAU/CERBERE;21;21;0;0;100.0;0.0
2020-07;PARIS-AUSTERLITZ;BRIANÇON;27;27;0;14;48.14814814814815;0.9285714285714284
2020-07;CLERMONT-FERRAND;PARIS-BERCY;201;200;1;22;89.0;8.090909090909092
2020-07;CAHORS/BRIVE;PARIS-AUSTERLITZ;174;173;1;16;90.7514450867052;9.812500000000002
2020-07;NANTES;LYON;60;58;2;11;81.03448275862068;4.272727272727271
2020-07;NANTES;BORDEAUX-ST-JEAN;89;88;1;11;87.5;7.0
2020-07;TOULOUSE-MATABIAU;HENDAYE;123;120;3;23;80.83333333333333;4.217391304347824
2020-07;BORDEAUX-ST-JEAN;MARSEILLE-ST-CHARLES;213;206;7;79;61.650485436893206;1.6075949367088609
2020-07;MARSEILLE-ST-CHARLES;BORDEAUX-ST-JEAN;206;198;8;80;59.5959595959596;1.475
2020-07;PARIS-AUSTERLITZ;BRIVE/CAHORS;165;163;2;27;83.43558282208589;5.037037037037037
2020-07;PARIS-AUSTERLITZ;TOULOUSE-MATABIAU;85;85;0;12;85.88235294117646;6.08333333333333
2020-07;TOULOUSE-MATABIAU;PARIS-AUSTERLITZ;85;85;0;10;88.23529411764706;7.499999999999999
2020-07;BRIANÇON;PARIS-AUSTERLITZ;26;26;0;8;69.23076923076923;2.25
2020-06;NANTES;LYON;36;36;0;6;83.33333333333333;4.999999999999998
2020-06;HENDAYE;TOULOUSE-MATABIAU;66;65;1;13;80.0;4.0
2020-06;CAHORS/BRIVE;PARIS-AUSTERLITZ;78;74;4;10;86.48648648648648;6.399999999999999
2020-06;TOULOUSE-MATABIAU;PARIS-AUSTERLITZ;61;59;2;10;83.05084745762711;4.899999999999999
2020-06;CLERMONT-FERRAND;BÉZIERS;30;29;1;3;89.65517241379311;8.666666666666673
2020-06;NANTES;BORDEAUX-ST-JEAN;66;66;0;5;92.42424242424242;12.199999999999996
2020-06;TOULOUSE-MATABIAU;HENDAYE;72;72;0;13;81.94444444444444;4.538461538461538
2020-06;MARSEILLE-ST-CHARLES;BORDEAUX-ST-JEAN;134;132;2;38;71.21212121212122;2.4736842105263164
2020-06;PARIS-AUSTERLITZ;TOULOUSE-MATABIAU;59;58;1;9;84.48275862068965;5.444444444444443
2020-06;BORDEAUX-ST-JEAN;NANTES;66;66;0;2;96.96969696969695;31.99999999999999
2020-06;CLERMONT-FERRAND;PARIS-BERCY;122;122;0;12;90.1639344262295;9.16666666666666
2020-06;PARIS-BERCY;CLERMONT-FERRAND;121;121;0;13;89.25619834710744;8.307692307692312
2020-06;BÉZIERS;CLERMONT-FERRAND;29;28;1;4;85.71428571428571;5.999999999999997
2020-06;LYON;NANTES;36;35;1;7;80.0;4.0
2020-06;BORDEAUX-ST-JEAN;MARSEILLE-ST-CHARLES;138;136;2;39;71.32352941176471;2.487179487179488
2020-06;PARIS-AUSTERLITZ;BRIVE/CAHORS;75;68;7;20;70.58823529411765;2.400000000000001
2020-05;NANTES;BORDEAUX-ST-JEAN;32;32;0;3;90.625;9.666666666666666
2020-05;HENDAYE;TOULOUSE-MATABIAU;19;18;1;12;33.333333333333336;0.5000000000000001
2020-05;PARIS-AUSTERLITZ;BRIVE/CAHORS;35;35;0;3;91.42857142857144;10.66666666666667
2020-05;PARIS-AUSTERLITZ;TOULOUSE-MATABIAU;19;19;0;1;94.73684210526316;18.000000000000025
2020-05;CLERMONT-FERRAND;BÉZIERS;16;16;0;1;93.75;15.0
2020-05;TOULOUSE-MATABIAU;HENDAYE;19;18;1;5;72.22222222222223;2.600000000000001
2020-05;MARSEILLE-ST-CHARLES;BORDEAUX-ST-JEAN;43;42;1;16;61.90476190476191;1.625
2020-05;PARIS-BERCY;CLERMONT-FERRAND;74;74;0;9;87.83783783783784;7.222222222222222
2020-05;BÉZIERS;CLERMONT-FERRAND;16;16;0;2;87.5;7.0
2020-05;NANTES;LYON;16;16;0;3;81.25;4.333333333333333
2020-05;CAHORS/BRIVE;PARIS-AUSTERLITZ;37;36;1;4;88.88888888888889;7.999999999999997
2020-05;TOULOUSE-MATABIAU;PARIS-AUSTERLITZ;18;17;1;6;64.70588235294117;1.833333333333333
2020-05;CLERMONT-FERRAND;PARIS-BERCY;72;71;1;14;80.28169014084507;4.071428571428572
2020-05;LYON;NANTES;15;14;1;1;92.85714285714286;13.000000000000009
2020-05;BORDEAUX-ST-JEAN;NANTES;32;32;0;1;96.875;31.0
2020-05;BORDEAUX-ST-JEAN;MARSEILLE-ST-CHARLES;44;43;1;18;58.13953488372093;1.3888888888888886
2020-04;NANTES;BORDEAUX-ST-JEAN;30;30;0;3;90.0;9.0
2020-04;BORDEAUX-ST-JEAN;NANTES;30;30;0;1;96.66666666666669;29.000000000000043
2020-04;CLERMONT-FERRAND;PARIS-BERCY;30;30;0;1;96.66666666666669;29.000000000000043
2020-04;PARIS-BERCY;CLERMONT-FERRAND;30;30;0;3;90.0;9.0
2020-03;CLERMONT-FERRAND;PARIS-BERCY;141;139;2;14;89.92805755395683;8.928571428571427
2020-03;LYON;NANTES;34;33;1;5;84.84848484848484;5.599999999999998
2020-03;NANTES;BORDEAUX-ST-JEAN;62;61;1;1;98.36065573770492;59.999999999999964
2020-03;HENDAYE;TOULOUSE-MATABIAU;69;61;8;10;83.60655737704919;5.100000000000001
2020-03;PARIS-AUSTERLITZ;BRIVE/CAHORS;79;73;6;25;65.75342465753425;1.9200000000000008
2020-03;TOULOUSE-MATABIAU;PARIS-AUSTERLITZ;41;41;0;11;73.17073170731707;2.7272727272727275
2020-03;PARIS-AUSTERLITZ;LATOUR-DE-CAROL;12;10;2;0;100.0;10.0
2020-03;BRIANÇON;PARIS-AUSTERLITZ;16;16;0;0;100.0;16.0
2020-03;BÉZIERS;CLERMONT-FERRAND;22;22;0;0;100.0;22.0
2020-03;CLERMONT-FERRAND;BÉZIERS;22;22;0;0;100.0;22.0
2020-03;PARIS-AUSTERLITZ;TOULOUSE-MATABIAU;42;42;0;10;76.19047619047619;3.2
2020-03;PARIS-AUSTERLITZ;TOULOUSE-MATABIAU/CERBERE;14;14;0;1;92.85714285714286;13.000000000000009
2020-03;NANTES;LYON;33;32;1;3;90.625;9.666666666666666
2020-03;MARSEILLE-ST-CHARLES;BORDEAUX-ST-JEAN;123;117;6;30;74.35897435897436;2.900000000000001
2020-03;PARIS-AUSTERLITZ;RODEZ/ALBI;10;10;0;1;90.0;9.0
2020-03;ALBI/RODEZ;PARIS-AUSTERLITZ;11;11;0;0;100.0;11.0
2020-03;LATOUR-DE-CAROL;PARIS-AUSTERLITZ;13;12;1;0;100.0;12.0
2020-03;PARIS-AUSTERLITZ;BRIANÇON;15;15;0;6;60.0;1.5
2020-03;PARIS-BERCY;CLERMONT-FERRAND;139;137;2;19;86.13138686131387;6.210526315789475
2020-03;BORDEAUX-ST-JEAN;NANTES;62;62;0;4;93.5483870967742;14.499999999999996
2020-03;TOULOUSE-MATABIAU;HENDAYE;64;58;6;15;74.13793103448276;2.866666666666667
2020-03;BORDEAUX-ST-JEAN;MARSEILLE-ST-CHARLES;125;120;5;21;82.5;4.714285714285714
2020-03;CAHORS/BRIVE;PARIS-AUSTERLITZ;84;79;5;25;68.35443037974683;2.16
2020-03;CERBERE/TOULOUSE;PARIS-AUSTERLITZ;14;13;1;0;100.0;13.0
2020-02;LYON;NANTES;58;58;0;12;79.3103448275862;3.833333333333333
2020-02;BORDEAUX-ST-JEAN;NANTES;85;84;1;6;92.85714285714286;13.000000000000009
2020-02;NANTES;BORDEAUX-ST-JEAN;85;84;1;1;98.8095238095238;83.00000000000004
2020-02;HENDAYE;TOULOUSE-MATABIAU;115;115;0;13;88.69565217391305;7.846153846153848
2020-02;BORDEAUX-ST-JEAN;MARSEILLE-ST-CHARLES;216;214;2;78;63.55140186915888;1.7435897435897436
2020-02;PARIS-AUSTERLITZ;BRIVE/CAHORS;165;158;7;19;87.9746835443038;7.315789473684213
2020-02;ALBI/RODEZ;PARIS-AUSTERLITZ;20;20;0;2;90.0;9.0
2020-02;PARIS-AUSTERLITZ;LATOUR-DE-CAROL;19;16;3;0;100.0;0.0
2020-02;CLERMONT-FERRAND;PARIS-BERCY;214;208;6;38;81.73076923076923;4.473684210526314
2020-02;CERBERE/TOULOUSE;PARIS-AUSTERLITZ;22;19;3;2;89.47368421052632;8.5
2020-02;PARIS-BERCY;CLERMONT-FERRAND;214;207;7;20;90.33816425120771;9.35
2020-02;BÉZIERS;CLERMONT-FERRAND;29;29;0;1;96.55172413793105;27.99999999999998
2020-02;CLERMONT-FERRAND;BÉZIERS;29;29;0;3;89.65517241379311;8.666666666666673
2020-02;PARIS-AUSTERLITZ;TOULOUSE-MATABIAU/CERBERE;21;19;2;1;94.73684210526316;18.000000000000025
2020-02;PARIS-AUSTERLITZ;RODEZ/ALBI;22;20;2;3;85.0;5.666666666666667
2020-02;TOULOUSE-MATABIAU;HENDAYE;115;115;0;9;92.17391304347828;11.777777777777786
2020-02;TOULOUSE-MATABIAU;PARIS-AUSTERLITZ;69;69;0;9;86.95652173913044;6.666666666666668
2020-02;LATOUR-DE-CAROL;PARIS-AUSTERLITZ;20;18;2;2;88.88888888888889;7.999999999999997
2020-02;BRIANÇON;PARIS-AUSTERLITZ;28;27;1;3;88.88888888888889;7.999999999999997
2020-02;NANTES;LYON;58;57;1;9;84.21052631578948;5.333333333333336
2020-02;MARSEILLE-ST-CHARLES;BORDEAUX-ST-JEAN;203;202;1;68;66.33663366336634;1.9705882352941184
2020-02;CAHORS/BRIVE;PARIS-AUSTERLITZ;172;163;9;21;87.11656441717791;6.761904761904761
2020-02;PARIS-AUSTERLITZ;TOULOUSE-MATABIAU;79;78;1;11;85.8974358974359;6.090909090909091
2020-02;PARIS-AUSTERLITZ;BRIANÇON;29;28;1;13;53.57142857142857;1.1538461538461535
2020-01;PARIS-BERCY;CLERMONT-FERRAND;169;169;0;26;84.61538461538461;5.499999999999999
2020-01;BÉZIERS;CLERMONT-FERRAND;29;29;0;2;93.10344827586206;13.49999999999999
2020-01;CERBERE/TOULOUSE;PARIS-AUSTERLITZ;2;2;0;1;50.0;1.0
2020-01;CLERMONT-FERRAND;BÉZIERS;29;29;0;1;96.55172413793105;27.99999999999998
2020-01;HENDAYE;TOULOUSE-MATABIAU;69;66;3;11;83.33333333333333;4.999999999999998
2020-01;MARSEILLE-ST-CHARLES;BORDEAUX-ST-JEAN;115;107;8;49;54.20560747663552;1.183673469387755
2020-01;PARIS-AUSTERLITZ;TOULOUSE-MATABIAU;71;71;0;12;83.09859154929578;4.916666666666667
2020-01;PARIS-AUSTERLITZ;TOULOUSE-MATABIAU/CERBERE;2;2;0;0;100.0;0.0
2020-01;BORDEAUX-ST-JEAN;NANTES;31;29;2;4;86.20689655172414;6.250000000000003
2020-01;TOULOUSE-MATABIAU;HENDAYE;77;74;3;10;86.48648648648648;6.399999999999999
2020-01;LATOUR-DE-CAROL;PARIS-AUSTERLITZ;1;1;0;1;0.0;0.0
2020-01;LYON;NANTES;46;46;0;8;82.6086956521739;4.749999999999998
2020-01;NANTES;BORDEAUX-ST-JEAN;31;29;2;6;79.3103448275862;3.833333333333333
2020-01;PARIS-AUSTERLITZ;BRIVE/CAHORS;129;128;1;16;87.5;7.0
2020-01;CLERMONT-FERRAND;PARIS-BERCY;160;159;1;23;85.53459119496856;5.913043478260871
2020-01;NANTES;LYON;46;46;0;9;80.43478260869566;4.1111111111111125
2020-01;BORDEAUX-ST-JEAN;MARSEILLE-ST-CHARLES;117;109;8;42;61.46788990825688;1.5952380952380951
2020-01;CAHORS/BRIVE;PARIS-AUSTERLITZ;130;129;1;15;88.37209302325581;7.6
2020-01;TOULOUSE-MATABIAU;PARIS-AUSTERLITZ;69;69;0;11;84.05797101449275;5.272727272727272
2020-01;PARIS-AUSTERLITZ;RODEZ/ALBI;2;1;1;0;100.0;0.0
2020-01;PARIS-AUSTERLITZ;LATOUR-DE-CAROL;1;1;0;0;100.0;0.0
2020-01;PARIS-AUSTERLITZ;BRIANÇON;7;7;0;3;57.142857142857146;1.3333333333333337
2020-01;BRIANÇON;PARIS-AUSTERLITZ;7;6;1;2;66.66666666666667;2.0000000000000004
2019-12;CLERMONT-FERRAND;PARIS-BERCY;89;82;7;20;75.60975609756098;3.1
2019-12;BÉZIERS;CLERMONT-FERRAND;10;9;1;1;88.88888888888889;7.999999999999997
2019-12;NANTES;BORDEAUX-ST-JEAN;11;11;0;5;54.54545454545455;1.2
2019-12;TOULOUSE-MATABIAU;BAYONNE;19;19;0;1;94.73684210526316;18.000000000000025
2019-12;ROUEN-RIVE-DROITE;PARIS-ST-LAZARE;166;162;4;11;93.20987654320987;13.72727272727272
2019-12;PARIS-ST-LAZARE;CHERBOURG;106;101;5;36;64.35643564356435;1.805555555555556
2019-12;GRANVILLE;PARIS-VAUGIRARD;55;52;3;6;88.46153846153847;7.6666666666666705
2019-12;PARIS-BERCY;CLERMONT-FERRAND;88;85;3;22;74.11764705882354;2.8636363636363646
2019-12;CLERMONT-FERRAND;BÉZIERS;10;9;1;2;77.77777777777777;3.4999999999999987
2019-12;NANTES;LYON;10;10;0;1;90.0;9.0
2019-12;PARIS-AUSTERLITZ;TOULOUSE-MATABIAU;31;30;1;13;56.66666666666666;1.3076923076923077
2019-12;ALBI/RODEZ;PARIS-AUSTERLITZ;3;3;0;0;100.0;0.0
2019-12;PARIS-AUSTERLITZ;LATOUR-DE-CAROL;2;1;1;0;100.0;0.0
2019-12;LATOUR-DE-CAROL;PARIS-AUSTERLITZ;3;1;2;0;100.0;0.0
2019-12;PARIS-AUSTERLITZ;BRIANÇON;3;3;0;0;100.0;0.0
2019-12;LE HAVRE;PARIS-ST-LAZARE;166;164;2;24;85.36585365853658;5.83333333333333
2019-12;PARIS-ST-LAZARE;LE HAVRE;169;165;4;34;79.39393939393939;3.852941176470587
2019-12;CAEN;TOURS;9;8;1;2;75.0;3.0
2019-12;BORDEAUX-ST-JEAN;NANTES;11;11;0;2;81.81818181818181;4.499999999999998
2019-12;TOULOUSE-MATABIAU;PARIS-AUSTERLITZ;29;28;1;6;78.57142857142857;3.666666666666666
2019-12;CERBERE/TOULOUSE;PARIS-AUSTERLITZ;3;3;0;0;100.0;0.0
2019-12;CAEN;PARIS-ST-LAZARE;108;103;5;25;75.72815533980582;3.12
2019-12;PARIS-ST-LAZARE;CAEN;111;107;4;29;72.89719626168224;2.6896551724137927
2019-12;PARIS-ST-LAZARE;TROUVILLE-DEAUVILLE;56;55;1;17;69.0909090909091;2.235294117647059
2019-12;TOURS;CAEN;8;7;1;2;71.42857142857143;2.5000000000000004
2019-12;CHERBOURG;PARIS-ST-LAZARE;106;103;3;26;74.75728155339806;2.9615384615384617
2019-12;LYON;NANTES;10;10;0;3;70.0;2.333333333333333
2019-12;BAYONNE;TOULOUSE-MATABIAU;12;11;1;3;72.72727272727273;2.6666666666666674
2019-12;MARSEILLE-ST-CHARLES;BORDEAUX-ST-JEAN;49;46;3;16;65.21739130434783;1.875
2019-12;PARIS-AUSTERLITZ;TOULOUSE-MATABIAU/CERBERE;3;3;0;1;66.66666666666667;2.0000000000000004
2019-12;PARIS-AUSTERLITZ;RODEZ/ALBI;3;3;0;0;100.0;0.0
2019-12;TROUVILLE-DEAUVILLE;PARIS-ST-LAZARE;50;50;0;10;80.0;4.0
2019-12;PARIS-ST-LAZARE;ROUEN-RIVE-DROITE;167;162;5;16;90.12345679012346;9.124999999999998
2019-12;PARIS-VAUGIRARD;GRANVILLE;49;49;0;7;85.71428571428571;5.999999999999997
2019-12;BORDEAUX-ST-JEAN;MARSEILLE-ST-CHARLES;48;46;2;22;52.17391304347826;1.0909090909090908
2019-12;PARIS-AUSTERLITZ;BRIVE/CAHORS;72;71;1;18;74.64788732394366;2.9444444444444446
2019-12;CAHORS/BRIVE;PARIS-AUSTERLITZ;76;75;1;20;73.33333333333333;2.749999999999999
2019-12;BRIANÇON;PARIS-AUSTERLITZ;3;3;0;0;100.0;0.0
2019-11;PARIS-ST-LAZARE;TROUVILLE-DEAUVILLE;72;70;2;19;72.85714285714286;2.68421052631579
2019-11;ROUEN-RIVE-DROITE;PARIS-ST-LAZARE;279;271;8;30;88.92988929889299;8.033333333333333
2019-11;PARIS-ST-LAZARE;CHERBOURG;191;186;5;68;63.44086021505376;1.7352941176470589
2019-11;BAYONNE;TOULOUSE-MATABIAU;89;85;4;14;83.52941176470588;5.071428571428572
2019-11;ALBI/RODEZ;PARIS-AUSTERLITZ;24;24;0;2;91.66666666666669;11.000000000000009
2019-11;LATOUR-DE-CAROL;PARIS-AUSTERLITZ;18;15;3;2;86.66666666666667;6.500000000000003
2019-11;PARIS-ST-LAZARE;CAEN;240;234;6;63;73.07692307692308;2.714285714285715
2019-11;LE HAVRE;PARIS-ST-LAZARE;337;331;6;45;86.404833836858;6.355555555555554
2019-11;BORDEAUX-ST-JEAN;MARSEILLE-ST-CHARLES;174;173;1;30;82.65895953757226;4.766666666666668
2019-11;PARIS-AUSTERLITZ;TOULOUSE-MATABIAU/CERBERE;23;23;0;2;91.30434782608695;10.499999999999996
2019-11;PARIS-AUSTERLITZ;LATOUR-DE-CAROL;17;14;3;1;92.85714285714286;13.000000000000009
2019-11;CAEN;PARIS-ST-LAZARE;192;190;2;47;75.26315789473684;3.0425531914893607
2019-11;TROUVILLE-DEAUVILLE;PARIS-ST-LAZARE;73;71;2;19;73.2394366197183;2.736842105263157
2019-11;PARIS-ST-LAZARE;LE HAVRE;336;327;9;59;81.9571865443425;4.542372881355932
2019-11;CAEN;TOURS;65;65;0;5;92.3076923076923;11.999999999999998
2019-11;TOURS;CAEN;60;60;0;16;73.33333333333333;2.749999999999999
2019-11;BÉZIERS;CLERMONT-FERRAND;30;29;1;3;89.65517241379311;8.666666666666673
2019-11;NANTES;BORDEAUX-ST-JEAN;88;87;1;15;82.75862068965517;4.800000000000001
2019-11;TOULOUSE-MATABIAU;BAYONNE;89;82;7;7;91.46341463414636;10.71428571428572
2019-11;PARIS-AUSTERLITZ;TOULOUSE-MATABIAU;81;80;1;14;82.5;4.714285714285714
2019-11;TOULOUSE-MATABIAU;PARIS-AUSTERLITZ;80;79;1;13;83.54430379746836;5.076923076923078
2019-11;PARIS-AUSTERLITZ;RODEZ/ALBI;24;23;1;4;82.6086956521739;4.749999999999998
2019-11;PARIS-ST-LAZARE;ROUEN-RIVE-DROITE;311;296;15;49;83.44594594594595;5.040816326530615
2019-11;CHERBOURG;PARIS-ST-LAZARE;199;192;7;74;61.458333333333336;1.5945945945945947
2019-11;PARIS-BERCY;CLERMONT-FERRAND;217;217;0;20;90.78341013824884;9.850000000000009
2019-11;NANTES;LYON;56;56;0;3;94.64285714285714;17.666666666666654
2019-11;BORDEAUX-ST-JEAN;NANTES;88;85;3;18;78.82352941176471;3.722222222222223
2019-11;MARSEILLE-ST-CHARLES;BORDEAUX-ST-JEAN;175;175;0;34;80.57142857142857;4.147058823529411
2019-11;PARIS-AUSTERLITZ;BRIVE/CAHORS;179;174;5;41;76.4367816091954;3.243902439024391
2019-11;CERBERE/TOULOUSE;PARIS-AUSTERLITZ;23;23;0;2;91.30434782608695;10.499999999999996
2019-11;PARIS-AUSTERLITZ;BRIANÇON;26;23;3;6;73.91304347826087;2.833333333333334
2019-11;BRIANÇON;PARIS-AUSTERLITZ;26;24;2;3;87.5;7.0
2019-11;GRANVILLE;PARIS-VAUGIRARD;165;163;2;4;97.54601226993866;39.75000000000012
2019-11;PARIS-VAUGIRARD;GRANVILLE;158;158;0;11;93.0379746835443;13.363636363636369
2019-11;CLERMONT-FERRAND;PARIS-BERCY;218;218;0;24;88.9908256880734;8.083333333333337
2019-11;CLERMONT-FERRAND;BÉZIERS;30;29;1;8;72.41379310344827;2.624999999999999
2019-11;LYON;NANTES;55;55;0;9;83.63636363636364;5.1111111111111125
2019-11;CAHORS/BRIVE;PARIS-AUSTERLITZ;186;178;8;32;82.02247191011236;4.5625
2019-10;ROUEN-RIVE-DROITE;PARIS-ST-LAZARE;290;271;19;20;92.619926199262;12.550000000000008
2019-10;PARIS-BERCY;CLERMONT-FERRAND;227;217;10;25;88.47926267281106;7.680000000000001
2019-10;PARIS-AUSTERLITZ;TOULOUSE-MATABIAU;87;84;3;19;77.38095238095238;3.421052631578947
2019-10;PARIS-ST-LAZARE;TROUVILLE-DEAUVILLE;82;78;4;17;78.2051282051282;3.5882352941176467
2019-10;PARIS-ST-LAZARE;LE HAVRE;363;342;21;66;80.70175438596492;4.181818181818183
2019-10;CHERBOURG;PARIS-ST-LAZARE;207;197;10;41;79.18781725888324;3.8048780487804863
2019-10;PARIS-ST-LAZARE;CHERBOURG;208;202;6;51;74.75247524752476;2.960784313725491
2019-10;PARIS-VAUGIRARD;GRANVILLE;165;162;3;18;88.88888888888889;7.999999999999997
2019-10;NANTES;LYON;55;47;8;4;91.48936170212764;10.749999999999991
2019-10;BAYONNE;TOULOUSE-MATABIAU;106;96;10;7;92.70833333333331;12.714285714285705
2019-10;TOULOUSE-MATABIAU;PARIS-AUSTERLITZ;88;82;6;6;92.6829268292683;12.666666666666677
2019-10;PARIS-AUSTERLITZ;RODEZ/ALBI;25;19;6;5;73.6842105263158;2.8000000000000007
2019-10;PARIS-AUSTERLITZ;LATOUR-DE-CAROL;20;15;5;0;100.0;0.0
2019-10;CAEN;PARIS-ST-LAZARE;206;193;13;42;78.23834196891191;3.595238095238094
2019-10;PARIS-ST-LAZARE;CAEN;255;242;13;60;75.20661157024793;3.0333333333333328
2019-10;LE HAVRE;PARIS-ST-LAZARE;364;346;18;55;84.10404624277457;5.290909090909093
2019-10;LYON;NANTES;55;47;8;10;78.72340425531915;3.700000000000001
2019-10;BORDEAUX-ST-JEAN;NANTES;90;76;14;5;93.42105263157896;14.199999999999994
2019-10;BORDEAUX-ST-JEAN;MARSEILLE-ST-CHARLES;208;182;26;35;80.76923076923077;4.200000000000001
2019-10;CAHORS/BRIVE;PARIS-AUSTERLITZ;209;196;13;28;85.71428571428571;5.999999999999997
2019-10;PARIS-ST-LAZARE;ROUEN-RIVE-DROITE;330;310;20;28;90.96774193548389;10.071428571428571
2019-10;TOURS;CAEN;63;57;6;15;73.6842105263158;2.8000000000000007
2019-10;BÉZIERS;CLERMONT-FERRAND;31;26;5;4;84.61538461538461;5.499999999999999
2019-10;CERBERE/TOULOUSE;PARIS-AUSTERLITZ;25;22;3;3;86.36363636363636;6.333333333333331
2019-10;TROUVILLE-DEAUVILLE;PARIS-ST-LAZARE;80;77;3;13;83.11688311688312;4.9230769230769225
2019-10;CAEN;TOURS;65;60;5;9;85.0;5.666666666666667
2019-10;GRANVILLE;PARIS-VAUGIRARD;164;160;4;16;90.0;9.0
2019-10;CLERMONT-FERRAND;PARIS-BERCY;231;215;16;24;88.83720930232558;7.958333333333329
2019-10;CLERMONT-FERRAND;BÉZIERS;31;26;5;2;92.3076923076923;11.999999999999998
2019-10;NANTES;BORDEAUX-ST-JEAN;88;77;11;3;96.1038961038961;24.66666666666667
2019-10;TOULOUSE-MATABIAU;BAYONNE;106;95;11;7;92.63157894736842;12.571428571428578
2019-10;MARSEILLE-ST-CHARLES;BORDEAUX-ST-JEAN;210;183;27;47;74.31693989071039;2.8936170212765964
2019-10;PARIS-AUSTERLITZ;BRIVE/CAHORS;199;188;11;25;86.70212765957447;6.520000000000002
2019-10;PARIS-AUSTERLITZ;TOULOUSE-MATABIAU/CERBERE;25;23;2;3;86.95652173913044;6.666666666666668
2019-10;ALBI/RODEZ;PARIS-AUSTERLITZ;25;22;3;3;86.36363636363636;6.333333333333331
2019-10;LATOUR-DE-CAROL;PARIS-AUSTERLITZ;20;14;6;3;78.57142857142857;3.666666666666666
2019-10;PARIS-AUSTERLITZ;BRIANÇON;13;9;4;2;77.77777777777777;3.4999999999999987
2019-10;BRIANÇON;PARIS-AUSTERLITZ;12;10;2;3;70.0;2.333333333333333
2019-09;CHERBOURG;PARIS-ST-LAZARE;201;199;2;24;87.93969849246231;7.291666666666667
2019-09;PARIS-BERCY;CLERMONT-FERRAND;218;218;0;24;88.9908256880734;8.083333333333337
2019-09;BÉZIERS;CLERMONT-FERRAND;29;29;0;5;82.75862068965517;4.800000000000001
2019-09;LYON;NANTES;57;57;0;8;85.96491228070175;6.124999999999999
2019-09;NANTES;BORDEAUX-ST-JEAN;89;89;0;2;97.75280898876404;43.5
2019-09;BORDEAUX-ST-JEAN;MARSEILLE-ST-CHARLES;222;219;3;37;83.10502283105023;4.918918918918921
2019-09;TOULOUSE-MATABIAU;PARIS-AUSTERLITZ;84;84;0;9;89.28571428571429;8.33333333333334
2019-09;ALBI/RODEZ;PARIS-AUSTERLITZ;28;28;0;1;96.42857142857144;27.00000000000001
2019-09;LATOUR-DE-CAROL;PARIS-AUSTERLITZ;28;28;0;1;96.42857142857144;27.00000000000001
2019-09;PARIS-AUSTERLITZ;BRIANÇON;15;13;2;2;84.61538461538461;5.499999999999999
2019-09;PARIS-ST-LAZARE;LE HAVRE;339;335;4;39;88.35820895522389;7.589743589743595
2019-09;PARIS-ST-LAZARE;ROUEN-RIVE-DROITE;301;295;6;28;90.50847457627118;9.535714285714285
2019-09;CLERMONT-FERRAND;PARIS-BERCY;219;217;2;33;84.7926267281106;5.575757575757578
2019-09;BORDEAUX-ST-JEAN;NANTES;89;89;0;5;94.38202247191012;16.800000000000022
2019-09;TOULOUSE-MATABIAU;BAYONNE;116;114;2;9;92.10526315789474;11.666666666666671
2019-09;CERBERE/TOULOUSE;PARIS-AUSTERLITZ;28;28;0;1;96.42857142857144;27.00000000000001
2019-09;BRIANÇON;PARIS-AUSTERLITZ;16;15;1;4;73.33333333333333;2.749999999999999
2019-09;CAEN;PARIS-ST-LAZARE;193;191;2;23;87.95811518324608;7.30434782608696
2019-09;PARIS-ST-LAZARE;CAEN;257;254;3;47;81.49606299212599;4.404255319148937
2019-09;PARIS-ST-LAZARE;TROUVILLE-DEAUVILLE;86;85;1;13;84.70588235294117;5.538461538461537
2019-09;LE HAVRE;PARIS-ST-LAZARE;348;342;6;29;91.52046783625732;10.793103448275865
2019-09;PARIS-VAUGIRARD;GRANVILLE;150;148;2;9;93.91891891891892;15.444444444444445
2019-09;CLERMONT-FERRAND;BÉZIERS;29;28;1;4;85.71428571428571;5.999999999999997
2019-09;PARIS-AUSTERLITZ;BRIVE/CAHORS;199;197;2;19;90.35532994923858;9.36842105263158
2019-09;PARIS-AUSTERLITZ;TOULOUSE-MATABIAU;84;84;0;13;84.52380952380952;5.461538461538459
2019-09;TOURS;CAEN;57;57;0;8;85.96491228070175;6.124999999999999
2019-09;NANTES;LYON;57;57;0;2;96.49122807017544;27.5
2019-09;MARSEILLE-ST-CHARLES;BORDEAUX-ST-JEAN;222;219;3;37;83.10502283105023;4.918918918918921
2019-09;PARIS-AUSTERLITZ;TOULOUSE-MATABIAU/CERBERE;28;28;0;4;85.71428571428571;5.999999999999997
2019-09;PARIS-AUSTERLITZ;LATOUR-DE-CAROL;28;23;5;0;100.0;0.0
2019-09;TROUVILLE-DEAUVILLE;PARIS-ST-LAZARE;88;87;1;9;89.65517241379311;8.666666666666673
2019-09;ROUEN-RIVE-DROITE;PARIS-ST-LAZARE;278;274;4;26;90.51094890510949;9.538461538461537
2019-09;CAEN;TOURS;61;61;0;4;93.44262295081968;14.249999999999991
2019-09;PARIS-ST-LAZARE;CHERBOURG;175;171;4;35;79.53216374269006;3.885714285714286
2019-09;GRANVILLE;PARIS-VAUGIRARD;157;154;3;10;93.50649350649353;14.400000000000016
2019-09;BAYONNE;TOULOUSE-MATABIAU;116;114;2;9;92.10526315789474;11.666666666666671
2019-09;CAHORS/BRIVE;PARIS-AUSTERLITZ;208;207;1;11;94.68599033816425;17.8181818181818
2019-09;PARIS-AUSTERLITZ;RODEZ/ALBI;28;26;2;6;76.92307692307692;3.3333333333333326
2019-08;PARIS-ST-LAZARE;TROUVILLE-DEAUVILLE;128;128;0;20;84.375;5.4
2019-08;PARIS-BERCY;CLERMONT-FERRAND;191;191;0;21;89.00523560209425;8.095238095238098
2019-08;BÉZIERS;CLERMONT-FERRAND;28;28;0;3;89.28571428571429;8.33333333333334
2019-08;CLERMONT-FERRAND;BÉZIERS;28;28;0;2;92.85714285714286;13.000000000000009
2019-08;NANTES;BORDEAUX-ST-JEAN;84;84;0;4;95.23809523809524;20.00000000000001
2019-08;PARIS-AUSTERLITZ;LATOUR-DE-CAROL;28;26;2;1;96.15384615384616;25.000000000000043
2019-08;PARIS-AUSTERLITZ;BRIANÇON;27;27;0;5;81.48148148148148;4.4
2019-08;LE HAVRE;PARIS-ST-LAZARE;276;275;1;16;94.1818181818182;16.187500000000014
2019-08;CAEN;TOURS;60;59;1;4;93.22033898305084;13.750000000000009
2019-08;CHERBOURG;PARIS-ST-LAZARE;192;187;5;20;89.3048128342246;8.350000000000007
2019-08;PARIS-VAUGIRARD;GRANVILLE;154;153;1;20;86.9281045751634;6.650000000000002
2019-08;NANTES;LYON;56;55;1;4;92.72727272727272;12.750000000000012
2019-08;TOULOUSE-MATABIAU;BAYONNE;112;109;3;11;89.90825688073394;8.909090909090908
2019-08;PARIS-AUSTERLITZ;TOULOUSE-MATABIAU;80;80;0;16;80.0;4.0
2019-08;CAEN;PARIS-ST-LAZARE;183;181;2;18;90.05524861878453;9.055555555555555
2019-08;GRANVILLE;PARIS-VAUGIRARD;156;155;1;6;96.12903225806453;24.833333333333307
2019-08;MARSEILLE-ST-CHARLES;BORDEAUX-ST-JEAN;207;207;0;35;83.09178743961353;4.914285714285714
2019-08;PARIS-AUSTERLITZ;BRIVE/CAHORS;184;183;1;33;81.9672131147541;4.545454545454547
2019-08;PARIS-AUSTERLITZ;TOULOUSE-MATABIAU/CERBERE;28;28;0;5;82.14285714285714;4.599999999999999
2019-08;PARIS-AUSTERLITZ;RODEZ/ALBI;24;23;1;7;69.56521739130434;2.285714285714285
2019-08;TROUVILLE-DEAUVILLE;PARIS-ST-LAZARE;116;115;1;21;81.73913043478261;4.476190476190476
2019-08;TOURS;CAEN;56;53;3;3;94.33962264150944;16.666666666666675
2019-08;PARIS-ST-LAZARE;CHERBOURG;187;186;1;27;85.48387096774194;5.888888888888889
2019-08;CLERMONT-FERRAND;PARIS-BERCY;194;194;0;30;84.5360824742268;5.466666666666666
2019-08;BORDEAUX-ST-JEAN;NANTES;84;84;0;6;92.85714285714286;13.000000000000009
2019-08;BORDEAUX-ST-JEAN;MARSEILLE-ST-CHARLES;207;205;2;42;79.51219512195122;3.880952380952382
2019-08;CAHORS/BRIVE;PARIS-AUSTERLITZ;194;189;5;25;86.77248677248677;6.56
2019-08;CERBERE/TOULOUSE;PARIS-AUSTERLITZ;28;28;0;2;92.85714285714286;13.000000000000009
2019-08;PARIS-ST-LAZARE;CAEN;230;227;3;33;85.46255506607929;5.878787878787876
2019-08;PARIS-ST-LAZARE;LE HAVRE;269;268;1;22;91.7910447761194;11.181818181818189
2019-08;ROUEN-RIVE-DROITE;PARIS-ST-LAZARE;226;222;4;9;95.94594594594597;23.666666666666696
2019-08;PARIS-ST-LAZARE;ROUEN-RIVE-DROITE;246;243;3;15;93.82716049382717;15.200000000000012
2019-08;LYON;NANTES;56;54;2;11;79.62962962962963;3.90909090909091
2019-08;BAYONNE;TOULOUSE-MATABIAU;112;109;3;14;87.1559633027523;6.785714285714288
2019-08;TOULOUSE-MATABIAU;PARIS-AUSTERLITZ;80;80;0;17;78.75;3.7058823529411766
2019-08;ALBI/RODEZ;PARIS-AUSTERLITZ;24;23;1;2;91.30434782608695;10.499999999999996
2019-08;LATOUR-DE-CAROL;PARIS-AUSTERLITZ;28;28;0;2;92.85714285714286;13.000000000000009
2019-08;BRIANÇON;PARIS-AUSTERLITZ;27;27;0;10;62.96296296296296;1.7
2019-07;TOURS;CAEN;62;62;0;9;85.48387096774194;5.888888888888889
2019-07;GRANVILLE;PARIS-VAUGIRARD;171;170;1;14;91.76470588235294;11.142857142857144
2019-07;CLERMONT-FERRAND;PARIS-BERCY;219;214;5;36;83.17757009345794;4.944444444444445
2019-07;NANTES;LYON;62;59;3;8;86.4406779661017;6.375000000000004
2019-07;BORDEAUX-ST-JEAN;MARSEILLE-ST-CHARLES;236;230;6;58;74.78260869565217;2.96551724137931
2019-07;PARIS-AUSTERLITZ;TOULOUSE-MATABIAU;89;89;0;26;70.78651685393258;2.423076923076923
2019-07;ALBI/RODEZ;PARIS-AUSTERLITZ;24;24;0;4;83.33333333333334;5.000000000000004
2019-07;PARIS-AUSTERLITZ;LATOUR-DE-CAROL;31;31;0;0;100.0;0.0
2019-07;LATOUR-DE-CAROL;PARIS-AUSTERLITZ;31;30;1;4;86.66666666666667;6.500000000000003
2019-07;PARIS-AUSTERLITZ;BRIANÇON;30;30;0;2;93.33333333333331;13.99999999999999
2019-07;PARIS-ST-LAZARE;CAEN;260;257;3;60;76.65369649805447;3.2833333333333328
2019-07;PARIS-ST-LAZARE;TROUVILLE-DEAUVILLE;136;136;0;32;76.47058823529412;3.25
2019-07;BÉZIERS;CLERMONT-FERRAND;32;32;0;1;96.875;31.0
2019-07;BORDEAUX-ST-JEAN;NANTES;93;93;0;11;88.17204301075269;7.454545454545454
2019-07;TOULOUSE-MATABIAU;BAYONNE;124;124;0;23;81.45161290322581;4.391304347826087
2019-07;PARIS-AUSTERLITZ;BRIVE/CAHORS;209;209;0;34;83.73205741626793;5.147058823529409
2019-07;CAHORS/BRIVE;PARIS-AUSTERLITZ;215;214;1;21;90.18691588785046;9.190476190476184
2019-07;BRIANÇON;PARIS-AUSTERLITZ;30;30;0;5;83.33333333333334;5.000000000000004
2019-07;CLERMONT-FERRAND;BÉZIERS;32;32;0;2;93.75;15.0
2019-07;BAYONNE;TOULOUSE-MATABIAU;125;122;3;15;87.70491803278688;7.133333333333328
2019-07;LE HAVRE;PARIS-ST-LAZARE;326;321;5;44;86.29283489096574;6.295454545454548
2019-07;PARIS-VAUGIRARD;GRANVILLE;167;165;2;15;90.9090909090909;9.999999999999996
2019-07;LYON;NANTES;62;60;2;14;76.66666666666667;3.2857142857142865
2019-07;TOULOUSE-MATABIAU;PARIS-AUSTERLITZ;89;89;0;17;80.89887640449439;4.235294117647061
2019-07;PARIS-AUSTERLITZ;TOULOUSE-MATABIAU/CERBERE;30;30;0;4;86.66666666666667;6.500000000000003
2019-07;CERBERE/TOULOUSE;PARIS-AUSTERLITZ;30;30;0;4;86.66666666666667;6.500000000000003
2019-07;CAEN;PARIS-ST-LAZARE;205;200;5;45;77.5;3.4444444444444446
2019-07;TROUVILLE-DEAUVILLE;PARIS-ST-LAZARE;128;127;1;26;79.5275590551181;3.8846153846153832
2019-07;PARIS-ST-LAZARE;LE HAVRE;312;310;2;34;89.03225806451613;8.117647058823529
2019-07;ROUEN-RIVE-DROITE;PARIS-ST-LAZARE;268;265;3;28;89.43396226415095;8.464285714285719
2019-07;PARIS-ST-LAZARE;ROUEN-RIVE-DROITE;294;291;3;33;88.65979381443299;7.818181818181817
2019-07;CAEN;TOURS;66;65;1;7;89.23076923076923;8.285714285714281
2019-07;CHERBOURG;PARIS-ST-LAZARE;213;210;3;35;83.33333333333334;5.000000000000004
2019-07;PARIS-ST-LAZARE;CHERBOURG;209;207;2;52;74.8792270531401;2.980769230769232
2019-07;PARIS-BERCY;CLERMONT-FERRAND;218;218;0;30;86.23853211009174;6.266666666666665
2019-07;NANTES;BORDEAUX-ST-JEAN;93;93;0;5;94.6236559139785;17.600000000000005
2019-07;MARSEILLE-ST-CHARLES;BORDEAUX-ST-JEAN;236;230;6;66;71.30434782608695;2.4848484848484844
2019-07;PARIS-AUSTERLITZ;RODEZ/ALBI;25;22;3;7;68.18181818181819;2.1428571428571432
2019-06;PARIS-ST-LAZARE;CAEN;241;224;17;66;70.53571428571429;2.3939393939393945
2019-06;PARIS-ST-LAZARE;LE HAVRE;342;340;2;55;83.82352941176471;5.181818181818183
2019-06;ROUEN-RIVE-DROITE;PARIS-ST-LAZARE;285;283;2;31;89.04593639575971;8.12903225806451
2019-06;PARIS-ST-LAZARE;ROUEN-RIVE-DROITE;317;311;6;51;83.60128617363344;5.098039215686274
2019-06;BORDEAUX-ST-JEAN;NANTES;90;88;2;9;89.77272727272727;8.777777777777771
2019-06;NANTES;BORDEAUX-ST-JEAN;91;88;3;9;89.77272727272727;8.777777777777771
2019-06;MARSEILLE-ST-CHARLES;BORDEAUX-ST-JEAN;215;211;4;58;72.51184834123222;2.637931034482758
2019-06;PARIS-AUSTERLITZ;TOULOUSE-MATABIAU;76;76;0;21;72.36842105263158;2.619047619047618
2019-06;CERBERE/TOULOUSE;PARIS-AUSTERLITZ;26;26;0;3;88.46153846153847;7.6666666666666705
2019-06;PARIS-AUSTERLITZ;LATOUR-DE-CAROL;26;18;8;0;100.0;0.0
2019-06;LATOUR-DE-CAROL;PARIS-AUSTERLITZ;26;22;4;3;86.36363636363636;6.333333333333331
2019-06;LE HAVRE;PARIS-ST-LAZARE;352;349;3;47;86.53295128939828;6.425531914893619
2019-06;CHERBOURG;PARIS-ST-LAZARE;191;179;12;43;75.97765363128492;3.16279069767442
2019-06;CLERMONT-FERRAND;PARIS-BERCY;224;223;1;47;78.9237668161435;3.74468085106383
2019-06;NANTES;LYON;49;48;1;6;87.5;7.0
2019-06;CAHORS/BRIVE;PARIS-AUSTERLITZ;185;182;3;27;85.16483516483517;5.740740740740742
2019-06;PARIS-AUSTERLITZ;TOULOUSE-MATABIAU/CERBERE;26;26;0;3;88.46153846153847;7.6666666666666705
2019-06;CAEN;PARIS-ST-LAZARE;188;176;12;37;78.97727272727273;3.7567567567567584
2019-06;TROUVILLE-DEAUVILLE;PARIS-ST-LAZARE;108;106;2;28;73.58490566037736;2.7857142857142856
2019-06;PARIS-ST-LAZARE;TROUVILLE-DEAUVILLE;106;105;1;30;71.42857142857143;2.5000000000000004
2019-06;TOURS;CAEN;60;59;1;11;81.35593220338983;4.363636363636362
2019-06;PARIS-ST-LAZARE;CHERBOURG;204;194;10;51;73.71134020618557;2.8039215686274512
2019-06;BÉZIERS;CLERMONT-FERRAND;30;30;0;4;86.66666666666667;6.500000000000003
2019-06;BAYONNE;TOULOUSE-MATABIAU;120;118;2;12;89.83050847457628;8.83333333333334
2019-06;PARIS-AUSTERLITZ;BRIVE/CAHORS;177;176;1;38;78.4090909090909;3.631578947368421
2019-06;BRIANÇON;PARIS-AUSTERLITZ;22;22;0;4;81.81818181818181;4.499999999999998
2019-06;PARIS-BERCY;CLERMONT-FERRAND;223;223;0;38;82.95964125560538;4.868421052631577
2019-06;CLERMONT-FERRAND;BÉZIERS;48;47;1;11;76.59574468085107;3.272727272727274
2019-06;TOULOUSE-MATABIAU;BAYONNE;120;117;3;13;88.88888888888889;7.999999999999997
2019-06;ALBI/RODEZ;PARIS-AUSTERLITZ;0;0;0;0;0.0;0.0
2019-06;CAEN;TOURS;66;65;1;7;89.23076923076923;8.285714285714281
2019-06;GRANVILLE;PARIS-VAUGIRARD;172;171;1;9;94.73684210526316;18.000000000000025
2019-06;PARIS-VAUGIRARD;GRANVILLE;162;160;2;19;88.125;7.421052631578948
2019-06;LYON;NANTES;49;45;4;7;84.44444444444444;5.428571428571428
2019-06;BORDEAUX-ST-JEAN;MARSEILLE-ST-CHARLES;217;214;3;53;75.23364485981308;3.037735849056604
2019-06;TOULOUSE-MATABIAU;PARIS-AUSTERLITZ;76;75;1;20;73.33333333333333;2.749999999999999
2019-06;PARIS-AUSTERLITZ;RODEZ/ALBI;0;0;0;0;0.0;0.0
2019-06;PARIS-AUSTERLITZ;BRIANÇON;22;22;0;5;77.27272727272727;3.3999999999999986
2019-05;ROUEN-RIVE-DROITE;PARIS-ST-LAZARE;290;289;1;34;88.23529411764706;7.5
2019-05;TOURS;CAEN;62;62;0;6;90.3225806451613;9.333333333333334
2019-05;GRANVILLE;PARIS-VAUGIRARD;178;178;0;7;96.06741573033707;24.428571428571427
2019-05;CLERMONT-FERRAND;PARIS-BERCY;231;230;1;22;90.43478260869566;9.454545454545457
2019-05;BORDEAUX-ST-JEAN;NANTES;93;91;2;11;87.91208791208791;7.272727272727272
2019-05;BORDEAUX-ST-JEAN;MARSEILLE-ST-CHARLES;212;209;3;30;85.64593301435407;5.966666666666667
2019-05;PARIS-AUSTERLITZ;RODEZ/ALBI;0;0;0;0;0.0;0.0
2019-05;PARIS-AUSTERLITZ;BRIANÇON;29;28;1;3;89.28571428571429;8.333333333333334
2019-05;TROUVILLE-DEAUVILLE;PARIS-ST-LAZARE;93;89;4;10;88.76404494382022;7.9
2019-05;PARIS-ST-LAZARE;TROUVILLE-DEAUVILLE;99;99;0;14;85.85858585858585;6.071428571428571
2019-05;PARIS-ST-LAZARE;LE HAVRE;345;345;0;43;87.53623188405797;7.023255813953488
2019-05;PARIS-VAUGIRARD;GRANVILLE;172;172;0;14;91.86046511627907;11.285714285714286
2019-05;PARIS-BERCY;CLERMONT-FERRAND;232;232;0;17;92.67241379310344;12.647058823529411
2019-05;CLERMONT-FERRAND;BÉZIERS;40;38;2;1;97.36842105263158;37.0
2019-05;LYON;NANTES;59;57;2;7;87.71929824561403;7.142857142857143
2019-05;BAYONNE;TOULOUSE-MATABIAU;124;120;4;9;92.5;12.333333333333334
2019-05;PARIS-AUSTERLITZ;TOULOUSE-MATABIAU;85;85;0;9;89.41176470588235;8.444444444444445
2019-05;CERBERE/TOULOUSE;PARIS-AUSTERLITZ;28;28;0;1;96.42857142857144;27.0
2019-05;PARIS-ST-LAZARE;CAEN;251;246;5;39;84.14634146341463;5.307692307692308
2019-05;CHERBOURG;PARIS-ST-LAZARE;206;202;4;24;88.11881188118812;7.416666666666667
2019-05;PARIS-ST-LAZARE;CHERBOURG;197;195;2;27;86.15384615384616;6.222222222222222
2019-05;BÉZIERS;CLERMONT-FERRAND;39;37;2;3;91.89189189189187;11.333333333333334
2019-05;TOULOUSE-MATABIAU;BAYONNE;124;122;2;9;92.62295081967213;12.555555555555555
2019-05;PARIS-AUSTERLITZ;BRIVE/CAHORS;194;194;0;20;89.69072164948453;8.7
2019-05;CAHORS/BRIVE;PARIS-AUSTERLITZ;205;205;0;10;95.1219512195122;19.5
2019-05;TOULOUSE-MATABIAU;PARIS-AUSTERLITZ;83;82;1;10;87.8048780487805;7.2
2019-05;ALBI/RODEZ;PARIS-AUSTERLITZ;0;0;0;0;0.0;0.0
2019-05;LATOUR-DE-CAROL;PARIS-AUSTERLITZ;28;27;1;1;96.29629629629628;26.0
2019-05;CAEN;PARIS-ST-LAZARE;200;198;2;24;87.87878787878788;7.25
2019-05;LE HAVRE;PARIS-ST-LAZARE;349;348;1;23;93.39080459770116;14.130434782608695
2019-05;PARIS-ST-LAZARE;ROUEN-RIVE-DROITE;311;306;5;35;88.56209150326798;7.742857142857143
2019-05;CAEN;TOURS;68;67;1;5;92.53731343283582;12.4
2019-05;NANTES;BORDEAUX-ST-JEAN;94;93;1;11;88.17204301075269;7.454545454545454
2019-05;NANTES;LYON;59;58;1;4;93.10344827586206;13.5
2019-05;MARSEILLE-ST-CHARLES;BORDEAUX-ST-JEAN;213;208;5;48;76.92307692307692;3.333333333333333
2019-05;PARIS-AUSTERLITZ;TOULOUSE-MATABIAU/CERBERE;28;28;0;2;92.85714285714286;13.0
2019-05;PARIS-AUSTERLITZ;LATOUR-DE-CAROL;28;26;2;1;96.15384615384616;25.0
2019-05;BRIANÇON;PARIS-AUSTERLITZ;29;27;2;8;70.37037037037037;2.375
2019-04;CAEN;PARIS-ST-LAZARE;196;193;3;9;95.33678756476684;20.444444444444443
2019-04;GRANVILLE;PARIS-VAUGIRARD;167;167;0;9;94.61077844311376;17.555555555555557
2019-04;BORDEAUX-ST-JEAN;NANTES;90;88;2;13;85.22727272727272;5.769230769230769
2019-04;NANTES;BORDEAUX-ST-JEAN;90;87;3;5;94.2528735632184;16.4
2019-04;PARIS-AUSTERLITZ;BRIVE/CAHORS;173;172;1;13;92.44186046511628;12.23076923076923
2019-04;ALBI/RODEZ;PARIS-AUSTERLITZ;0;0;0;0;0.0;0.0
2019-04;BRIANÇON;PARIS-AUSTERLITZ;27;25;2;8;68.0;2.125
2019-04;TROUVILLE-DEAUVILLE;PARIS-ST-LAZARE;80;80;0;4;95.0;19.0
2019-04;PARIS-ST-LAZARE;LE HAVRE;348;345;3;28;91.8840579710145;11.321428571428571
2019-04;CAEN;TOURS;65;65;0;3;95.3846153846154;20.666666666666668
2019-04;LYON;NANTES;55;54;1;3;94.44444444444444;17.0
2019-04;TOULOUSE-MATABIAU;BAYONNE;120;120;0;27;77.5;3.4444444444444446
2019-04;CAHORS/BRIVE;PARIS-AUSTERLITZ;183;182;1;8;95.6043956043956;21.75
2019-04;PARIS-AUSTERLITZ;TOULOUSE-MATABIAU;80;79;1;11;86.07594936708861;6.181818181818182
2019-04;ROUEN-RIVE-DROITE;PARIS-ST-LAZARE;287;286;1;28;90.2097902097902;9.214285714285714
2019-04;TOURS;CAEN;60;59;1;4;93.22033898305084;13.75
2019-04;PARIS-VAUGIRARD;GRANVILLE;160;160;0;10;93.75;15.0
2019-04;CLERMONT-FERRAND;PARIS-BERCY;227;225;2;32;85.77777777777777;6.03125
2019-04;PARIS-BERCY;CLERMONT-FERRAND;226;225;1;24;89.33333333333333;8.375
2019-04;BÉZIERS;CLERMONT-FERRAND;54;52;2;4;92.3076923076923;12.0
2019-04;BAYONNE;TOULOUSE-MATABIAU;120;120;0;11;90.83333333333331;9.909090909090908
2019-04;TOULOUSE-MATABIAU;PARIS-AUSTERLITZ;81;80;1;7;91.25;10.428571428571429
2019-04;PARIS-AUSTERLITZ;TOULOUSE-MATABIAU/CERBERE;27;27;0;1;96.29629629629628;26.0
2019-04;PARIS-AUSTERLITZ;LATOUR-DE-CAROL;27;22;5;0;100.0;0.0
2019-04;LATOUR-DE-CAROL;PARIS-AUSTERLITZ;27;26;1;1;96.15384615384616;25.0
2019-04;PARIS-ST-LAZARE;CHERBOURG;197;196;1;19;90.3061224489796;9.31578947368421
2019-04;CLERMONT-FERRAND;BÉZIERS;54;54;0;0;100.0;0.0
2019-04;CERBERE/TOULOUSE;PARIS-AUSTERLITZ;27;26;1;1;96.15384615384616;25.0
2019-04;PARIS-AUSTERLITZ;RODEZ/ALBI;0;0;0;0;0.0;0.0
2019-04;PARIS-AUSTERLITZ;BRIANÇON;27;27;0;4;85.18518518518519;5.75
2019-04;PARIS-ST-LAZARE;CAEN;247;242;5;30;87.60330578512396;7.066666666666666
2019-04;PARIS-ST-LAZARE;TROUVILLE-DEAUVILLE;86;86;0;14;83.72093023255815;5.142857142857143
2019-04;LE HAVRE;PARIS-ST-LAZARE;356;354;2;18;94.91525423728814;18.666666666666668
2019-04;PARIS-ST-LAZARE;ROUEN-RIVE-DROITE;314;312;2;31;90.06410256410257;9.064516129032258
2019-04;CHERBOURG;PARIS-ST-LAZARE;203;202;1;14;93.06930693069307;13.428571428571429
2019-04;NANTES;LYON;55;54;1;5;90.74074074074072;9.8
2019-04;BORDEAUX-ST-JEAN;MARSEILLE-ST-CHARLES;206;205;1;28;86.34146341463415;6.321428571428571
2019-04;MARSEILLE-ST-CHARLES;BORDEAUX-ST-JEAN;207;205;2;30;85.36585365853658;5.833333333333333
2019-03;LE HAVRE;PARIS-ST-LAZARE;358;357;1;31;91.31652661064426;10.516129032258064
2019-03;PARIS-ST-LAZARE;LE HAVRE;357;357;0;29;91.87675070028013;11.310344827586206
2019-03;ROUEN-RIVE-DROITE;PARIS-ST-LAZARE;295;289;6;32;88.92733564013841;8.03125
2019-03;CLERMONT-FERRAND;BÉZIERS;61;61;0;5;91.8032786885246;11.2
2019-03;NANTES;LYON;52;50;2;4;92.0;11.5
2019-03;NANTES;BORDEAUX-ST-JEAN;92;91;1;8;91.2087912087912;10.375
2019-03;CAHORS/BRIVE;PARIS-AUSTERLITZ;198;195;3;19;90.25641025641026;9.263157894736842
2019-03;PARIS-AUSTERLITZ;TOULOUSE-MATABIAU;85;83;2;9;89.1566265060241;8.222222222222221
2019-03;TOULOUSE-MATABIAU;PARIS-AUSTERLITZ;85;83;2;7;91.56626506024097;10.857142857142858
2019-03;PARIS-AUSTERLITZ;TOULOUSE-MATABIAU/CERBERE;29;29;0;4;86.20689655172414;6.25
2019-03;CERBERE/TOULOUSE;PARIS-AUSTERLITZ;29;29;0;0;100.0;0.0
2019-03;PARIS-AUSTERLITZ;RODEZ/ALBI;21;21;0;2;90.47619047619048;9.5
2019-03;BRIANÇON;PARIS-AUSTERLITZ;27;27;0;9;66.66666666666666;2.0
2019-03;CAEN;PARIS-ST-LAZARE;202;196;6;32;83.6734693877551;5.125
2019-03;PARIS-ST-LAZARE;CAEN;253;249;4;36;85.5421686746988;5.916666666666667
2019-03;PARIS-ST-LAZARE;ROUEN-RIVE-DROITE;333;329;4;33;89.96960486322189;8.969696969696969
2019-03;PARIS-AUSTERLITZ;BRIVE/CAHORS;186;186;0;26;86.02150537634408;6.153846153846154
2019-03;ALBI/RODEZ;PARIS-AUSTERLITZ;21;21;0;0;100.0;0.0
2019-03;TOURS;CAEN;62;62;0;6;90.3225806451613;9.333333333333334
2019-03;BÉZIERS;CLERMONT-FERRAND;61;60;1;3;95.0;19.0
2019-03;LYON;NANTES;52;51;1;8;84.31372549019608;5.375
2019-03;BORDEAUX-ST-JEAN;NANTES;92;91;1;3;96.7032967032967;29.33333333333333
2019-03;TOULOUSE-MATABIAU;BAYONNE;10;10;0;3;70.0;2.333333333333333
2019-03;MARSEILLE-ST-CHARLES;BORDEAUX-ST-JEAN;233;224;9;56;75.0;3.0
2019-03;TROUVILLE-DEAUVILLE;PARIS-ST-LAZARE;79;76;3;12;84.21052631578948;5.333333333333333
2019-03;PARIS-ST-LAZARE;TROUVILLE-DEAUVILLE;80;78;2;8;89.74358974358974;8.75
2019-03;CHERBOURG;PARIS-ST-LAZARE;206;201;5;16;92.03980099502488;11.5625
2019-03;PARIS-ST-LAZARE;CHERBOURG;199;199;0;19;90.45226130653266;9.473684210526317
2019-03;GRANVILLE;PARIS-VAUGIRARD;173;173;0;6;96.53179190751445;27.83333333333333
2019-03;PARIS-VAUGIRARD;GRANVILLE;168;167;1;7;95.80838323353294;22.857142857142858
2019-03;BORDEAUX-ST-JEAN;MARSEILLE-ST-CHARLES;232;225;7;34;84.88888888888889;5.617647058823529
2019-03;LATOUR-DE-CAROL;PARIS-AUSTERLITZ;28;28;0;3;89.28571428571429;8.333333333333334
2019-03;CAEN;TOURS;67;67;0;11;83.58208955223881;5.090909090909091
2019-03;CLERMONT-FERRAND;PARIS-BERCY;221;221;0;24;89.14027149321267;8.208333333333334
2019-03;PARIS-BERCY;CLERMONT-FERRAND;221;221;0;19;91.4027149321267;10.63157894736842
2019-03;BAYONNE;TOULOUSE-MATABIAU;11;11;0;0;100.0;0.0
2019-03;PARIS-AUSTERLITZ;LATOUR-DE-CAROL;27;26;1;2;92.3076923076923;12.0
2019-03;PARIS-AUSTERLITZ;BRIANÇON;27;27;0;2;92.5925925925926;12.5
2019-02;PARIS-ST-LAZARE;ROUEN-RIVE-DROITE;300;297;3;25;91.58249158249158;10.88
2019-02;PARIS-ST-LAZARE;CHERBOURG;184;183;1;18;90.1639344262295;9.166666666666666
2019-02;GRANVILLE;PARIS-VAUGIRARD;152;152;0;5;96.71052631578948;29.4
2019-02;CLERMONT-FERRAND;BÉZIERS;55;53;2;2;96.22641509433964;25.5
2019-02;LYON;NANTES;57;56;1;7;87.5;7.0
2019-02;NANTES;BORDEAUX-ST-JEAN;84;81;3;3;96.29629629629628;26.0
2019-02;TROUVILLE-DEAUVILLE;PARIS-ST-LAZARE;72;71;1;5;92.95774647887325;13.2
2019-02;PARIS-ST-LAZARE;LE HAVRE;328;327;1;35;89.29663608562691;8.342857142857143
2019-02;CAEN;TOURS;60;60;0;3;95.0;19.0
2019-02;TOURS;CAEN;56;56;0;5;91.07142857142856;10.2
2019-02;CHERBOURG;PARIS-ST-LAZARE;188;187;1;8;95.72192513368984;22.375
2019-02;CLERMONT-FERRAND;PARIS-BERCY;210;208;2;29;86.0576923076923;6.172413793103448
2019-02;NANTES;LYON;56;55;1;3;94.54545454545456;17.333333333333332
2019-02;BORDEAUX-ST-JEAN;NANTES;84;83;1;2;97.59036144578312;40.5
2019-02;BAYONNE;TOULOUSE-MATABIAU;0;0;0;0;0.0;0.0
2019-02;BORDEAUX-ST-JEAN;MARSEILLE-ST-CHARLES;211;211;0;32;84.83412322274881;5.59375
2019-02;PARIS-AUSTERLITZ;BRIVE/CAHORS;186;184;2;29;84.23913043478261;5.344827586206897
2019-02;CERBERE/TOULOUSE;PARIS-AUSTERLITZ;27;27;0;0;100.0;0.0
2019-02;PARIS-AUSTERLITZ;LATOUR-DE-CAROL;28;25;3;5;80.0;4.0
2019-02;LATOUR-DE-CAROL;PARIS-AUSTERLITZ;27;26;1;0;100.0;0.0
2019-02;CAEN;PARIS-ST-LAZARE;184;181;3;19;89.50276243093923;8.526315789473685
2019-02;ROUEN-RIVE-DROITE;PARIS-ST-LAZARE;267;261;6;10;96.16858237547892;25.1
2019-02;TOULOUSE-MATABIAU;BAYONNE;0;0;0;0;0.0;0.0
2019-02;MARSEILLE-ST-CHARLES;BORDEAUX-ST-JEAN;211;209;2;36;82.77511961722487;4.805555555555555
2019-02;PARIS-AUSTERLITZ;TOULOUSE-MATABIAU/CERBERE;27;27;0;2;92.5925925925926;12.5
2019-02;BRIANÇON;PARIS-AUSTERLITZ;27;27;0;3;88.88888888888889;8.0
2019-02;PARIS-ST-LAZARE;CAEN;232;230;2;33;85.65217391304348;5.96969696969697
2019-02;LE HAVRE;PARIS-ST-LAZARE;327;324;3;14;95.679012345679;22.142857142857142
2019-02;PARIS-VAUGIRARD;GRANVILLE;148;147;1;6;95.91836734693878;23.5
2019-02;BÉZIERS;CLERMONT-FERRAND;55;54;1;2;96.29629629629628;26.0
2019-02;PARIS-ST-LAZARE;TROUVILLE-DEAUVILLE;72;71;1;9;87.32394366197182;6.888888888888889
2019-02;PARIS-BERCY;CLERMONT-FERRAND;211;208;3;17;91.82692307692308;11.235294117647058
2019-02;CAHORS/BRIVE;PARIS-AUSTERLITZ;195;195;0;18;90.76923076923076;9.833333333333334
2019-02;PARIS-AUSTERLITZ;TOULOUSE-MATABIAU;80;80;0;14;82.5;4.714285714285714
2019-02;TOULOUSE-MATABIAU;PARIS-AUSTERLITZ;80;80;0;5;93.75;15.0
2019-02;PARIS-AUSTERLITZ;RODEZ/ALBI;26;23;3;2;91.30434782608695;10.5
2019-02;ALBI/RODEZ;PARIS-AUSTERLITZ;26;25;1;0;100.0;0.0
2019-02;PARIS-AUSTERLITZ;BRIANÇON;27;27;0;3;88.88888888888889;8.0
2019-01;TROUVILLE-DEAUVILLE;PARIS-ST-LAZARE;80;78;2;12;84.61538461538461;5.5
2019-01;CAEN;TOURS;67;67;0;5;92.53731343283582;12.4
2019-01;PARIS-ST-LAZARE;CHERBOURG;202;199;3;23;88.44221105527637;7.6521739130434785
2019-01;PARIS-VAUGIRARD;GRANVILLE;163;163;0;10;93.86503067484662;15.3
2019-01;PARIS-BERCY;CLERMONT-FERRAND;228;228;0;19;91.66666666666669;11.0
2019-01;TOULOUSE-MATABIAU;BAYONNE;23;21;2;2;90.47619047619048;9.5
2019-01;CAHORS/BRIVE;PARIS-AUSTERLITZ;218;216;2;34;84.25925925925927;5.352941176470588
2019-01;PARIS-AUSTERLITZ;BRIANÇON;31;31;0;2;93.5483870967742;14.5
2019-01;CAEN;PARIS-ST-LAZARE;201;194;7;24;87.62886597938144;7.083333333333333
2019-01;PARIS-ST-LAZARE;CAEN;254;250;4;37;85.2;5.756756756756757
2019-01;CLERMONT-FERRAND;PARIS-BERCY;229;228;1;16;92.98245614035088;13.25
2019-01;BORDEAUX-ST-JEAN;NANTES;92;91;1;5;94.50549450549453;17.2
2019-01;ALBI/RODEZ;PARIS-AUSTERLITZ;31;30;1;1;96.66666666666669;29.0
2019-01;LATOUR-DE-CAROL;PARIS-AUSTERLITZ;29;24;5;2;91.66666666666669;11.0
2019-01;PARIS-ST-LAZARE;TROUVILLE-DEAUVILLE;77;75;2;19;74.66666666666667;2.9473684210526314
2019-01;PARIS-ST-LAZARE;LE HAVRE;360;357;3;32;91.03641456582632;10.15625
2019-01;ROUEN-RIVE-DROITE;PARIS-ST-LAZARE;294;283;11;40;85.86572438162544;6.075
2019-01;PARIS-ST-LAZARE;ROUEN-RIVE-DROITE;322;317;5;24;92.42902208201892;12.208333333333334
2019-01;CHERBOURG;PARIS-ST-LAZARE;207;205;2;15;92.6829268292683;12.666666666666666
2019-01;BÉZIERS;CLERMONT-FERRAND;57;57;0;2;96.49122807017544;27.5
2019-01;CLERMONT-FERRAND;BÉZIERS;57;57;0;1;98.24561403508773;56.0
2019-01;NANTES;LYON;61;61;0;3;95.08196721311477;19.33333333333333
2019-01;BORDEAUX-ST-JEAN;MARSEILLE-ST-CHARLES;241;227;14;46;79.73568281938326;3.934782608695652
2019-01;MARSEILLE-ST-CHARLES;BORDEAUX-ST-JEAN;234;221;13;51;76.92307692307692;3.333333333333333
2019-01;PARIS-AUSTERLITZ;BRIVE/CAHORS;210;207;3;23;88.88888888888889;8.0
2019-01;PARIS-AUSTERLITZ;TOULOUSE-MATABIAU;88;88;0;12;86.36363636363636;6.333333333333333
2019-01;PARIS-AUSTERLITZ;LATOUR-DE-CAROL;27;20;7;4;80.0;4.0
2019-01;LE HAVRE;PARIS-ST-LAZARE;363;361;2;31;91.41274238227146;10.64516129032258
2019-01;LYON;NANTES;61;61;0;3;95.08196721311477;19.33333333333333
2019-01;NANTES;BORDEAUX-ST-JEAN;93;91;2;4;95.6043956043956;21.75
2019-01;BAYONNE;TOULOUSE-MATABIAU;24;22;2;4;81.81818181818181;4.5
2019-01;CERBERE/TOULOUSE;PARIS-AUSTERLITZ;28;26;2;1;96.15384615384616;25.0
2019-01;PARIS-AUSTERLITZ;RODEZ/ALBI;30;29;1;0;100.0;0.0
2019-01;TOURS;CAEN;62;62;0;4;93.5483870967742;14.5
2019-01;GRANVILLE;PARIS-VAUGIRARD;170;170;0;16;90.58823529411764;9.625
2019-01;TOULOUSE-MATABIAU;PARIS-AUSTERLITZ;88;87;1;13;85.05747126436782;5.6923076923076925
2019-01;PARIS-AUSTERLITZ;TOULOUSE-MATABIAU/CERBERE;29;28;1;3;89.28571428571429;8.333333333333334
2019-01;BRIANÇON;PARIS-AUSTERLITZ;31;31;0;9;70.96774193548387;2.4444444444444446
2018-12;AMIENS;PARIS-NORD;214;211;3;48;77.25118483412322;3.395833333333333
2018-12;LE HAVRE;PARIS-ST-LAZARE;356;352;4;34;90.3409090909091;9.352941176470589
2018-12;CAEN;TOURS;67;67;0;7;89.55223880597015;8.571428571428571
2018-12;BOULOGNE-VILLE;PARIS-NORD;150;145;5;17;88.27586206896552;7.529411764705882
2018-12;PARIS-NORD;BOULOGNE-VILLE;148;143;5;20;86.01398601398601;6.15
2018-12;BAYONNE;TOULOUSE-MATABIAU;42;42;0;3;92.85714285714286;13.0
2018-12;BORDEAUX-ST-JEAN;MARSEILLE-ST-CHARLES;227;220;7;80;63.63636363636363;1.75
2018-12;ALBI/RODEZ;PARIS-AUSTERLITZ;12;10;2;0;100.0;0.0
2018-12;BRIANÇON;PARIS-AUSTERLITZ;29;28;1;5;82.14285714285714;4.6
2018-12;PARIS-NORD;AMIENS;206;205;1;55;73.17073170731707;2.727272727272727
2018-12;PARIS-ST-LAZARE;TROUVILLE-DEAUVILLE;77;77;0;17;77.92207792207792;3.5294117647058822
2018-12;PARIS-ST-LAZARE;LE HAVRE;348;345;3;60;82.6086956521739;4.75
2018-12;ROUEN-RIVE-DROITE;PARIS-ST-LAZARE;292;286;6;33;88.46153846153847;7.666666666666667
2018-12;TOURS;CAEN;62;62;0;10;83.87096774193549;5.2
2018-12;CAMBRAI/MAUBEUGE;PARIS-NORD;171;167;4;17;89.82035928143712;8.823529411764707
2018-12;CHERBOURG;PARIS-ST-LAZARE;205;202;3;22;89.10891089108911;8.181818181818182
2018-12;PARIS-ST-LAZARE;CHERBOURG;201;198;3;36;81.81818181818181;4.5
2018-12;NANTES;LYON;63;59;4;4;93.22033898305084;13.75
2018-12;BORDEAUX-ST-JEAN;NANTES;93;91;2;7;92.3076923076923;12.0
2018-12;PARIS-AUSTERLITZ;TOULOUSE-MATABIAU/CERBERE;31;31;0;3;90.3225806451613;9.333333333333334
2018-12;CERBERE/TOULOUSE;PARIS-AUSTERLITZ;31;31;0;1;96.7741935483871;30.0
2018-12;LATOUR-DE-CAROL;PARIS-AUSTERLITZ;19;15;4;0;100.0;0.0
2018-12;CAEN;PARIS-ST-LAZARE;202;197;5;18;90.86294416243656;9.944444444444445
2018-12;PARIS-ST-LAZARE;CAEN;246;244;2;39;84.01639344262296;5.256410256410256
2018-12;PARIS-NORD;MAUBEUGE/CAMBRAI;166;163;3;29;82.20858895705521;4.620689655172414
2018-12;GRANVILLE;PARIS-VAUGIRARD;173;173;0;13;92.48554913294798;12.307692307692308
2018-12;CLERMONT-FERRAND;PARIS-BERCY;227;226;1;24;89.38053097345133;8.416666666666666
2018-12;LYON;NANTES;61;60;1;5;91.66666666666669;11.0
2018-12;TOULOUSE-MATABIAU;BAYONNE;42;42;0;3;92.85714285714286;13.0
2018-12;TOULOUSE-MATABIAU;PARIS-AUSTERLITZ;87;85;2;15;82.35294117647058;4.666666666666667
2018-12;PARIS-AUSTERLITZ;LATOUR-DE-CAROL;18;12;6;2;83.33333333333333;5.0
2018-12;ST-QUENTIN;PARIS-NORD;118;116;2;13;88.79310344827586;7.923076923076923
2018-12;PARIS-NORD;ST-QUENTIN;124;122;2;14;88.52459016393442;7.714285714285714
2018-12;TROUVILLE-DEAUVILLE;PARIS-ST-LAZARE;79;77;2;11;85.71428571428571;6.0
2018-12;PARIS-BERCY;CLERMONT-FERRAND;224;223;1;15;93.27354260089686;13.866666666666667
2018-12;CLERMONT-FERRAND;BÉZIERS;41;38;3;2;94.73684210526316;18.0
2018-12;NANTES;BORDEAUX-ST-JEAN;93;92;1;14;84.78260869565217;5.571428571428571
2018-12;MARSEILLE-ST-CHARLES;BORDEAUX-ST-JEAN;227;220;7;63;71.36363636363636;2.492063492063492
2018-12;PARIS-AUSTERLITZ;BRIVE/CAHORS;195;192;3;24;87.5;7.0
2018-12;PARIS-AUSTERLITZ;TOULOUSE-MATABIAU;87;87;0;20;77.01149425287356;3.35
2018-12;PARIS-AUSTERLITZ;RODEZ/ALBI;14;11;3;3;72.72727272727272;2.6666666666666665
2018-12;PARIS-AUSTERLITZ;BRIANÇON;29;28;1;9;67.85714285714286;2.111111111111111
2018-12;PARIS-ST-LAZARE;ROUEN-RIVE-DROITE;315;309;6;42;86.40776699029126;6.357142857142857
2018-12;PARIS-VAUGIRARD;GRANVILLE;164;164;0;16;90.2439024390244;9.25
2018-12;BÉZIERS;CLERMONT-FERRAND;40;38;2;1;97.36842105263158;37.0
2018-12;CAHORS/BRIVE;PARIS-AUSTERLITZ;211;209;2;29;86.1244019138756;6.206896551724138
2018-11;AMIENS;PARIS-NORD;229;226;3;75;66.8141592920354;2.013333333333333
2018-11;PARIS-NORD;ST-QUENTIN;123;121;2;27;77.68595041322314;3.4814814814814814
2018-11;PARIS-ST-LAZARE;LE HAVRE;427;424;3;139;67.21698113207547;2.050359712230216
2018-11;PARIS-VAUGIRARD;GRANVILLE;183;183;0;20;89.07103825136612;8.15
2018-11;LYON;NANTES;59;58;1;0;100.0;0.0
2018-11;BORDEAUX-ST-JEAN;MARSEILLE-ST-CHARLES;332;325;7;145;55.38461538461539;1.2413793103448276
2018-11;MARSEILLE-ST-CHARLES;BORDEAUX-ST-JEAN;330;323;7;145;55.10835913312693;1.2275862068965515
2018-11;PARIS-AUSTERLITZ;TOULOUSE-MATABIAU;140;140;0;53;62.142857142857146;1.6415094339622642
2018-11;CERBERE/TOULOUSE;PARIS-AUSTERLITZ;30;30;0;7;76.66666666666667;3.2857142857142856
2018-11;PARIS-AUSTERLITZ;BRIANÇON;30;29;1;9;68.9655172413793;2.2222222222222223
2018-11;TROUVILLE-DEAUVILLE;PARIS-ST-LAZARE;81;79;2;6;92.40506329113924;12.166666666666666
2018-11;ROUEN-RIVE-DROITE;PARIS-ST-LAZARE;321;315;6;67;78.73015873015873;3.701492537313433
2018-11;PARIS-NORD;MAUBEUGE/CAMBRAI;177;174;3;30;82.75862068965517;4.8
2018-11;CHERBOURG;PARIS-ST-LAZARE;223;220;3;30;86.36363636363636;6.333333333333333
2018-11;BÉZIERS;CLERMONT-FERRAND;61;59;2;5;91.52542372881356;10.8
2018-11;NANTES;LYON;74;71;3;14;80.28169014084507;4.071428571428571
2018-11;TOULOUSE-MATABIAU;BAYONNE;0;0;0;0;0.0;0.0
2018-11;CAHORS/BRIVE;PARIS-AUSTERLITZ;333;331;2;109;67.06948640483384;2.036697247706422
2018-11;PARIS-AUSTERLITZ;TOULOUSE-MATABIAU/CERBERE;30;30;0;5;83.33333333333333;5.0
2018-11;PARIS-AUSTERLITZ;RODEZ/ALBI;22;19;3;3;84.21052631578948;5.333333333333333
2018-11;LATOUR-DE-CAROL;PARIS-AUSTERLITZ;30;28;2;2;92.85714285714286;13.0
2018-11;BRIANÇON;PARIS-AUSTERLITZ;30;30;0;4;86.66666666666667;6.5
2018-11;ST-QUENTIN;PARIS-NORD;125;123;2;27;78.04878048780488;3.555555555555556
2018-11;TOURS;CAEN;76;76;0;10;86.84210526315789;6.6
2018-11;CAMBRAI/MAUBEUGE;PARIS-NORD;177;173;4;40;76.878612716763;3.325
2018-11;PARIS-ST-LAZARE;CHERBOURG;248;245;3;79;67.75510204081633;2.1012658227848102
2018-11;NANTES;BORDEAUX-ST-JEAN;114;113;1;27;76.10619469026548;3.185185185185185
2018-11;ALBI/RODEZ;PARIS-AUSTERLITZ;21;19;2;2;89.47368421052632;8.5
2018-11;PARIS-ST-LAZARE;CAEN;277;275;2;62;77.45454545454545;3.435483870967742
2018-11;LE HAVRE;PARIS-ST-LAZARE;388;384;4;83;78.38541666666667;3.626506024096385
2018-11;PARIS-BERCY;CLERMONT-FERRAND;221;220;1;25;88.63636363636364;7.8
2018-11;TOULOUSE-MATABIAU;PARIS-AUSTERLITZ;157;155;2;73;52.903225806451616;1.1232876712328768
2018-11;PARIS-AUSTERLITZ;LATOUR-DE-CAROL;24;18;6;3;83.33333333333333;5.0
2018-11;PARIS-NORD;AMIENS;225;224;1;62;72.32142857142857;2.6129032258064515
2018-11;CAEN;PARIS-ST-LAZARE;205;200;5;29;85.5;5.896551724137931
2018-11;PARIS-ST-LAZARE;TROUVILLE-DEAUVILLE;90;90;0;27;70.0;2.333333333333333
2018-11;PARIS-ST-LAZARE;ROUEN-RIVE-DROITE;345;339;6;88;74.04129793510324;2.852272727272727
2018-11;CAEN;TOURS;74;74;0;10;86.48648648648648;6.4
2018-11;BOULOGNE-VILLE;PARIS-NORD;171;166;5;42;74.6987951807229;2.952380952380953
2018-11;PARIS-NORD;BOULOGNE-VILLE;169;164;5;37;77.4390243902439;3.4324324324324325
2018-11;GRANVILLE;PARIS-VAUGIRARD;184;184;0;27;85.32608695652173;5.814814814814815
2018-11;CLERMONT-FERRAND;PARIS-BERCY;220;219;1;41;81.27853881278538;4.341463414634147
2018-11;CLERMONT-FERRAND;BÉZIERS;64;61;3;12;80.32786885245902;4.083333333333333
2018-11;BORDEAUX-ST-JEAN;NANTES;106;104;2;21;79.8076923076923;3.952380952380953
2018-11;BAYONNE;TOULOUSE-MATABIAU;0;0;0;0;0.0;0.0
2018-11;PARIS-AUSTERLITZ;BRIVE/CAHORS;279;276;3;54;80.43478260869566;4.111111111111111
2018-10;PARIS-ST-LAZARE;CAEN;255;251;4;55;78.08764940239044;3.5636363636363635
2018-10;CLERMONT-FERRAND;BÉZIERS;62;60;2;9;85.0;5.666666666666667
2018-10;NANTES;BORDEAUX-ST-JEAN;94;93;1;13;86.02150537634408;6.153846153846154
2018-10;BORDEAUX-ST-JEAN;MARSEILLE-ST-CHARLES;159;139;20;44;68.34532374100719;2.159090909090909
2018-10;MARSEILLE-ST-CHARLES;BORDEAUX-ST-JEAN;161;140;21;52;62.85714285714285;1.6923076923076923
2018-10;PARIS-AUSTERLITZ;TOULOUSE-MATABIAU;86;86;0;13;84.88372093023256;5.615384615384615
2018-10;PARIS-AUSTERLITZ;RODEZ/ALBI;28;28;0;1;96.42857142857144;27.0
2018-10;AMIENS;PARIS-NORD;221;219;2;41;81.27853881278538;4.341463414634147
2018-10;PARIS-NORD;AMIENS;219;217;2;63;70.96774193548387;2.4444444444444446
2018-10;PARIS-ST-LAZARE;LE HAVRE;370;369;1;77;79.13279132791328;3.792207792207792
2018-10;TOURS;CAEN;62;62;0;4;93.5483870967742;14.5
2018-10;PARIS-NORD;MAUBEUGE/CAMBRAI;171;170;1;22;87.05882352941177;6.727272727272728
2018-10;CLERMONT-FERRAND;PARIS-BERCY;230;223;7;31;86.09865470852017;6.193548387096774
2018-10;BORDEAUX-ST-JEAN;NANTES;94;93;1;7;92.47311827956987;12.285714285714286
2018-10;TOULOUSE-MATABIAU;BAYONNE;43;40;3;3;92.5;12.333333333333334
2018-10;BRIANÇON;PARIS-AUSTERLITZ;7;7;0;0;100.0;0.0
2018-10;ST-QUENTIN;PARIS-NORD;125;125;0;12;90.4;9.416666666666666
2018-10;CAEN;PARIS-ST-LAZARE;203;202;1;36;82.17821782178217;4.611111111111111
2018-10;TROUVILLE-DEAUVILLE;PARIS-ST-LAZARE;77;75;2;4;94.66666666666669;17.75
2018-10;PARIS-ST-LAZARE;TROUVILLE-DEAUVILLE;84;83;1;18;78.3132530120482;3.611111111111111
2018-10;ROUEN-RIVE-DROITE;PARIS-ST-LAZARE;300;297;3;54;81.81818181818181;4.5
2018-10;PARIS-ST-LAZARE;ROUEN-RIVE-DROITE;336;332;4;60;81.92771084337349;4.533333333333333
2018-10;CAEN;TOURS;66;66;0;6;90.9090909090909;10.0
2018-10;PARIS-NORD;BOULOGNE-VILLE;147;141;6;17;87.94326241134752;7.294117647058823
2018-10;CAMBRAI/MAUBEUGE;PARIS-NORD;171;169;2;12;92.89940828402366;13.083333333333334
2018-10;CHERBOURG;PARIS-ST-LAZARE;205;202;3;27;86.63366336633663;6.481481481481482
2018-10;PARIS-ST-LAZARE;CHERBOURG;204;202;2;43;78.7128712871287;3.697674418604651
2018-10;LYON;NANTES;62;57;5;2;96.49122807017544;27.5
2018-10;BAYONNE;TOULOUSE-MATABIAU;44;41;3;4;90.2439024390244;9.25
2018-10;PARIS-AUSTERLITZ;BRIVE/CAHORS;201;200;1;17;91.5;10.764705882352942
2018-10;PARIS-NORD;ST-QUENTIN;129;128;1;15;88.28125;7.533333333333333
2018-10;LE HAVRE;PARIS-ST-LAZARE;368;367;1;53;85.55858310626704;5.9245283018867925
2018-10;BOULOGNE-VILLE;PARIS-NORD;148;140;8;28;80.0;4.0
2018-10;GRANVILLE;PARIS-VAUGIRARD;167;167;0;18;89.22155688622755;8.277777777777779
2018-10;PARIS-BERCY;CLERMONT-FERRAND;232;226;6;17;92.47787610619469;12.294117647058824
2018-10;NANTES;LYON;63;60;3;10;83.33333333333333;5.0
2018-10;CAHORS/BRIVE;PARIS-AUSTERLITZ;210;208;2;19;90.8653846153846;9.947368421052632
2018-10;TOULOUSE-MATABIAU;PARIS-AUSTERLITZ;87;86;1;17;80.23255813953489;4.0588235294117645
2018-10;PARIS-AUSTERLITZ;TOULOUSE-MATABIAU/CERBERE;31;30;1;3;90.0;9.0
2018-10;CERBERE/TOULOUSE;PARIS-AUSTERLITZ;31;31;0;4;87.09677419354838;6.75
2018-10;PARIS-VAUGIRARD;GRANVILLE;163;163;0;14;91.41104294478528;10.642857142857142
2018-10;BÉZIERS;CLERMONT-FERRAND;62;61;1;9;85.24590163934427;5.777777777777778
2018-10;ALBI/RODEZ;PARIS-AUSTERLITZ;31;30;1;4;86.66666666666667;6.5
2018-10;PARIS-AUSTERLITZ;LATOUR-DE-CAROL;30;28;2;1;96.42857142857144;27.0
2018-10;LATOUR-DE-CAROL;PARIS-AUSTERLITZ;31;30;1;4;86.66666666666667;6.5
2018-10;PARIS-AUSTERLITZ;BRIANÇON;7;7;0;4;42.85714285714285;0.75
2018-09;ST-QUENTIN;PARIS-NORD;131;128;3;27;78.90625;3.740740740740741
2018-09;PARIS-ST-LAZARE;LE HAVRE;340;338;2;57;83.1360946745562;4.9298245614035086
2018-09;BOULOGNE-VILLE;PARIS-NORD;140;140;0;29;79.28571428571428;3.827586206896552
2018-09;PARIS-NORD;BOULOGNE-VILLE;140;140;0;22;84.28571428571429;5.363636363636363
2018-09;PARIS-VAUGIRARD;GRANVILLE;158;156;2;10;93.5897435897436;14.6
2018-09;CLERMONT-FERRAND;PARIS-BERCY;218;215;3;20;90.69767441860463;9.75
2018-09;BÉZIERS;CLERMONT-FERRAND;60;60;0;7;88.33333333333333;7.571428571428571
2018-09;CLERMONT-FERRAND;BÉZIERS;60;60;0;6;90.0;9.0
2018-09;NANTES;BORDEAUX-ST-JEAN;90;90;0;8;91.11111111111111;10.25
2018-09;MARSEILLE-ST-CHARLES;BORDEAUX-ST-JEAN;223;217;6;67;69.12442396313364;2.238805970149253
2018-09;CAHORS/BRIVE;PARIS-AUSTERLITZ;209;208;1;6;97.1153846153846;33.666666666666664
2018-09;LE HAVRE;PARIS-ST-LAZARE;342;340;2;31;90.88235294117646;9.96774193548387
2018-09;CHERBOURG;PARIS-ST-LAZARE;196;196;0;10;94.89795918367346;18.6
2018-09;LYON;NANTES;60;60;0;7;88.33333333333333;7.571428571428571
2018-09;NANTES;LYON;59;58;1;10;82.75862068965517;4.8
2018-09;CERBERE/TOULOUSE;PARIS-AUSTERLITZ;30;29;1;0;100.0;0.0
2018-09;ALBI/RODEZ;PARIS-AUSTERLITZ;30;29;1;0;100.0;0.0
2018-09;PARIS-NORD;ST-QUENTIN;137;134;3;32;76.11940298507463;3.1875
2018-09;PARIS-ST-LAZARE;CAEN;228;227;1;30;86.78414096916299;6.566666666666666
2018-09;ROUEN-RIVE-DROITE;PARIS-ST-LAZARE;284;277;7;32;88.4476534296029;7.65625
2018-09;PARIS-NORD;MAUBEUGE/CAMBRAI;154;154;0;20;87.01298701298701;6.7
2018-09;PARIS-ST-LAZARE;CHERBOURG;186;186;0;30;83.87096774193549;5.2
2018-09;BORDEAUX-ST-JEAN;NANTES;90;90;0;10;88.88888888888889;8.0
2018-09;PARIS-AUSTERLITZ;BRIANÇON;24;24;0;2;91.66666666666669;11.0
2018-09;BRIANÇON;PARIS-AUSTERLITZ;24;24;0;0;100.0;0.0
2018-09;AMIENS;PARIS-NORD;199;197;2;53;73.09644670050761;2.7169811320754715
2018-09;PARIS-NORD;AMIENS;199;197;2;63;68.02030456852792;2.126984126984127
2018-09;TROUVILLE-DEAUVILLE;PARIS-ST-LAZARE;75;73;2;7;90.4109589041096;9.428571428571429
2018-09;PARIS-ST-LAZARE;TROUVILLE-DEAUVILLE;78;78;0;10;87.17948717948718;6.8
2018-09;PARIS-ST-LAZARE;ROUEN-RIVE-DROITE;320;313;7;35;88.81789137380191;7.942857142857143
2018-09;TOURS;CAEN;60;60;0;5;91.66666666666669;11.0
2018-09;GRANVILLE;PARIS-VAUGIRARD;167;165;2;15;90.9090909090909;10.0
2018-09;TOULOUSE-MATABIAU;BAYONNE;108;104;4;12;88.46153846153847;7.666666666666667
2018-09;TOULOUSE-MATABIAU;PARIS-AUSTERLITZ;85;85;0;12;85.88235294117646;6.083333333333333
2018-09;LATOUR-DE-CAROL;PARIS-AUSTERLITZ;30;30;0;0;100.0;0.0
2018-09;CAEN;PARIS-ST-LAZARE;171;169;2;15;91.1242603550296;10.266666666666667
2018-09;CAEN;TOURS;65;65;0;4;93.84615384615384;15.25
2018-09;CAMBRAI/MAUBEUGE;PARIS-NORD;153;151;2;24;84.10596026490066;5.291666666666667
2018-09;PARIS-BERCY;CLERMONT-FERRAND;218;218;0;14;93.57798165137616;14.571428571428571
2018-09;BAYONNE;TOULOUSE-MATABIAU;107;102;5;12;88.23529411764706;7.5
2018-09;BORDEAUX-ST-JEAN;MARSEILLE-ST-CHARLES;224;221;3;45;79.63800904977376;3.911111111111111
2018-09;PARIS-AUSTERLITZ;BRIVE/CAHORS;198;197;1;17;91.37055837563452;10.588235294117649
2018-09;PARIS-AUSTERLITZ;TOULOUSE-MATABIAU;85;85;0;6;92.94117647058825;13.166666666666666
2018-09;PARIS-AUSTERLITZ;TOULOUSE-MATABIAU/CERBERE;30;30;0;1;96.66666666666669;29.0
2018-09;PARIS-AUSTERLITZ;RODEZ/ALBI;30;29;1;1;96.55172413793105;28.0
2018-09;PARIS-AUSTERLITZ;LATOUR-DE-CAROL;30;29;1;4;86.20689655172414;6.25
2018-08;AMIENS;PARIS-NORD;231;229;2;42;81.6593886462882;4.4523809523809526
2018-08;PARIS-NORD;AMIENS;220;215;5;35;83.72093023255815;5.142857142857143
2018-08;CAEN;PARIS-ST-LAZARE;201;198;3;24;87.87878787878788;7.25
2018-08;TROUVILLE-DEAUVILLE;PARIS-ST-LAZARE;126;125;1;12;90.4;9.416666666666666
2018-08;LE HAVRE;PARIS-ST-LAZARE;304;304;0;29;90.46052631578948;9.482758620689657
2018-08;TOURS;CAEN;60;59;1;2;96.61016949152544;28.5
2018-08;PARIS-NORD;BOULOGNE-VILLE;142;140;2;14;90.0;9.0
2018-08;NANTES;LYON;61;61;0;16;73.77049180327869;2.8125
2018-08;NANTES;BORDEAUX-ST-JEAN;92;92;0;14;84.78260869565217;5.571428571428571
2018-08;BAYONNE;TOULOUSE-MATABIAU;113;112;1;19;83.03571428571428;4.894736842105263
2018-08;PARIS-AUSTERLITZ;TOULOUSE-MATABIAU/CERBERE;31;30;1;3;90.0;9.0
2018-08;LATOUR-DE-CAROL;PARIS-AUSTERLITZ;30;30;0;1;96.66666666666669;29.0
2018-08;PARIS-ST-LAZARE;TROUVILLE-DEAUVILLE;143;142;1;21;85.21126760563381;5.761904761904762
2018-08;PARIS-ST-LAZARE;ROUEN-RIVE-DROITE;261;260;1;20;92.3076923076923;12.0
2018-08;CAEN;TOURS;66;64;2;6;90.625;9.666666666666666
2018-08;BOULOGNE-VILLE;PARIS-NORD;144;139;5;19;86.33093525179856;6.315789473684211
2018-08;PARIS-BERCY;CLERMONT-FERRAND;213;212;1;17;91.98113207547168;11.470588235294118
2018-08;BORDEAUX-ST-JEAN;NANTES;92;91;1;13;85.71428571428571;6.0
2018-08;PARIS-AUSTERLITZ;TOULOUSE-MATABIAU;87;87;0;21;75.86206896551724;3.142857142857143
2018-08;PARIS-AUSTERLITZ;RODEZ/ALBI;30;30;0;3;90.0;9.0
2018-08;PARIS-AUSTERLITZ;BRIANÇON;29;29;0;6;79.3103448275862;3.8333333333333335
2018-08;PARIS-NORD;ST-QUENTIN;122;122;0;19;84.42622950819673;5.421052631578948
2018-08;ROUEN-RIVE-DROITE;PARIS-ST-LAZARE;250;246;4;20;91.869918699187;11.3
2018-08;PARIS-NORD;MAUBEUGE/CAMBRAI;171;170;1;19;88.82352941176471;7.947368421052632
2018-08;BÉZIERS;CLERMONT-FERRAND;36;36;0;4;88.88888888888889;8.0
2018-08;CLERMONT-FERRAND;BÉZIERS;36;36;0;3;91.66666666666669;11.0
2018-08;CAHORS/BRIVE;PARIS-AUSTERLITZ;212;210;2;17;91.9047619047619;11.352941176470589
2018-08;ALBI/RODEZ;PARIS-AUSTERLITZ;29;29;0;1;96.55172413793105;28.0
2018-08;ST-QUENTIN;PARIS-NORD;122;120;2;18;85.0;5.666666666666667
2018-08;CAMBRAI/MAUBEUGE;PARIS-NORD;173;172;1;16;90.69767441860463;9.75
2018-08;CHERBOURG;PARIS-ST-LAZARE;213;209;4;20;90.43062200956938;9.45
2018-08;GRANVILLE;PARIS-VAUGIRARD;174;173;1;26;84.97109826589596;5.653846153846154
2018-08;TOULOUSE-MATABIAU;BAYONNE;113;112;1;31;72.32142857142857;2.6129032258064515
2018-08;BORDEAUX-ST-JEAN;MARSEILLE-ST-CHARLES;241;226;15;63;72.12389380530973;2.5873015873015874
2018-08;TOULOUSE-MATABIAU;PARIS-AUSTERLITZ;86;86;0;22;74.4186046511628;2.909090909090909
2018-08;PARIS-AUSTERLITZ;LATOUR-DE-CAROL;30;30;0;0;100.0;0.0
2018-08;PARIS-ST-LAZARE;CAEN;263;256;7;25;90.234375;9.24
2018-08;PARIS-ST-LAZARE;LE HAVRE;295;295;0;38;87.11864406779661;6.7631578947368425
2018-08;PARIS-ST-LAZARE;CHERBOURG;208;206;2;28;86.40776699029126;6.357142857142857
2018-08;PARIS-VAUGIRARD;GRANVILLE;166;165;1;13;92.12121212121212;11.692307692307692
2018-08;CLERMONT-FERRAND;PARIS-BERCY;218;213;5;23;89.2018779342723;8.26086956521739
2018-08;LYON;NANTES;60;60;0;6;90.0;9.0
2018-08;MARSEILLE-ST-CHARLES;BORDEAUX-ST-JEAN;241;220;21;72;67.27272727272728;2.055555555555556
2018-08;PARIS-AUSTERLITZ;BRIVE/CAHORS;206;204;2;24;88.23529411764706;7.5
2018-08;CERBERE/TOULOUSE;PARIS-AUSTERLITZ;31;30;1;1;96.66666666666669;29.0
2018-08;BRIANÇON;PARIS-AUSTERLITZ;30;30;0;3;90.0;9.0
2018-07;ST-QUENTIN;PARIS-NORD;121;120;1;20;83.33333333333333;5.0
2018-07;PARIS-NORD;ST-QUENTIN;126;126;0;24;80.95238095238095;4.25
2018-07;PARIS-ST-LAZARE;LE HAVRE;279;278;1;49;82.37410071942446;4.673469387755102
2018-07;PARIS-ST-LAZARE;ROUEN-RIVE-DROITE;214;211;3;21;90.04739336492891;9.047619047619047
2018-07;BOULOGNE-VILLE;PARIS-NORD;152;145;7;34;76.55172413793103;3.264705882352941
2018-07;CLERMONT-FERRAND;BÉZIERS;54;54;0;7;87.03703703703704;6.714285714285714
2018-07;NANTES;LYON;59;59;0;17;71.1864406779661;2.4705882352941178
2018-07;BORDEAUX-ST-JEAN;NANTES;92;92;0;13;85.86956521739131;6.076923076923077
2018-07;TOULOUSE-MATABIAU;BAYONNE;92;88;4;38;56.81818181818182;1.3157894736842106
2018-07;BORDEAUX-ST-JEAN;MARSEILLE-ST-CHARLES;232;221;11;90;59.27601809954752;1.4555555555555555
2018-07;PARIS-AUSTERLITZ;RODEZ/ALBI;25;23;2;5;78.26086956521739;3.6
2018-07;PARIS-NORD;AMIENS;223;218;5;67;69.26605504587155;2.253731343283582
2018-07;PARIS-ST-LAZARE;TROUVILLE-DEAUVILLE;79;79;0;21;73.41772151898735;2.761904761904762
2018-07;LE HAVRE;PARIS-ST-LAZARE;287;285;2;55;80.7017543859649;4.181818181818182
2018-07;PARIS-NORD;BOULOGNE-VILLE;150;147;3;28;80.95238095238095;4.25
2018-07;PARIS-ST-LAZARE;CHERBOURG;192;191;1;45;76.43979057591623;3.2444444444444445
2018-07;GRANVILLE;PARIS-VAUGIRARD;179;174;5;36;79.3103448275862;3.8333333333333335
2018-07;MARSEILLE-ST-CHARLES;BORDEAUX-ST-JEAN;233;219;14;77;64.84018264840182;1.844155844155844
2018-07;PARIS-AUSTERLITZ;BRIVE/CAHORS;206;199;7;51;74.37185929648241;2.9019607843137254
2018-07;CAHORS/BRIVE;PARIS-AUSTERLITZ;213;203;10;22;89.16256157635468;8.227272727272727
2018-07;PARIS-AUSTERLITZ;TOULOUSE-MATABIAU;90;88;2;17;80.68181818181819;4.176470588235294
2018-07;TOULOUSE-MATABIAU;PARIS-AUSTERLITZ;91;89;2;21;76.40449438202248;3.238095238095238
2018-07;LATOUR-DE-CAROL;PARIS-AUSTERLITZ;26;24;2;4;83.33333333333333;5.0
2018-07;TROUVILLE-DEAUVILLE;PARIS-ST-LAZARE;80;79;1;18;77.21518987341773;3.388888888888889
2018-07;ROUEN-RIVE-DROITE;PARIS-ST-LAZARE;210;203;7;29;85.71428571428571;6.0
2018-07;CHERBOURG;PARIS-ST-LAZARE;196;196;0;37;81.12244897959184;4.297297297297297
2018-07;CLERMONT-FERRAND;PARIS-BERCY;216;215;1;36;83.25581395348837;4.972222222222222
2018-07;BÉZIERS;CLERMONT-FERRAND;54;54;0;10;81.48148148148148;4.4
2018-07;NANTES;BORDEAUX-ST-JEAN;92;92;0;21;77.17391304347827;3.380952380952381
2018-07;BAYONNE;TOULOUSE-MATABIAU;91;85;6;19;77.64705882352942;3.473684210526316
2018-07;CERBERE/TOULOUSE;PARIS-AUSTERLITZ;29;28;1;4;85.71428571428571;6.0
2018-07;PARIS-AUSTERLITZ;LATOUR-DE-CAROL;27;24;3;2;91.66666666666669;11.0
2018-07;BRIANÇON;PARIS-AUSTERLITZ;26;26;0;5;80.76923076923077;4.2
2018-07;CAEN;PARIS-ST-LAZARE;170;167;3;23;86.22754491017965;6.260869565217392
2018-07;TOURS;CAEN;58;58;0;5;91.3793103448276;10.6
2018-07;CAMBRAI/MAUBEUGE;PARIS-NORD;174;174;0;26;85.05747126436782;5.6923076923076925
2018-07;PARIS-NORD;MAUBEUGE/CAMBRAI;173;173;0;33;80.92485549132948;4.242424242424242
2018-07;PARIS-BERCY;CLERMONT-FERRAND;213;212;1;25;88.20754716981132;7.48
2018-07;PARIS-AUSTERLITZ;BRIANÇON;26;26;0;4;84.61538461538461;5.5
2018-07;AMIENS;PARIS-NORD;224;221;3;55;75.1131221719457;3.018181818181818
2018-07;PARIS-ST-LAZARE;CAEN;190;189;1;35;81.48148148148148;4.4
2018-07;CAEN;TOURS;64;64;0;7;89.0625;8.142857142857142
2018-07;PARIS-VAUGIRARD;GRANVILLE;171;166;5;21;87.34939759036145;6.904761904761905
2018-07;LYON;NANTES;60;59;1;12;79.66101694915254;3.9166666666666665
2018-07;PARIS-AUSTERLITZ;TOULOUSE-MATABIAU/CERBERE;28;28;0;5;82.14285714285714;4.6
2018-07;ALBI/RODEZ;PARIS-AUSTERLITZ;24;24;0;3;87.5;7.0
2018-06;PARIS-NORD;ST-QUENTIN;90;88;2;20;77.27272727272728;3.4
2018-06;PARIS-ST-LAZARE;CAEN;153;151;2;26;82.78145695364239;4.807692307692308
2018-06;CAEN;TOURS;40;40;0;4;90.0;9.0
2018-06;PARIS-NORD;BOULOGNE-VILLE;103;102;1;15;85.29411764705883;5.8
2018-06;CLERMONT-FERRAND;BÉZIERS;36;36;0;4;88.88888888888889;8.0
2018-06;CERBERE/TOULOUSE;PARIS-AUSTERLITZ;11;11;0;2;81.81818181818181;4.5
2018-06;PARIS-AUSTERLITZ;LATOUR-DE-CAROL;5;5;0;1;80.0;4.0
2018-06;LATOUR-DE-CAROL;PARIS-AUSTERLITZ;5;5;0;2;60.0;1.5
2018-06;PARIS-AUSTERLITZ;BRIANÇON;10;9;1;4;55.55555555555556;1.25
2018-06;AMIENS;PARIS-NORD;189;187;2;63;66.31016042780749;1.968253968253968
2018-06;PARIS-NORD;AMIENS;187;183;4;66;63.9344262295082;1.7727272727272727
2018-06;ST-QUENTIN;PARIS-NORD;100;98;2;23;76.53061224489795;3.260869565217391
2018-06;PARIS-ST-LAZARE;LE HAVRE;251;248;3;81;67.33870967741936;2.061728395061728
2018-06;CAMBRAI/MAUBEUGE;PARIS-NORD;125;124;1;26;79.03225806451613;3.769230769230769
2018-06;CLERMONT-FERRAND;PARIS-BERCY;200;199;1;40;79.89949748743719;3.975
2018-06;BÉZIERS;CLERMONT-FERRAND;36;36;0;6;83.33333333333333;5.0
2018-06;BORDEAUX-ST-JEAN;NANTES;83;82;1;9;89.02439024390245;8.11111111111111
2018-06;MARSEILLE-ST-CHARLES;BORDEAUX-ST-JEAN;159;158;1;58;63.29113924050633;1.7241379310344829
2018-06;PARIS-AUSTERLITZ;RODEZ/ALBI;11;11;0;0;100.0;0.0
2018-06;CAEN;PARIS-ST-LAZARE;160;154;6;31;79.87012987012987;3.967741935483871
2018-06;TOURS;CAEN;36;36;0;3;91.66666666666669;11.0
2018-06;BOULOGNE-VILLE;PARIS-NORD;110;110;0;24;78.18181818181819;3.583333333333333
2018-06;GRANVILLE;PARIS-VAUGIRARD;136;136;0;24;82.35294117647058;4.666666666666667
2018-06;NANTES;BORDEAUX-ST-JEAN;83;82;1;12;85.36585365853658;5.833333333333333
2018-06;PARIS-AUSTERLITZ;BRIVE/CAHORS;155;153;2;23;84.9673202614379;5.652173913043479
2018-06;CAHORS/BRIVE;PARIS-AUSTERLITZ;159;158;1;19;87.9746835443038;7.315789473684211
2018-06;TOULOUSE-MATABIAU;PARIS-AUSTERLITZ;84;84;0;13;84.52380952380952;5.461538461538462
2018-06;PARIS-AUSTERLITZ;TOULOUSE-MATABIAU/CERBERE;11;11;0;1;90.9090909090909;10.0
2018-06;BRIANÇON;PARIS-AUSTERLITZ;11;10;1;1;90.0;9.0
2018-06;TROUVILLE-DEAUVILLE;PARIS-ST-LAZARE;28;27;1;4;85.18518518518519;5.75
2018-06;ROUEN-RIVE-DROITE;PARIS-ST-LAZARE;157;153;4;26;83.00653594771242;4.884615384615385
2018-06;CHERBOURG;PARIS-ST-LAZARE;158;156;2;49;68.58974358974359;2.183673469387755
2018-06;PARIS-ST-LAZARE;CHERBOURG;153;152;1;36;76.3157894736842;3.2222222222222223
2018-06;LYON;NANTES;45;44;1;6;86.36363636363636;6.333333333333333
2018-06;TOULOUSE-MATABIAU;BAYONNE;58;56;2;6;89.28571428571429;8.333333333333334
2018-06;PARIS-AUSTERLITZ;TOULOUSE-MATABIAU;84;84;0;11;86.9047619047619;6.636363636363637
2018-06;PARIS-ST-LAZARE;TROUVILLE-DEAUVILLE;29;29;0;2;93.10344827586206;13.5
2018-06;LE HAVRE;PARIS-ST-LAZARE;261;255;6;70;72.54901960784314;2.642857142857143
2018-06;PARIS-ST-LAZARE;ROUEN-RIVE-DROITE;144;142;2;21;85.21126760563381;5.761904761904762
2018-06;PARIS-NORD;MAUBEUGE/CAMBRAI;126;126;0;28;77.77777777777777;3.5
2018-06;PARIS-VAUGIRARD;GRANVILLE;131;130;1;25;80.76923076923077;4.2
2018-06;PARIS-BERCY;CLERMONT-FERRAND;199;199;0;31;84.42211055276383;5.419354838709677
2018-06;NANTES;LYON;44;44;0;15;65.9090909090909;1.933333333333333
2018-06;BAYONNE;TOULOUSE-MATABIAU;58;57;1;5;91.2280701754386;10.4
2018-06;BORDEAUX-ST-JEAN;MARSEILLE-ST-CHARLES;159;158;1;56;64.55696202531647;1.821428571428572
2018-06;ALBI/RODEZ;PARIS-AUSTERLITZ;11;11;0;2;81.81818181818181;4.5
2018-05;AMIENS;PARIS-NORD;161;159;2;44;72.32704402515724;2.613636363636364
2018-05;ST-QUENTIN;PARIS-NORD;83;80;3;16;80.0;4.0
2018-05;PARIS-NORD;ST-QUENTIN;76;73;3;22;69.86301369863014;2.3181818181818183
2018-05;ROUEN-RIVE-DROITE;PARIS-ST-LAZARE;122;117;5;18;84.61538461538461;5.5
2018-05;LYON;NANTES;30;29;1;7;75.86206896551724;3.142857142857143
2018-05;CAHORS/BRIVE;PARIS-AUSTERLITZ;118;117;1;9;92.3076923076923;12.0
2018-05;TOULOUSE-MATABIAU;PARIS-AUSTERLITZ;38;38;0;5;86.84210526315789;6.6
2018-05;PARIS-ST-LAZARE;CAEN;124;123;1;21;82.92682926829268;4.857142857142857
2018-05;TROUVILLE-DEAUVILLE;PARIS-ST-LAZARE;11;11;0;1;90.9090909090909;10.0
2018-05;TOURS;CAEN;36;36;0;4;88.88888888888889;8.0
2018-05;PARIS-ST-LAZARE;CHERBOURG;122;122;0;35;71.31147540983606;2.4857142857142858
2018-05;PARIS-BERCY;CLERMONT-FERRAND;187;184;3;28;84.78260869565217;5.571428571428571
2018-05;BAYONNE;TOULOUSE-MATABIAU;56;56;0;4;92.85714285714286;13.0
2018-05;PARIS-AUSTERLITZ;TOULOUSE-MATABIAU;41;41;0;9;78.04878048780488;3.555555555555556
2018-05;PARIS-AUSTERLITZ;TOULOUSE-MATABIAU/CERBERE;7;7;0;1;85.71428571428571;6.0
2018-05;PARIS-AUSTERLITZ;RODEZ/ALBI;8;7;1;0;100.0;0.0
2018-05;ALBI/RODEZ;PARIS-AUSTERLITZ;6;6;0;0;100.0;0.0
2018-05;BRIANÇON;PARIS-AUSTERLITZ;9;9;0;2;77.77777777777777;3.5
2018-05;PARIS-NORD;AMIENS;155;150;5;51;66.0;1.9411764705882355
2018-05;CAEN;PARIS-ST-LAZARE;138;136;2;25;81.61764705882354;4.44
2018-05;PARIS-ST-LAZARE;TROUVILLE-DEAUVILLE;11;11;0;0;100.0;0.0
2018-05;CAEN;TOURS;43;43;0;0;100.0;0.0
2018-05;PARIS-NORD;MAUBEUGE/CAMBRAI;107;105;2;29;72.38095238095238;2.6206896551724137
2018-05;CLERMONT-FERRAND;PARIS-BERCY;193;191;2;29;84.81675392670157;5.586206896551724
2018-05;CLERMONT-FERRAND;BÉZIERS;36;35;1;0;100.0;0.0
2018-05;BORDEAUX-ST-JEAN;NANTES;75;70;5;6;91.42857142857144;10.666666666666666
2018-05;MARSEILLE-ST-CHARLES;BORDEAUX-ST-JEAN;118;118;0;25;78.8135593220339;3.72
2018-05;PARIS-AUSTERLITZ;BRIVE/CAHORS;102;98;4;18;81.63265306122449;4.444444444444445
2018-05;LATOUR-DE-CAROL;PARIS-AUSTERLITZ;0;0;0;0;0.0;0.0
2018-05;PARIS-ST-LAZARE;LE HAVRE;209;209;0;55;73.6842105263158;2.8
2018-05;PARIS-ST-LAZARE;ROUEN-RIVE-DROITE;100;100;0;14;86.0;6.142857142857143
2018-05;BOULOGNE-VILLE;PARIS-NORD;95;92;3;17;81.52173913043478;4.411764705882353
2018-05;PARIS-NORD;BOULOGNE-VILLE;88;87;1;13;85.05747126436782;5.6923076923076925
2018-05;CHERBOURG;PARIS-ST-LAZARE;130;128;2;35;72.65625;2.657142857142857
2018-05;PARIS-VAUGIRARD;GRANVILLE;125;123;2;7;94.3089430894309;16.571428571428573
2018-05;NANTES;BORDEAUX-ST-JEAN;73;66;7;8;87.87878787878788;7.25
2018-05;TOULOUSE-MATABIAU;BAYONNE;58;57;1;8;85.96491228070175;6.125
2018-05;CERBERE/TOULOUSE;PARIS-AUSTERLITZ;7;7;0;0;100.0;0.0
2018-05;PARIS-AUSTERLITZ;LATOUR-DE-CAROL;0;0;0;0;0.0;0.0
2018-05;LE HAVRE;PARIS-ST-LAZARE;217;216;1;70;67.5925925925926;2.085714285714286
2018-05;CAMBRAI/MAUBEUGE;PARIS-NORD;104;101;3;21;79.20792079207921;3.809523809523809
2018-05;GRANVILLE;PARIS-VAUGIRARD;137;136;1;7;94.8529411764706;18.428571428571427
2018-05;BÉZIERS;CLERMONT-FERRAND;38;38;0;1;97.36842105263158;37.0
2018-05;NANTES;LYON;29;29;0;6;79.3103448275862;3.8333333333333335
2018-05;BORDEAUX-ST-JEAN;MARSEILLE-ST-CHARLES;115;115;0;16;86.08695652173913;6.1875
2018-05;PARIS-AUSTERLITZ;BRIANÇON;9;9;0;2;77.77777777777777;3.5
2018-04;ST-QUENTIN;PARIS-NORD;80;80;0;11;86.25;6.2727272727272725
2018-04;CAEN;PARIS-ST-LAZARE;134;133;1;20;84.9624060150376;5.65
2018-04;PARIS-ST-LAZARE;TROUVILLE-DEAUVILLE;6;6;0;0;100.0;0.0
2018-04;CAEN;TOURS;36;36;0;2;94.44444444444444;17.0
2018-04;PARIS-NORD;MAUBEUGE/CAMBRAI;103;103;0;7;93.20388349514565;13.714285714285714
2018-04;GRANVILLE;PARIS-VAUGIRARD;100;100;0;6;94.0;15.666666666666666
2018-04;BAYONNE;TOULOUSE-MATABIAU;42;41;1;4;90.2439024390244;9.25
2018-04;BORDEAUX-ST-JEAN;MARSEILLE-ST-CHARLES;93;91;2;25;72.52747252747253;2.64
2018-04;MARSEILLE-ST-CHARLES;BORDEAUX-ST-JEAN;90;89;1;27;69.66292134831461;2.2962962962962963
2018-04;PARIS-AUSTERLITZ;TOULOUSE-MATABIAU;56;55;1;11;80.0;4.0
2018-04;PARIS-AUSTERLITZ;TOULOUSE-MATABIAU/CERBERE;11;11;0;1;90.9090909090909;10.0
2018-04;PARIS-ST-LAZARE;CAEN;125;125;0;31;75.2;3.032258064516129
2018-04;LE HAVRE;PARIS-ST-LAZARE;206;205;1;83;59.51219512195122;1.4698795180722892
2018-04;ROUEN-RIVE-DROITE;PARIS-ST-LAZARE;116;112;4;14;87.5;7.0
2018-04;PARIS-ST-LAZARE;ROUEN-RIVE-DROITE;92;92;0;13;85.86956521739131;6.076923076923077
2018-04;PARIS-VAUGIRARD;GRANVILLE;97;96;1;5;94.79166666666669;18.2
2018-04;CLERMONT-FERRAND;PARIS-BERCY;154;154;0;14;90.9090909090909;10.0
2018-04;CLERMONT-FERRAND;BÉZIERS;26;25;1;4;84.0;5.25
2018-04;NANTES;BORDEAUX-ST-JEAN;58;58;0;8;86.20689655172414;6.25
2018-04;PARIS-AUSTERLITZ;BRIVE/CAHORS;111;109;2;12;88.9908256880734;8.083333333333334
2018-04;LATOUR-DE-CAROL;PARIS-AUSTERLITZ;2;2;0;0;100.0;0.0
2018-04;PARIS-ST-LAZARE;CHERBOURG;130;129;1;39;69.76744186046511;2.3076923076923075
2018-04;BORDEAUX-ST-JEAN;NANTES;58;58;0;10;82.75862068965517;4.8
2018-04;CERBERE/TOULOUSE;PARIS-AUSTERLITZ;10;10;0;0;100.0;0.0
2018-04;PARIS-AUSTERLITZ;LATOUR-DE-CAROL;1;1;0;0;100.0;0.0
2018-04;AMIENS;PARIS-NORD;131;131;0;47;64.12213740458014;1.7872340425531914
2018-04;PARIS-NORD;AMIENS;130;129;1;35;72.86821705426357;2.685714285714285
2018-04;BOULOGNE-VILLE;PARIS-NORD;91;89;2;13;85.3932584269663;5.846153846153846
2018-04;PARIS-NORD;BOULOGNE-VILLE;82;82;0;10;87.8048780487805;7.2
2018-04;CHERBOURG;PARIS-ST-LAZARE;132;132;0;47;64.39393939393939;1.8085106382978724
2018-04;BÉZIERS;CLERMONT-FERRAND;27;27;0;3;88.88888888888889;8.0
2018-04;TOULOUSE-MATABIAU;BAYONNE;42;42;0;4;90.47619047619048;9.5
2018-04;PARIS-AUSTERLITZ;RODEZ/ALBI;5;5;0;0;100.0;0.0
2018-04;PARIS-AUSTERLITZ;BRIANÇON;11;10;1;2;80.0;4.0
2018-04;BRIANÇON;PARIS-AUSTERLITZ;11;10;1;2;80.0;4.0
2018-04;PARIS-NORD;ST-QUENTIN;74;73;1;9;87.67123287671232;7.111111111111111
2018-04;TROUVILLE-DEAUVILLE;PARIS-ST-LAZARE;10;10;0;1;90.0;9.0
2018-04;PARIS-ST-LAZARE;LE HAVRE;200;200;0;57;71.5;2.508771929824561
2018-04;TOURS;CAEN;32;32;0;4;87.5;7.0
2018-04;CAMBRAI/MAUBEUGE;PARIS-NORD;99;98;1;17;82.65306122448979;4.764705882352941
2018-04;PARIS-BERCY;CLERMONT-FERRAND;152;152;0;19;87.5;7.0
2018-04;LYON;NANTES;28;27;1;1;96.29629629629628;26.0
2018-04;NANTES;LYON;27;27;0;6;77.77777777777777;3.5
2018-04;CAHORS/BRIVE;PARIS-AUSTERLITZ;112;111;1;12;89.1891891891892;8.25
2018-04;TOULOUSE-MATABIAU;PARIS-AUSTERLITZ;59;58;1;5;91.3793103448276;10.6
2018-04;ALBI/RODEZ;PARIS-AUSTERLITZ;6;6;0;0;100.0;0.0
2018-03;AMIENS;PARIS-NORD;229;229;0;43;81.22270742358079;4.325581395348837
2018-03;PARIS-ST-LAZARE;CAEN;258;252;6;40;84.12698412698413;5.3
2018-03;PARIS-ST-LAZARE;CHERBOURG;201;199;2;36;81.90954773869348;4.527777777777778
2018-03;PARIS-VAUGIRARD;GRANVILLE;162;162;0;6;96.29629629629628;26.0
2018-03;NANTES;BORDEAUX-ST-JEAN;90;90;0;12;86.66666666666667;6.5
2018-03;MARSEILLE-ST-CHARLES;BORDEAUX-ST-JEAN;226;219;7;64;70.77625570776256;2.421875
2018-03;PARIS-AUSTERLITZ;BRIVE/CAHORS;236;235;1;13;94.46808510638296;17.076923076923077
2018-03;BRIANÇON;PARIS-AUSTERLITZ;27;27;0;3;88.88888888888889;8.0
2018-03;PARIS-NORD;AMIENS;231;229;2;51;77.7292576419214;3.4901960784313726
2018-03;PARIS-NORD;ST-QUENTIN;117;115;2;13;88.69565217391305;7.846153846153846
2018-03;CHERBOURG;PARIS-ST-LAZARE;191;189;2;22;88.35978835978835;7.590909090909091
2018-03;GRANVILLE;PARIS-VAUGIRARD;165;164;1;7;95.73170731707316;22.428571428571427
2018-03;PARIS-BERCY;CLERMONT-FERRAND;224;224;0;7;96.875;31.0
2018-03;LYON;NANTES;52;51;1;2;96.07843137254902;24.5
2018-03;BORDEAUX-ST-JEAN;NANTES;90;90;0;13;85.55555555555556;5.923076923076923
2018-03;BAYONNE;TOULOUSE-MATABIAU;118;116;2;15;87.06896551724138;6.733333333333333
2018-03;CAHORS/BRIVE;PARIS-AUSTERLITZ;245;244;1;9;96.31147540983606;26.11111111111111
2018-03;CERBERE/TOULOUSE;PARIS-AUSTERLITZ;27;26;1;2;92.3076923076923;12.0
2018-03;PARIS-AUSTERLITZ;BRIANÇON;27;27;0;6;77.77777777777777;3.5
2018-03;PARIS-ST-LAZARE;TROUVILLE-DEAUVILLE;82;81;1;19;76.54320987654322;3.263157894736842
2018-03;LE HAVRE;PARIS-ST-LAZARE;358;356;2;40;88.76404494382022;7.9
2018-03;CAEN;TOURS;64;64;0;7;89.0625;8.142857142857142
2018-03;CAMBRAI/MAUBEUGE;PARIS-NORD;165;165;0;27;83.63636363636364;5.111111111111111
2018-03;BÉZIERS;CLERMONT-FERRAND;60;60;0;4;93.33333333333331;14.0
2018-03;NANTES;LYON;52;51;1;4;92.15686274509804;11.75
2018-03;PARIS-AUSTERLITZ;TOULOUSE-MATABIAU;44;40;4;5;87.5;7.0
2018-03;PARIS-AUSTERLITZ;LATOUR-DE-CAROL;27;21;6;1;95.23809523809524;20.0
2018-03;CAEN;PARIS-ST-LAZARE;214;212;2;30;85.84905660377359;6.066666666666666
2018-03;TROUVILLE-DEAUVILLE;PARIS-ST-LAZARE;76;73;3;10;86.3013698630137;6.3
2018-03;PARIS-ST-LAZARE;LE HAVRE;361;356;5;52;85.3932584269663;5.846153846153846
2018-03;ROUEN-RIVE-DROITE;PARIS-ST-LAZARE;289;279;10;35;87.45519713261649;6.971428571428572
2018-03;PARIS-NORD;BOULOGNE-VILLE;130;126;4;22;82.53968253968254;4.727272727272728
2018-03;PARIS-NORD;MAUBEUGE/CAMBRAI;165;165;0;14;91.51515151515152;10.785714285714286
2018-03;CLERMONT-FERRAND;PARIS-BERCY;223;223;0;7;96.8609865470852;30.857142857142858
2018-03;TOULOUSE-MATABIAU;BAYONNE;117;116;1;11;90.51724137931036;9.545454545454543
2018-03;BORDEAUX-ST-JEAN;MARSEILLE-ST-CHARLES;225;217;8;29;86.63594470046083;6.482758620689655
2018-03;PARIS-AUSTERLITZ;RODEZ/ALBI;5;4;1;2;50.0;1.0
2018-03;ALBI/RODEZ;PARIS-AUSTERLITZ;5;4;1;1;75.0;0.0
2018-03;LATOUR-DE-CAROL;PARIS-AUSTERLITZ;27;26;1;2;92.3076923076923;12.0
2018-03;ST-QUENTIN;PARIS-NORD;116;113;3;17;84.95575221238938;5.647058823529412
2018-03;PARIS-ST-LAZARE;ROUEN-RIVE-DROITE;310;303;7;24;92.07920792079209;11.625
2018-03;TOURS;CAEN;60;60;0;8;86.66666666666667;6.5
2018-03;BOULOGNE-VILLE;PARIS-NORD;132;128;4;28;78.125;3.571428571428572
2018-03;CLERMONT-FERRAND;BÉZIERS;63;60;3;4;93.33333333333331;14.0
2018-03;TOULOUSE-MATABIAU;PARIS-AUSTERLITZ;40;37;3;8;78.37837837837839;3.625
2018-03;PARIS-AUSTERLITZ;TOULOUSE-MATABIAU/CERBERE;27;27;0;3;88.88888888888889;8.0
2018-02;PARIS-NORD;AMIENS;215;212;3;56;73.58490566037736;2.7857142857142856
2018-02;ST-QUENTIN;PARIS-NORD;125;118;7;19;83.89830508474576;5.2105263157894735
2018-02;ROUEN-RIVE-DROITE;PARIS-ST-LAZARE;240;230;10;36;84.34782608695652;5.388888888888889
2018-02;TOURS;CAEN;56;55;1;5;90.9090909090909;10.0
2018-02;PARIS-ST-LAZARE;CHERBOURG;163;160;3;38;76.25;3.210526315789474
2018-02;GRANVILLE;PARIS-VAUGIRARD;155;154;1;15;90.25974025974024;9.266666666666667
2018-02;CLERMONT-FERRAND;PARIS-BERCY;211;208;3;23;88.9423076923077;8.043478260869565
2018-02;BAYONNE;TOULOUSE-MATABIAU;88;82;6;15;81.70731707317073;4.466666666666667
2018-02;CERBERE/TOULOUSE;PARIS-AUSTERLITZ;26;26;0;17;34.61538461538461;0.5294117647058824
2018-02;ALBI/RODEZ;PARIS-AUSTERLITZ;7;6;1;4;33.33333333333333;0.5
2018-02;PARIS-ST-LAZARE;ROUEN-RIVE-DROITE;259;244;15;45;81.55737704918033;4.422222222222223
2018-02;BOULOGNE-VILLE;PARIS-NORD;123;115;8;19;83.47826086956522;5.052631578947368
2018-02;PARIS-NORD;BOULOGNE-VILLE;124;119;5;19;84.03361344537815;5.2631578947368425
2018-02;CLERMONT-FERRAND;BÉZIERS;56;56;0;6;89.28571428571429;8.333333333333334
2018-02;LYON;NANTES;58;55;3;8;85.45454545454545;5.875
2018-02;NANTES;LYON;56;56;0;12;78.57142857142857;3.6666666666666665
2018-02;MARSEILLE-ST-CHARLES;BORDEAUX-ST-JEAN;215;203;12;65;67.98029556650246;2.123076923076923
2018-02;AMIENS;PARIS-NORD;218;213;5;48;77.46478873239437;3.4375
2018-02;PARIS-ST-LAZARE;CAEN;199;190;9;50;73.6842105263158;2.8
2018-02;PARIS-ST-LAZARE;TROUVILLE-DEAUVILLE;52;51;1;18;64.70588235294117;1.8333333333333333
2018-02;CAMBRAI/MAUBEUGE;PARIS-NORD;148;148;0;14;90.54054054054056;9.571428571428571
2018-02;TOULOUSE-MATABIAU;PARIS-AUSTERLITZ;81;80;1;30;62.5;1.6666666666666667
2018-02;PARIS-AUSTERLITZ;TOULOUSE-MATABIAU/CERBERE;26;25;1;12;52.0;1.0833333333333333
2018-02;PARIS-AUSTERLITZ;BRIANÇON;27;26;1;4;84.61538461538461;5.5
2018-02;TROUVILLE-DEAUVILLE;PARIS-ST-LAZARE;53;51;2;10;80.3921568627451;4.1
2018-02;PARIS-ST-LAZARE;LE HAVRE;290;282;8;90;68.08510638297872;2.1333333333333333
2018-02;CAEN;TOURS;61;60;1;6;90.0;9.0
2018-02;PARIS-VAUGIRARD;GRANVILLE;152;150;2;8;94.66666666666669;17.75
2018-02;PARIS-BERCY;CLERMONT-FERRAND;211;210;1;25;88.0952380952381;7.4
2018-02;TOULOUSE-MATABIAU;BAYONNE;89;82;7;18;78.04878048780488;3.555555555555556
2018-02;CAHORS/BRIVE;PARIS-AUSTERLITZ;194;176;18;41;76.70454545454545;3.292682926829268
2018-02;PARIS-AUSTERLITZ;TOULOUSE-MATABIAU;80;78;2;16;79.48717948717949;3.875
2018-02;PARIS-AUSTERLITZ;LATOUR-DE-CAROL;28;20;8;9;55.0;1.2222222222222223
2018-02;BRIANÇON;PARIS-AUSTERLITZ;28;26;2;3;88.46153846153847;7.666666666666667
2018-02;PARIS-NORD;ST-QUENTIN;129;125;4;25;80.0;4.0
2018-02;CAEN;PARIS-ST-LAZARE;175;166;9;26;84.33734939759036;5.384615384615385
2018-02;LE HAVRE;PARIS-ST-LAZARE;293;283;10;75;73.4982332155477;2.773333333333333
2018-02;PARIS-NORD;MAUBEUGE/CAMBRAI;148;147;1;23;84.35374149659864;5.391304347826087
2018-02;CHERBOURG;PARIS-ST-LAZARE;157;155;2;36;76.7741935483871;3.305555555555556
2018-02;BÉZIERS;CLERMONT-FERRAND;56;56;0;3;94.64285714285714;17.666666666666668
2018-02;BORDEAUX-ST-JEAN;NANTES;84;84;0;7;91.66666666666669;11.0
2018-02;NANTES;BORDEAUX-ST-JEAN;84;84;0;11;86.9047619047619;6.636363636363637
2018-02;BORDEAUX-ST-JEAN;MARSEILLE-ST-CHARLES;214;204;10;47;76.9607843137255;3.3404255319148937
2018-02;PARIS-AUSTERLITZ;BRIVE/CAHORS;178;172;6;31;81.97674418604652;4.548387096774194
2018-02;PARIS-AUSTERLITZ;RODEZ/ALBI;8;8;0;4;50.0;1.0
2018-02;LATOUR-DE-CAROL;PARIS-AUSTERLITZ;28;24;4;15;37.5;0.6
2018-01;ROUEN-RIVE-DROITE;PARIS-ST-LAZARE;297;295;2;13;95.59322033898304;21.692307692307693
2018-01;TOURS;CAEN;63;62;1;7;88.70967741935483;7.857142857142857
2018-01;PARIS-NORD;BOULOGNE-VILLE;152;147;5;21;85.71428571428571;6.0
2018-01;GRANVILLE;PARIS-VAUGIRARD;170;163;7;16;90.1840490797546;9.1875
2018-01;PARIS-BERCY;CLERMONT-FERRAND;235;233;2;21;90.98712446351932;10.095238095238097
2018-01;BORDEAUX-ST-JEAN;NANTES;93;92;1;10;89.13043478260869;8.2
2018-01;BAYONNE;TOULOUSE-MATABIAU;28;28;0;4;85.71428571428571;6.0
2018-01;BORDEAUX-ST-JEAN;MARSEILLE-ST-CHARLES;237;231;6;51;77.92207792207792;3.5294117647058822
2018-01;PARIS-AUSTERLITZ;TOULOUSE-MATABIAU;88;88;0;3;96.5909090909091;28.33333333333333
2018-01;TOULOUSE-MATABIAU;PARIS-AUSTERLITZ;88;88;0;22;75.0;3.0
2018-01;CERBERE/TOULOUSE;PARIS-AUSTERLITZ;29;29;0;3;89.65517241379311;8.666666666666666
2018-01;PARIS-AUSTERLITZ;BRIANÇON;27;26;1;8;69.23076923076923;2.25
2018-01;PARIS-NORD;AMIENS;224;221;3;60;72.85067873303167;2.683333333333333
2018-01;PARIS-NORD;ST-QUENTIN;136;130;6;28;78.46153846153845;3.642857142857143
2018-01;PARIS-ST-LAZARE;CAEN;254;243;11;42;82.71604938271605;4.785714285714286
2018-01;CLERMONT-FERRAND;PARIS-BERCY;235;234;1;27;88.46153846153847;7.666666666666667
2018-01;NANTES;BORDEAUX-ST-JEAN;93;92;1;8;91.30434782608695;10.5
2018-01;MARSEILLE-ST-CHARLES;BORDEAUX-ST-JEAN;237;231;6;65;71.86147186147187;2.5538461538461537
2018-01;PARIS-AUSTERLITZ;LATOUR-DE-CAROL;29;27;2;1;96.29629629629628;26.0
2018-01;ST-QUENTIN;PARIS-NORD;126;118;8;16;86.4406779661017;6.375
2018-01;CAEN;TOURS;68;66;2;6;90.9090909090909;10.0
2018-01;BOULOGNE-VILLE;PARIS-NORD;158;151;7;25;83.44370860927152;5.04
2018-01;CAMBRAI/MAUBEUGE;PARIS-NORD;183;174;9;22;87.35632183908046;6.909090909090909
2018-01;CHERBOURG;PARIS-ST-LAZARE;195;189;6;16;91.53439153439152;10.8125
2018-01;PARIS-ST-LAZARE;CHERBOURG;203;199;4;33;83.41708542713567;5.03030303030303
2018-01;BÉZIERS;CLERMONT-FERRAND;63;61;2;5;91.8032786885246;11.2
2018-01;CLERMONT-FERRAND;BÉZIERS;62;60;2;5;91.66666666666669;11.0
2018-01;LYON;NANTES;62;61;1;7;88.52459016393442;7.714285714285714
2018-01;NANTES;LYON;65;62;3;6;90.3225806451613;9.333333333333334
2018-01;TOULOUSE-MATABIAU;BAYONNE;28;28;0;4;85.71428571428571;6.0
2018-01;CAHORS/BRIVE;PARIS-AUSTERLITZ;215;213;2;20;90.61032863849763;9.65
2018-01;PARIS-AUSTERLITZ;TOULOUSE-MATABIAU/CERBERE;29;29;0;5;82.75862068965517;4.8
2018-01;AMIENS;PARIS-NORD;220;218;2;32;85.3211009174312;5.8125
2018-01;PARIS-ST-LAZARE;ROUEN-RIVE-DROITE;339;331;8;32;90.33232628398792;9.34375
2018-01;PARIS-NORD;MAUBEUGE/CAMBRAI;174;169;5;27;84.02366863905326;5.25925925925926
2018-01;PARIS-VAUGIRARD;GRANVILLE;165;157;8;18;88.53503184713375;7.722222222222222
2018-01;LATOUR-DE-CAROL;PARIS-AUSTERLITZ;30;30;0;3;90.0;9.0
2018-01;BRIANÇON;PARIS-AUSTERLITZ;28;26;2;3;88.46153846153847;7.666666666666667
2018-01;CAEN;PARIS-ST-LAZARE;215;205;10;19;90.73170731707316;9.789473684210526
2018-01;TROUVILLE-DEAUVILLE;PARIS-ST-LAZARE;80;75;5;7;90.66666666666669;9.714285714285714
2018-01;PARIS-ST-LAZARE;TROUVILLE-DEAUVILLE;78;75;3;23;69.33333333333333;2.260869565217391
2018-01;LE HAVRE;PARIS-ST-LAZARE;374;356;18;35;90.1685393258427;9.17142857142857
2018-01;PARIS-ST-LAZARE;LE HAVRE;368;357;11;62;82.63305322128852;4.758064516129032
2018-01;PARIS-AUSTERLITZ;BRIVE/CAHORS;207;203;4;18;91.13300492610836;10.27777777777778
2018-01;PARIS-AUSTERLITZ;RODEZ/ALBI;8;8;0;3;62.5;1.6666666666666667
2018-01;ALBI/RODEZ;PARIS-AUSTERLITZ;9;8;1;0;100.0;0.0
2017-12;CAEN;PARIS-ST-LAZARE;197;195;2;48;75.38461538461539;3.0625
2017-12;TROUVILLE-DEAUVILLE;PARIS-ST-LAZARE;74;74;0;12;83.78378378378378;5.166666666666667
2017-12;PARIS-ST-LAZARE;LE HAVRE;352;345;7;65;81.15942028985508;4.307692307692308
2017-12;ROUEN-RIVE-DROITE;PARIS-ST-LAZARE;328;323;5;31;90.40247678018576;9.419354838709678
2017-12;BOULOGNE-VILLE;PARIS-NORD;149;145;4;24;83.44827586206897;5.041666666666667
2017-12;PARIS-NORD;BOULOGNE-VILLE;150;147;3;32;78.2312925170068;3.59375
2017-12;PARIS-AUSTERLITZ;BOURGES;31;30;1;5;83.33333333333333;5.0
2017-12;NEVERS;PARIS-BERCY;45;45;0;11;75.55555555555556;3.090909090909091
2017-12;BÉZIERS;CLERMONT-FERRAND;64;62;2;3;95.16129032258064;19.666666666666668
2017-12;NANTES;LYON-PART-DIEU;62;61;1;8;86.88524590163934;6.625
2017-12;BORDEAUX-ST-JEAN;NANTES;92;92;0;12;86.95652173913044;6.666666666666667
2017-12;TOULOUSE-MATABIAU;HENDAYE;38;38;0;9;76.3157894736842;3.2222222222222223
2017-12;PARIS-AUSTERLITZ;TOULOUSE-MATABIAU/CERBERE;87;87;0;7;91.95402298850574;11.428571428571429
2017-12;PARIS-AUSTERLITZ;CERBERE;13;13;0;1;92.3076923076923;12.0
2017-12;ORLÉANS;PARIS-AUSTERLITZ;92;91;1;23;74.72527472527473;2.9565217391304346
2017-12;PARIS-AUSTERLITZ;ORLÉANS;86;84;2;27;67.85714285714286;2.111111111111111
2017-12;PARIS-ST-LAZARE;TROUVILLE-DEAUVILLE;79;77;2;19;75.32467532467533;3.0526315789473686
2017-12;PARIS-ST-LAZARE;ROUEN-RIVE-DROITE;296;290;6;35;87.93103448275862;7.285714285714286
2017-12;BOURGES;PARIS-AUSTERLITZ;32;30;2;6;80.0;4.0
2017-12;CLERMONT-FERRAND;BÉZIERS;63;61;2;8;86.88524590163934;6.625
2017-12;BORDEAUX-ST-JEAN;NICE-VILLE;228;216;12;38;82.4074074074074;4.684210526315789
2017-12;BRIVE/CAHORS;PARIS-AUSTERLITZ;205;203;2;45;77.83251231527093;3.511111111111111
2017-12;PARIS-NORD;AMIENS;199;194;5;56;71.1340206185567;2.4642857142857144
2017-12;TOURS;CAEN;62;62;0;21;66.12903225806451;1.9523809523809523
2017-12;PARIS-AUSTERLITZ;TOURS;36;36;0;7;80.55555555555556;4.142857142857143
2017-12;PARIS-BERCY;NEVERS;45;44;1;4;90.9090909090909;10.0
2017-12;CLERMONT-FERRAND;PARIS-BERCY;232;230;2;69;70.0;2.333333333333333
2017-12;GRANVILLE;PARIS-VAUGIRARD;169;167;2;14;91.61676646706589;10.928571428571429
2017-12;PARIS-EST;BELFORT;34;34;0;4;88.23529411764706;7.5
2017-12;CLERMONT-FERRAND;NÎMES;31;30;1;3;90.0;9.0
2017-12;LYON-PART-DIEU;NANTES;60;58;2;5;91.3793103448276;10.6
2017-12;NANTES;BORDEAUX-ST-JEAN;93;92;1;6;93.47826086956522;14.333333333333334
2017-12;PARIS-AUSTERLITZ;BRIVE/CAHORS;193;193;0;27;86.01036269430051;6.148148148148148
2017-12;HENDAYE;PARIS-AUSTERLITZ;0;0;0;0;0.0;0.0
2017-12;BOURG-ST-MAURICE/ST-GERVAIS;PARIS-AUSTERLITZ;0;0;0;0;0.0;0.0
2017-12;BRIANÇON/NICE-VILLE;PARIS-AUSTERLITZ;34;32;2;6;81.25;4.333333333333333
2017-12;PARIS-AUSTERLITZ;BRIANÇON;31;29;2;3;89.65517241379311;8.666666666666666
2017-12;AMIENS;PARIS-NORD;203;198;5;41;79.2929292929293;3.829268292682927
2017-12;LE HAVRE;PARIS-ST-LAZARE;361;353;8;63;82.1529745042493;4.603174603174603
2017-12;CAEN;TOURS;68;68;0;10;85.29411764705883;5.8
2017-12;TOURS;PARIS-AUSTERLITZ;38;38;0;6;84.21052631578948;5.333333333333333
2017-12;TROYES;PARIS-EST;63;62;1;6;90.3225806451613;9.333333333333334
2017-12;PARIS-EST;TROYES;64;64;0;6;90.625;9.666666666666666
2017-12;PARIS-ST-LAZARE;CHERBOURG;199;198;1;43;78.28282828282829;3.604651162790698
2017-12;PARIS-VAUGIRARD;GRANVILLE;166;164;2;20;87.8048780487805;7.2
2017-12;BELFORT;PARIS-EST;36;35;1;2;94.28571428571428;16.5
2017-12;LIMOGES;BORDEAUX-ST-JEAN;9;9;0;2;77.77777777777777;3.5
2017-12;HENDAYE;TOULOUSE-MATABIAU;35;35;0;4;88.57142857142857;7.75
2017-12;TOULOUSE-MATABIAU/CERBERE;PARIS-AUSTERLITZ;87;87;0;10;88.50574712643679;7.7
2017-12;TOULOUSE-MATABIAU/RODEZ;PARIS-AUSTERLITZ;62;57;5;3;94.73684210526316;18.0
2017-12;CERBERE;PARIS-AUSTERLITZ;13;13;0;1;92.3076923076923;12.0
2017-12;PARIS-AUSTERLITZ;BOURG-ST-MAURICE/ST-GERVAIS;0;0;0;0;0.0;0.0
2017-12;PARIS-ST-LAZARE;CAEN;211;207;4;53;74.39613526570048;2.9056603773584904
2017-12;MAUBEUGE;PARIS-NORD;290;287;3;17;94.0766550522648;15.882352941176473
2017-12;PARIS-NORD;MAUBEUGE;295;291;4;45;84.5360824742268;5.466666666666667
2017-12;PARIS-BERCY;CLERMONT-FERRAND;231;231;0;20;91.34199134199136;10.55
2017-12;CHERBOURG;PARIS-ST-LAZARE;196;192;4;21;89.0625;8.142857142857142
2017-12;NÎMES;CLERMONT-FERRAND;31;31;0;4;87.09677419354838;6.75
2017-12;BORDEAUX-ST-JEAN;LIMOGES;9;9;0;6;33.33333333333333;0.5
2017-12;MARSEILLE-ST-CHARLES;BORDEAUX-ST-JEAN;227;216;11;15;93.05555555555556;13.4
2017-12;PARIS-AUSTERLITZ;LIMOGES;0;0;0;0;0.0;0.0
2017-12;LIMOGES;PARIS-AUSTERLITZ;0;0;0;0;0.0;0.0
2017-12;PARIS-AUSTERLITZ;TOULOUSE-MATABIAU/RODEZ;58;56;2;5;91.07142857142856;10.2
2017-12;PARIS-AUSTERLITZ;HENDAYE;0;0;0;0;0.0;0.0
2017-12;PARIS-AUSTERLITZ;NICE-VILLE;9;9;0;2;77.77777777777777;3.5
2017-11;PARIS-NORD;AMIENS;210;209;1;67;67.94258373205741;2.1194029850746268
2017-11;ORLÉANS;PARIS-AUSTERLITZ;338;325;13;74;77.23076923076923;3.391891891891892
2017-11;PARIS-AUSTERLITZ;ORLÉANS;330;319;11;63;80.25078369905955;4.063492063492063
2017-11;PARIS-ST-LAZARE;TROUVILLE-DEAUVILLE;82;77;5;18;76.62337662337663;3.2777777777777777
2017-11;MAUBEUGE;PARIS-NORD;286;280;6;42;85.0;5.666666666666667
2017-11;TROYES;PARIS-EST;228;227;1;34;85.02202643171806;5.676470588235294
2017-11;PARIS-EST;TROYES;220;219;1;25;88.58447488584474;7.76
2017-11;PARIS-BERCY;NEVERS;153;153;0;22;85.62091503267973;5.954545454545454
2017-11;CHERBOURG;PARIS-ST-LAZARE;211;209;2;24;88.51674641148325;7.708333333333333
2017-11;BORDEAUX-ST-JEAN;NANTES;91;88;3;8;90.9090909090909;10.0
2017-11;MARSEILLE-ST-CHARLES;BORDEAUX-ST-JEAN;179;175;4;33;81.14285714285714;4.303030303030303
2017-11;TOULOUSE-MATABIAU/RODEZ;PARIS-AUSTERLITZ;61;58;3;8;86.20689655172414;6.25
2017-11;HENDAYE;PARIS-AUSTERLITZ;0;0;0;0;0.0;0.0
2017-11;BRIANÇON/NICE-VILLE;PARIS-AUSTERLITZ;55;53;2;16;69.81132075471697;2.3125
2017-11;PARIS-AUSTERLITZ;BRIANÇON;28;27;1;7;74.07407407407408;2.857142857142857
2017-11;PARIS-AUSTERLITZ;NICE-VILLE;28;27;1;15;44.44444444444444;0.8
2017-11;CAEN;PARIS-ST-LAZARE;190;189;1;40;78.83597883597884;3.725
2017-11;PARIS-AUSTERLITZ;BOURGES;119;115;4;30;73.91304347826087;2.833333333333333
2017-11;BÉZIERS;CLERMONT-FERRAND;58;58;0;0;100.0;0.0
2017-11;LYON-PART-DIEU;NANTES;56;56;0;5;91.07142857142856;10.2
2017-11;NANTES;BORDEAUX-ST-JEAN;90;90;0;14;84.44444444444444;5.428571428571429
2017-11;PARIS-AUSTERLITZ;BRIVE/CAHORS;198;194;4;35;81.95876288659794;4.542857142857143
2017-11;BRIVE/CAHORS;PARIS-AUSTERLITZ;206;205;1;59;71.21951219512195;2.4745762711864407
2017-11;PARIS-AUSTERLITZ;TOULOUSE-MATABIAU/CERBERE;86;86;0;18;79.06976744186046;3.7777777777777777
2017-11;TOULOUSE-MATABIAU/CERBERE;PARIS-AUSTERLITZ;86;86;0;18;79.06976744186046;3.7777777777777777
2017-11;PARIS-AUSTERLITZ;TOULOUSE-MATABIAU/RODEZ;60;55;5;5;90.9090909090909;10.0
2017-11;PARIS-AUSTERLITZ;CERBERE;11;10;1;1;90.0;9.0
2017-11;AMIENS;PARIS-NORD;210;209;1;52;75.11961722488039;3.019230769230769
2017-11;PARIS-ST-LAZARE;CAEN;208;206;2;43;79.12621359223301;3.7906976744186047
2017-11;PARIS-ST-LAZARE;LE HAVRE;347;344;3;42;87.79069767441861;7.190476190476191
2017-11;PARIS-ST-LAZARE;ROUEN-RIVE-DROITE;288;285;3;26;90.87719298245614;9.961538461538462
2017-11;TOURS;CAEN;60;60;0;11;81.66666666666667;4.454545454545454
2017-11;PARIS-AUSTERLITZ;TOURS;120;119;1;35;70.58823529411765;2.4
2017-11;NEVERS;PARIS-BERCY;153;152;1;33;78.28947368421052;3.606060606060606
2017-11;GRANVILLE;PARIS-VAUGIRARD;163;163;0;13;92.0245398773006;11.538461538461538
2017-11;PARIS-VAUGIRARD;GRANVILLE;158;158;0;16;89.87341772151899;8.875
2017-11;NÎMES;CLERMONT-FERRAND;30;29;1;1;96.55172413793105;28.0
2017-11;NANTES;LYON-PART-DIEU;64;64;0;9;85.9375;6.111111111111111
2017-11;BORDEAUX-ST-JEAN;LIMOGES;30;30;0;4;86.66666666666667;6.5
2017-11;PARIS-AUSTERLITZ;LIMOGES;0;0;0;0;0.0;0.0
2017-11;TROUVILLE-DEAUVILLE;PARIS-ST-LAZARE;78;76;2;15;80.26315789473685;4.066666666666666
2017-11;LE HAVRE;PARIS-ST-LAZARE;356;347;9;34;90.20172910662824;9.205882352941176
2017-11;ROUEN-RIVE-DROITE;PARIS-ST-LAZARE;313;311;2;29;90.67524115755629;9.724137931034482
2017-11;BOULOGNE-VILLE;PARIS-NORD;143;140;3;26;81.42857142857143;4.384615384615385
2017-11;PARIS-NORD;BOULOGNE-VILLE;143;142;1;25;82.3943661971831;4.68
2017-11;TOURS;PARIS-AUSTERLITZ;124;124;0;22;82.25806451612902;4.636363636363637
2017-11;PARIS-BERCY;CLERMONT-FERRAND;228;228;0;32;85.96491228070175;6.125
2017-11;PARIS-ST-LAZARE;CHERBOURG;193;190;3;30;84.21052631578948;5.333333333333333
2017-11;CLERMONT-FERRAND;NÎMES;29;28;1;0;100.0;0.0
2017-11;LIMOGES;BORDEAUX-ST-JEAN;30;30;0;2;93.33333333333331;14.0
2017-11;TOULOUSE-MATABIAU;HENDAYE;0;0;0;0;0.0;0.0
2017-11;BORDEAUX-ST-JEAN;NICE-VILLE;188;184;4;46;75.0;3.0
2017-11;LIMOGES;PARIS-AUSTERLITZ;0;0;0;0;0.0;0.0
2017-11;CERBERE;PARIS-AUSTERLITZ;11;11;0;2;81.81818181818181;4.5
2017-11;PARIS-AUSTERLITZ;BOURG-ST-MAURICE/ST-GERVAIS;0;0;0;0;0.0;0.0
2017-11;CAEN;TOURS;65;65;0;8;87.6923076923077;7.125
2017-11;PARIS-NORD;MAUBEUGE;287;284;3;64;77.46478873239437;3.4375
2017-11;BOURGES;PARIS-AUSTERLITZ;119;116;3;20;82.75862068965517;4.8
2017-11;CLERMONT-FERRAND;PARIS-BERCY;228;227;1;51;77.53303964757708;3.450980392156863
2017-11;PARIS-EST;BELFORT;122;121;1;12;90.08264462809916;9.083333333333334
2017-11;BELFORT;PARIS-EST;126;124;2;22;82.25806451612902;4.636363636363637
2017-11;CLERMONT-FERRAND;BÉZIERS;59;58;1;3;94.82758620689656;18.33333333333333
2017-11;HENDAYE;TOULOUSE-MATABIAU;0;0;0;0;0.0;0.0
2017-11;PARIS-AUSTERLITZ;HENDAYE;0;0;0;0;0.0;0.0
2017-11;BOURG-ST-MAURICE/ST-GERVAIS;PARIS-AUSTERLITZ;0;0;0;0;0.0;0.0
2017-10;AMIENS;PARIS-NORD;225;223;2;45;79.82062780269058;3.955555555555556
2017-10;LE HAVRE;PARIS-ST-LAZARE;337;334;3;38;88.62275449101796;7.7894736842105265
2017-10;TOURS;CAEN;62;62;0;11;82.25806451612902;4.636363636363637
2017-10;BOULOGNE-VILLE;PARIS-NORD;154;151;3;23;84.76821192052981;5.565217391304348
2017-10;PARIS-NORD;BOULOGNE-VILLE;152;150;2;15;90.0;9.0
2017-10;MAUBEUGE;PARIS-NORD;303;301;2;36;88.03986710963456;7.361111111111111
2017-10;PARIS-AUSTERLITZ;TOURS;118;117;1;27;76.92307692307692;3.333333333333333
2017-10;PARIS-EST;TROYES;242;241;1;30;87.55186721991701;7.033333333333333
2017-10;PARIS-BERCY;NEVERS;159;159;0;18;88.67924528301887;7.833333333333333
2017-10;CLERMONT-FERRAND;PARIS-BERCY;236;235;1;28;88.08510638297872;7.392857142857143
2017-10;BELFORT;PARIS-EST;129;129;0;16;87.59689922480621;7.0625
2017-10;BÉZIERS;CLERMONT-FERRAND;59;59;0;5;91.52542372881356;10.8
2017-10;NANTES;LYON-PART-DIEU;66;66;0;6;90.9090909090909;10.0
2017-10;PARIS-AUSTERLITZ;LIMOGES;0;0;0;0;0.0;0.0
2017-10;LIMOGES;PARIS-AUSTERLITZ;0;0;0;0;0.0;0.0
2017-10;PARIS-AUSTERLITZ;BRIVE/CAHORS;197;196;1;20;89.79591836734694;8.8
2017-10;HENDAYE;PARIS-AUSTERLITZ;0;0;0;0;0.0;0.0
2017-10;PARIS-AUSTERLITZ;HENDAYE;0;0;0;0;0.0;0.0
2017-10;PARIS-NORD;AMIENS;225;224;1;66;70.53571428571428;2.393939393939394
2017-10;TROUVILLE-DEAUVILLE;PARIS-ST-LAZARE;80;80;0;14;82.5;4.714285714285714
2017-10;PARIS-ST-LAZARE;TROUVILLE-DEAUVILLE;76;75;1;22;70.66666666666667;2.409090909090909
2017-10;TOURS;PARIS-AUSTERLITZ;121;120;1;31;74.16666666666667;2.870967741935484
2017-10;PARIS-VAUGIRARD;GRANVILLE;163;163;0;10;93.86503067484662;15.3
2017-10;PARIS-EST;BELFORT;128;128;0;9;92.96875;13.22222222222222
2017-10;CLERMONT-FERRAND;NÎMES;30;30;0;0;100.0;0.0
2017-10;NÎMES;CLERMONT-FERRAND;28;28;0;2;92.85714285714286;13.0
2017-10;CLERMONT-FERRAND;BÉZIERS;59;59;0;6;89.83050847457628;8.833333333333334
2017-10;LYON-PART-DIEU;NANTES;59;58;1;7;87.93103448275862;7.285714285714286
2017-10;LIMOGES;BORDEAUX-ST-JEAN;32;31;1;5;83.87096774193549;5.2
2017-10;BORDEAUX-ST-JEAN;NICE-VILLE;173;172;1;39;77.32558139534883;3.41025641025641
2017-10;TOULOUSE-MATABIAU/CERBERE;PARIS-AUSTERLITZ;87;87;0;16;81.60919540229885;4.4375
2017-10;CERBERE;PARIS-AUSTERLITZ;16;16;0;2;87.5;7.0
2017-10;PARIS-ST-LAZARE;LE HAVRE;337;336;1;36;89.28571428571429;8.333333333333334
2017-10;BOURGES;PARIS-AUSTERLITZ;119;118;1;11;90.67796610169492;9.727272727272728
2017-10;TROYES;PARIS-EST;244;243;1;44;81.89300411522633;4.5227272727272725
2017-10;NEVERS;PARIS-BERCY;159;157;2;19;87.89808917197452;7.263157894736842
2017-10;GRANVILLE;PARIS-VAUGIRARD;165;165;0;23;86.06060606060606;6.173913043478261
2017-10;BORDEAUX-ST-JEAN;LIMOGES;32;31;1;4;87.09677419354838;6.75
2017-10;TOULOUSE-MATABIAU;HENDAYE;63;62;1;2;96.7741935483871;30.0
2017-10;BOURG-ST-MAURICE/ST-GERVAIS;PARIS-AUSTERLITZ;0;0;0;0;0.0;0.0
2017-10;PARIS-AUSTERLITZ;BOURG-ST-MAURICE/ST-GERVAIS;0;0;0;0;0.0;0.0
2017-10;BRIANÇON/NICE-VILLE;PARIS-AUSTERLITZ;32;32;0;10;68.75;2.2
2017-10;PARIS-AUSTERLITZ;BRIANÇON;9;9;0;5;44.44444444444444;0.8
2017-10;ORLÉANS;PARIS-AUSTERLITZ;335;332;3;61;81.62650602409639;4.442622950819672
2017-10;PARIS-ST-LAZARE;CAEN;207;205;2;44;78.53658536585365;3.659090909090909
2017-10;PARIS-NORD;MAUBEUGE;307;305;2;30;90.1639344262295;9.166666666666666
2017-10;CHERBOURG;PARIS-ST-LAZARE;206;201;5;32;84.07960199004975;5.28125
2017-10;NANTES;BORDEAUX-ST-JEAN;85;82;3;32;60.97560975609756;1.5625
2017-10;HENDAYE;TOULOUSE-MATABIAU;64;62;2;7;88.70967741935483;7.857142857142857
2017-10;PARIS-AUSTERLITZ;TOULOUSE-MATABIAU/CERBERE;87;87;0;11;87.35632183908046;6.909090909090909
2017-10;PARIS-AUSTERLITZ;ORLÉANS;329;326;3;40;87.73006134969324;7.15
2017-10;CAEN;PARIS-ST-LAZARE;192;188;4;45;76.06382978723404;3.1777777777777776
2017-10;ROUEN-RIVE-DROITE;PARIS-ST-LAZARE;314;311;3;28;90.9967845659164;10.107142857142858
2017-10;PARIS-ST-LAZARE;ROUEN-RIVE-DROITE;278;274;4;26;90.51094890510949;9.538461538461538
2017-10;CAEN;TOURS;67;67;0;8;88.05970149253731;7.375
2017-10;PARIS-AUSTERLITZ;BOURGES;118;118;0;14;88.13559322033899;7.428571428571429
2017-10;PARIS-BERCY;CLERMONT-FERRAND;234;234;0;25;89.31623931623932;8.36
2017-10;PARIS-ST-LAZARE;CHERBOURG;191;189;2;30;84.12698412698413;5.3
2017-10;BORDEAUX-ST-JEAN;NANTES;89;85;4;20;76.47058823529412;3.25
2017-10;MARSEILLE-ST-CHARLES;BORDEAUX-ST-JEAN;167;164;3;31;81.09756097560975;4.290322580645161
2017-10;BRIVE/CAHORS;PARIS-AUSTERLITZ;208;206;2;48;76.69902912621359;3.2916666666666665
2017-10;PARIS-AUSTERLITZ;TOULOUSE-MATABIAU/RODEZ;50;47;3;4;91.48936170212768;10.75
2017-10;TOULOUSE-MATABIAU/RODEZ;PARIS-AUSTERLITZ;49;48;1;8;83.33333333333333;5.0
2017-10;PARIS-AUSTERLITZ;CERBERE;16;16;0;2;87.5;7.0
2017-10;PARIS-AUSTERLITZ;NICE-VILLE;24;24;0;13;45.833333333333336;0.8461538461538461
2017-09;PARIS-NORD;AMIENS;213;210;3;46;78.0952380952381;3.565217391304348
2017-09;ORLÉANS;PARIS-AUSTERLITZ;317;312;5;68;78.2051282051282;3.588235294117647
2017-09;LE HAVRE;PARIS-ST-LAZARE;345;343;2;38;88.92128279883381;8.026315789473685
2017-09;PARIS-ST-LAZARE;LE HAVRE;345;344;1;38;88.95348837209302;8.052631578947368
2017-09;ROUEN-RIVE-DROITE;PARIS-ST-LAZARE;291;286;5;27;90.55944055944056;9.592592592592592
2017-09;TOURS;CAEN;59;59;0;7;88.13559322033899;7.428571428571429
2017-09;MAUBEUGE;PARIS-NORD;287;285;2;42;85.26315789473685;5.785714285714286
2017-09;NANTES;LYON-PART-DIEU;61;61;0;7;88.52459016393442;7.714285714285714
2017-09;LIMOGES;BORDEAUX-ST-JEAN;28;28;0;4;85.71428571428571;6.0
2017-09;BORDEAUX-ST-JEAN;NANTES;89;88;1;21;76.13636363636364;3.1904761904761907
2017-09;TOULOUSE-MATABIAU;HENDAYE;114;112;2;9;91.96428571428572;11.444444444444445
2017-09;MARSEILLE-ST-CHARLES;BORDEAUX-ST-JEAN;173;167;6;38;77.24550898203593;3.394736842105264
2017-09;BRIVE/CAHORS;PARIS-AUSTERLITZ;191;191;0;32;83.24607329842932;4.96875
2017-09;TOULOUSE-MATABIAU/CERBERE;PARIS-AUSTERLITZ;79;78;1;6;92.3076923076923;12.0
2017-09;PARIS-AUSTERLITZ;TOULOUSE-MATABIAU/RODEZ;61;58;3;8;86.20689655172414;6.25
2017-09;HENDAYE;PARIS-AUSTERLITZ;0;0;0;0;0.0;0.0
2017-09;BOURG-ST-MAURICE/ST-GERVAIS;PARIS-AUSTERLITZ;0;0;0;0;0.0;0.0
2017-09;CAEN;TOURS;62;62;0;8;87.09677419354838;6.75
2017-09;BOURGES;PARIS-AUSTERLITZ;113;112;1;16;85.71428571428571;6.0
2017-09;PARIS-AUSTERLITZ;BOURGES;114;113;1;11;90.26548672566372;9.272727272727272
2017-09;PARIS-EST;TROYES;224;223;1;25;88.78923766816143;7.92
2017-09;PARIS-BERCY;NEVERS;145;144;1;30;79.16666666666667;3.8
2017-09;CHERBOURG;PARIS-ST-LAZARE;208;204;4;11;94.6078431372549;17.545454545454547
2017-09;PARIS-ST-LAZARE;CHERBOURG;191;189;2;24;87.3015873015873;6.875
2017-09;BELFORT;PARIS-EST;128;128;0;8;93.75;15.0
2017-09;CLERMONT-FERRAND;BÉZIERS;57;57;0;1;98.24561403508773;56.0
2017-09;HENDAYE;TOULOUSE-MATABIAU;112;111;1;10;90.990990990991;10.1
2017-09;PARIS-AUSTERLITZ;TOULOUSE-MATABIAU/CERBERE;80;79;1;12;84.81012658227849;5.583333333333333
2017-09;CERBERE;PARIS-AUSTERLITZ;6;6;0;1;83.33333333333333;5.0
2017-09;PARIS-AUSTERLITZ;BOURG-ST-MAURICE/ST-GERVAIS;0;0;0;0;0.0;0.0
2017-09;PARIS-NORD;BOULOGNE-VILLE;148;145;3;17;88.27586206896552;7.529411764705882
2017-09;PARIS-VAUGIRARD;GRANVILLE;159;159;0;13;91.8238993710692;11.23076923076923
2017-09;PARIS-EST;BELFORT;129;128;1;7;94.53125;17.285714285714285
2017-09;BORDEAUX-ST-JEAN;LIMOGES;28;28;0;5;82.14285714285714;4.6
2017-09;NANTES;BORDEAUX-ST-JEAN;88;87;1;19;78.16091954022988;3.5789473684210527
2017-09;BRIANÇON/NICE-VILLE;PARIS-AUSTERLITZ;27;27;0;7;74.07407407407408;2.857142857142857
2017-09;PARIS-AUSTERLITZ;BRIANÇON;3;3;0;0;100.0;0.0
2017-09;AMIENS;PARIS-NORD;217;216;1;38;82.4074074074074;4.684210526315789
2017-09;PARIS-ST-LAZARE;CAEN;208;208;0;28;86.53846153846153;6.428571428571429
2017-09;PARIS-ST-LAZARE;ROUEN-RIVE-DROITE;275;270;5;20;92.5925925925926;12.5
2017-09;PARIS-NORD;MAUBEUGE;292;291;1;45;84.5360824742268;5.466666666666667
2017-09;TOURS;PARIS-AUSTERLITZ;117;117;0;27;76.92307692307692;3.333333333333333
2017-09;NEVERS;PARIS-BERCY;144;142;2;18;87.32394366197182;6.888888888888889
2017-09;GRANVILLE;PARIS-VAUGIRARD;157;157;0;15;90.44585987261146;9.466666666666669
2017-09;CLERMONT-FERRAND;NÎMES;28;28;0;1;96.42857142857144;27.0
2017-09;BÉZIERS;CLERMONT-FERRAND;57;57;0;2;96.49122807017544;27.5
2017-09;LYON-PART-DIEU;NANTES;52;52;0;11;78.84615384615384;3.727272727272727
2017-09;BORDEAUX-ST-JEAN;NICE-VILLE;185;176;9;39;77.8409090909091;3.5128205128205128
2017-09;PARIS-AUSTERLITZ;LIMOGES;0;0;0;0;0.0;0.0
2017-09;LIMOGES;PARIS-AUSTERLITZ;0;0;0;0;0.0;0.0
2017-09;PARIS-AUSTERLITZ;CERBERE;10;10;0;1;90.0;9.0
2017-09;PARIS-AUSTERLITZ;HENDAYE;0;0;0;0;0.0;0.0
2017-09;PARIS-AUSTERLITZ;NICE-VILLE;24;24;0;8;66.66666666666666;2.0
2017-09;PARIS-AUSTERLITZ;ORLÉANS;304;300;4;57;81.0;4.2631578947368425
2017-09;CAEN;PARIS-ST-LAZARE;185;185;0;25;86.48648648648648;6.4
2017-09;TROUVILLE-DEAUVILLE;PARIS-ST-LAZARE;85;84;1;10;88.0952380952381;7.4
2017-09;PARIS-ST-LAZARE;TROUVILLE-DEAUVILLE;82;80;2;15;81.25;4.333333333333333
2017-09;BOULOGNE-VILLE;PARIS-NORD;147;142;5;28;80.28169014084507;4.071428571428571
2017-09;PARIS-AUSTERLITZ;TOURS;114;114;0;19;83.33333333333333;5.0
2017-09;TROYES;PARIS-EST;231;229;2;20;91.26637554585152;10.45
2017-09;CLERMONT-FERRAND;PARIS-BERCY;224;223;1;29;86.99551569506727;6.689655172413793
2017-09;PARIS-BERCY;CLERMONT-FERRAND;224;224;0;31;86.16071428571429;6.225806451612903
2017-09;NÎMES;CLERMONT-FERRAND;28;28;0;2;92.85714285714286;13.0
2017-09;PARIS-AUSTERLITZ;BRIVE/CAHORS;184;182;2;14;92.3076923076923;12.0
2017-09;TOULOUSE-MATABIAU/RODEZ;PARIS-AUSTERLITZ;61;59;2;8;86.4406779661017;6.375
2017-08;PARIS-NORD;AMIENS;198;198;0;36;81.81818181818181;4.5
2017-08;LE HAVRE;PARIS-ST-LAZARE;316;314;2;30;90.44585987261146;9.466666666666669
2017-08;PARIS-NORD;BOULOGNE-VILLE;149;149;0;15;89.93288590604027;8.933333333333334
2017-08;PARIS-EST;TROYES;246;242;4;44;81.81818181818181;4.5
2017-08;CHERBOURG;PARIS-ST-LAZARE;224;223;1;10;95.51569506726456;21.3
2017-08;CLERMONT-FERRAND;BÉZIERS;62;61;1;5;91.8032786885246;11.2
2017-08;MARSEILLE-ST-CHARLES;BORDEAUX-ST-JEAN;188;186;2;59;68.27956989247312;2.152542372881356
2017-08;PARIS-AUSTERLITZ;TOULOUSE-MATABIAU/RODEZ;92;91;1;9;90.1098901098901;9.11111111111111
2017-08;PARIS-AUSTERLITZ;BOURG-ST-MAURICE/ST-GERVAIS;0;0;0;0;0.0;0.0
2017-08;PARIS-AUSTERLITZ;NICE-VILLE;30;30;0;13;56.66666666666666;1.3076923076923077
2017-08;ORLÉANS;PARIS-AUSTERLITZ;356;356;0;33;90.73033707865169;9.787878787878787
2017-08;CAEN;PARIS-ST-LAZARE;194;193;1;14;92.74611398963732;12.785714285714286
2017-08;TROUVILLE-DEAUVILLE;PARIS-ST-LAZARE;127;127;0;14;88.97637795275591;8.071428571428571
2017-08;PARIS-ST-LAZARE;TROUVILLE-DEAUVILLE;127;126;1;21;83.33333333333333;5.0
2017-08;TOURS;CAEN;62;62;0;5;91.93548387096774;11.4
2017-08;BOULOGNE-VILLE;PARIS-NORD;150;149;1;21;85.90604026845638;6.095238095238095
2017-08;TOURS;PARIS-AUSTERLITZ;128;127;1;10;92.1259842519685;11.7
2017-08;CLERMONT-FERRAND;PARIS-BERCY;217;215;2;47;78.13953488372093;3.574468085106383
2017-08;NÎMES;CLERMONT-FERRAND;32;31;1;13;58.064516129032256;1.3846153846153846
2017-08;BÉZIERS;CLERMONT-FERRAND;62;61;1;4;93.44262295081968;14.25
2017-08;TOULOUSE-MATABIAU;HENDAYE;125;123;2;28;77.23577235772358;3.392857142857143
2017-08;TOULOUSE-MATABIAU/CERBERE;PARIS-AUSTERLITZ;88;88;0;15;82.95454545454545;4.866666666666666
2017-08;HENDAYE;PARIS-AUSTERLITZ;0;0;0;0;0.0;0.0
2017-08;PARIS-AUSTERLITZ;HENDAYE;0;0;0;0;0.0;0.0
2017-08;BOURG-ST-MAURICE/ST-GERVAIS;PARIS-AUSTERLITZ;0;0;0;0;0.0;0.0
2017-08;BRIANÇON/NICE-VILLE;PARIS-AUSTERLITZ;60;60;0;26;56.66666666666666;1.3076923076923077
2017-08;AMIENS;PARIS-NORD;202;202;0;22;89.10891089108911;8.181818181818182
2017-08;PARIS-AUSTERLITZ;ORLÉANS;347;346;1;62;82.08092485549133;4.580645161290323
2017-08;PARIS-ST-LAZARE;LE HAVRE;304;303;1;34;88.77887788778878;7.911764705882353
2017-08;ROUEN-RIVE-DROITE;PARIS-ST-LAZARE;261;258;3;20;92.24806201550388;11.9
2017-08;CAEN;TOURS;68;67;1;7;89.55223880597015;8.571428571428571
2017-08;MAUBEUGE;PARIS-NORD;288;283;5;19;93.28621908127208;13.894736842105264
2017-08;BOURGES;PARIS-AUSTERLITZ;126;124;2;11;91.12903225806453;10.272727272727272
2017-08;PARIS-AUSTERLITZ;BOURGES;127;124;3;10;91.93548387096774;11.4
2017-08;PARIS-BERCY;NEVERS;140;138;2;24;82.6086956521739;4.75
2017-08;PARIS-ST-LAZARE;CHERBOURG;203;202;1;23;88.61386138613861;7.782608695652174
2017-08;GRANVILLE;PARIS-VAUGIRARD;168;164;4;15;90.85365853658536;9.933333333333334
2017-08;LIMOGES;BORDEAUX-ST-JEAN;31;30;1;3;90.0;9.0
2017-08;BORDEAUX-ST-JEAN;NICE-VILLE;196;195;1;53;72.82051282051282;2.679245283018868
2017-08;LIMOGES;PARIS-AUSTERLITZ;0;0;0;0;0.0;0.0
2017-08;TOULOUSE-MATABIAU/RODEZ;PARIS-AUSTERLITZ;92;90;2;13;85.55555555555556;5.923076923076923
2017-08;CERBERE;PARIS-AUSTERLITZ;31;31;0;3;90.3225806451613;9.333333333333334
2017-08;PARIS-AUSTERLITZ;CERBERE;31;31;0;1;96.7741935483871;30.0
2017-08;PARIS-AUSTERLITZ;TOURS;124;123;1;15;87.8048780487805;7.2
2017-08;NEVERS;PARIS-BERCY;140;136;4;37;72.79411764705883;2.675675675675676
2017-08;PARIS-BERCY;CLERMONT-FERRAND;216;216;0;43;80.0925925925926;4.023255813953488
2017-08;PARIS-VAUGIRARD;GRANVILLE;166;161;5;19;88.19875776397515;7.473684210526316
2017-08;BELFORT;PARIS-EST;135;133;2;13;90.22556390977444;9.23076923076923
2017-08;CLERMONT-FERRAND;NÎMES;31;31;0;8;74.19354838709677;2.875
2017-08;LYON-PART-DIEU;NANTES;57;57;0;10;82.45614035087719;4.7
2017-08;BORDEAUX-ST-JEAN;NANTES;94;93;1;39;58.064516129032256;1.3846153846153846
2017-08;HENDAYE;TOULOUSE-MATABIAU;124;123;1;8;93.4959349593496;14.375
2017-08;PARIS-AUSTERLITZ;LIMOGES;0;0;0;0;0.0;0.0
2017-08;PARIS-AUSTERLITZ;BRIVE/CAHORS;210;209;1;18;91.38755980861244;10.61111111111111
2017-08;PARIS-ST-LAZARE;CAEN;215;215;0;29;86.51162790697674;6.413793103448276
2017-08;PARIS-ST-LAZARE;ROUEN-RIVE-DROITE;259;256;3;16;93.75;15.0
2017-08;PARIS-NORD;MAUBEUGE;297;294;3;27;90.81632653061224;9.88888888888889
2017-08;TROYES;PARIS-EST;248;245;3;34;86.12244897959184;6.205882352941177
2017-08;PARIS-EST;BELFORT;134;133;1;12;90.97744360902256;10.083333333333334
2017-08;NANTES;LYON-PART-DIEU;66;66;0;9;86.36363636363636;6.333333333333333
2017-08;BORDEAUX-ST-JEAN;LIMOGES;31;31;0;0;100.0;0.0
2017-08;NANTES;BORDEAUX-ST-JEAN;94;93;1;30;67.74193548387098;2.1
2017-08;BRIVE/CAHORS;PARIS-AUSTERLITZ;220;218;2;19;91.28440366972475;10.473684210526317
2017-08;PARIS-AUSTERLITZ;TOULOUSE-MATABIAU/CERBERE;88;88;0;19;78.4090909090909;3.631578947368421
2017-08;PARIS-AUSTERLITZ;BRIANÇON;31;30;1;18;40.0;0.6666666666666666
2017-07;PARIS-AUSTERLITZ;ORLÉANS;339;336;3;83;75.29761904761905;3.048192771084337
2017-07;PARIS-ST-LAZARE;CAEN;214;213;1;41;80.75117370892019;4.195121951219512
2017-07;ROUEN-RIVE-DROITE;PARIS-ST-LAZARE;260;258;2;25;90.31007751937985;9.32
2017-07;MAUBEUGE;PARIS-NORD;270;270;0;24;91.11111111111111;10.25
2017-07;PARIS-AUSTERLITZ;BOURGES;122;122;0;9;92.62295081967213;12.555555555555555
2017-07;TROYES;PARIS-EST;238;235;3;29;87.65957446808511;7.103448275862069
2017-07;PARIS-EST;TROYES;236;233;3;48;79.39914163090128;3.8541666666666665
2017-07;GRANVILLE;PARIS-VAUGIRARD;171;167;4;14;91.61676646706589;10.928571428571429
2017-07;PARIS-VAUGIRARD;GRANVILLE;165;162;3;15;90.74074074074072;9.8
2017-07;PARIS-EST;BELFORT;136;135;1;12;91.11111111111111;10.25
2017-07;HENDAYE;TOULOUSE-MATABIAU;126;124;2;15;87.90322580645162;7.266666666666667
2017-07;PARIS-AUSTERLITZ;TOULOUSE-MATABIAU/CERBERE;88;88;0;18;79.54545454545455;3.888888888888889
2017-07;TOULOUSE-MATABIAU/CERBERE;PARIS-AUSTERLITZ;88;88;0;18;79.54545454545455;3.888888888888889
2017-07;PARIS-AUSTERLITZ;BRIANÇON;31;31;0;25;19.354838709677423;0.24
2017-07;AMIENS;PARIS-NORD;178;172;6;22;87.20930232558139;6.818181818181818
2017-07;ORLÉANS;PARIS-AUSTERLITZ;348;346;2;46;86.70520231213872;6.521739130434782
2017-07;CAEN;PARIS-ST-LAZARE;194;192;2;26;86.45833333333333;6.384615384615385
2017-07;BOURGES;PARIS-AUSTERLITZ;124;124;0;13;89.51612903225806;8.538461538461538
2017-07;NEVERS;PARIS-BERCY;137;132;5;30;77.27272727272728;3.4
2017-07;CLERMONT-FERRAND;PARIS-BERCY;211;210;1;45;78.57142857142857;3.6666666666666665
2017-07;CHERBOURG;PARIS-ST-LAZARE;215;213;2;23;89.2018779342723;8.26086956521739
2017-07;CLERMONT-FERRAND;NÎMES;31;31;0;8;74.19354838709677;2.875
2017-07;BÉZIERS;CLERMONT-FERRAND;63;62;1;3;95.16129032258064;19.666666666666668
2017-07;BORDEAUX-ST-JEAN;LIMOGES;31;31;0;4;87.09677419354838;6.75
2017-07;MARSEILLE-ST-CHARLES;BORDEAUX-ST-JEAN;185;182;3;49;73.07692307692308;2.7142857142857144
2017-07;PARIS-AUSTERLITZ;LIMOGES;2;2;0;1;50.0;1.0
2017-07;PARIS-AUSTERLITZ;BRIVE/CAHORS;203;203;0;18;91.13300492610836;10.27777777777778
2017-07;TOULOUSE-MATABIAU/RODEZ;PARIS-AUSTERLITZ;90;85;5;35;58.8235294117647;1.4285714285714286
2017-07;CERBERE;PARIS-AUSTERLITZ;25;25;0;10;60.0;1.5
2017-07;HENDAYE;PARIS-AUSTERLITZ;1;1;0;0;100.0;0.0
2017-07;PARIS-ST-LAZARE;TROUVILLE-DEAUVILLE;128;126;2;44;65.07936507936509;1.8636363636363635
2017-07;LE HAVRE;PARIS-ST-LAZARE;300;299;1;28;90.63545150501672;9.678571428571429
2017-07;PARIS-BERCY;NEVERS;136;134;2;27;79.85074626865672;3.962962962962963
2017-07;NÎMES;CLERMONT-FERRAND;31;30;1;12;60.0;1.5
2017-07;CLERMONT-FERRAND;BÉZIERS;63;62;1;4;93.5483870967742;14.5
2017-07;LIMOGES;BORDEAUX-ST-JEAN;31;31;0;2;93.5483870967742;14.5
2017-07;TOULOUSE-MATABIAU;HENDAYE;125;124;1;25;79.83870967741936;3.96
2017-07;BORDEAUX-ST-JEAN;NICE-VILLE;191;188;3;53;71.80851063829788;2.547169811320755
2017-07;PARIS-AUSTERLITZ;TOULOUSE-MATABIAU/RODEZ;85;81;4;13;83.95061728395062;5.230769230769231
2017-07;PARIS-AUSTERLITZ;CERBERE;25;24;1;18;25.0;0.3333333333333333
2017-07;PARIS-AUSTERLITZ;HENDAYE;0;0;0;0;0.0;0.0
2017-07;BOURG-ST-MAURICE/ST-GERVAIS;PARIS-AUSTERLITZ;0;0;0;0;0.0;0.0
2017-07;BRIANÇON/NICE-VILLE;PARIS-AUSTERLITZ;60;60;0;37;38.333333333333336;0.6216216216216216
2017-07;PARIS-ST-LAZARE;LE HAVRE;290;290;0;40;86.20689655172414;6.25
2017-07;CAEN;TOURS;67;67;0;13;80.59701492537313;4.153846153846154
2017-07;BOULOGNE-VILLE;PARIS-NORD;146;143;3;21;85.31468531468532;5.809523809523809
2017-07;TOURS;PARIS-AUSTERLITZ;128;127;1;12;90.5511811023622;9.583333333333334
2017-07;PARIS-AUSTERLITZ;TOURS;124;123;1;20;83.73983739837398;5.15
2017-07;PARIS-BERCY;CLERMONT-FERRAND;210;210;0;45;78.57142857142857;3.6666666666666665
2017-07;BELFORT;PARIS-EST;135;133;2;18;86.46616541353383;6.388888888888889
2017-07;LYON-PART-DIEU;NANTES;58;57;1;4;92.98245614035088;13.25
2017-07;NANTES;LYON-PART-DIEU;67;66;1;7;89.39393939393939;8.428571428571429
2017-07;BORDEAUX-ST-JEAN;NANTES;93;92;1;35;61.95652173913044;1.6285714285714286
2017-07;LIMOGES;PARIS-AUSTERLITZ;0;0;0;0;0.0;0.0
2017-07;PARIS-AUSTERLITZ;BOURG-ST-MAURICE/ST-GERVAIS;0;0;0;0;0.0;0.0
2017-07;PARIS-AUSTERLITZ;NICE-VILLE;30;30;0;15;50.0;1.0
2017-07;PARIS-NORD;AMIENS;176;171;5;39;77.19298245614036;3.3846153846153846
2017-07;TROUVILLE-DEAUVILLE;PARIS-ST-LAZARE;132;132;0;19;85.60606060606061;5.947368421052632
2017-07;PARIS-ST-LAZARE;ROUEN-RIVE-DROITE;249;244;5;32;86.88524590163934;6.625
2017-07;TOURS;CAEN;62;62;0;15;75.80645161290323;3.1333333333333333
2017-07;PARIS-NORD;BOULOGNE-VILLE;142;141;1;18;87.23404255319149;6.833333333333333
2017-07;PARIS-NORD;MAUBEUGE;283;283;0;30;89.39929328621908;8.433333333333334
2017-07;PARIS-ST-LAZARE;CHERBOURG;199;198;1;33;83.33333333333333;5.0
2017-07;NANTES;BORDEAUX-ST-JEAN;92;92;0;45;51.08695652173913;1.0444444444444445
2017-07;BRIVE/CAHORS;PARIS-AUSTERLITZ;215;215;0;23;89.30232558139535;8.347826086956522
2017-06;AMIENS;PARIS-NORD;201;200;1;39;80.5;4.128205128205129
2017-06;PARIS-AUSTERLITZ;ORLÉANS;320;313;7;150;52.07667731629393;1.086666666666667
2017-06;PARIS-ST-LAZARE;TROUVILLE-DEAUVILLE;98;97;1;15;84.5360824742268;5.466666666666667
2017-06;PARIS-ST-LAZARE;LE HAVRE;341;338;3;76;77.51479289940829;3.4473684210526314
2017-06;PARIS-ST-LAZARE;ROUEN-RIVE-DROITE;287;282;5;48;82.97872340425532;4.875
2017-06;PARIS-NORD;MAUBEUGE;278;277;1;51;81.5884476534296;4.431372549019608
2017-06;TOURS;PARIS-AUSTERLITZ;113;112;1;25;77.67857142857143;3.48
2017-06;PARIS-EST;TROYES;201;198;3;48;75.75757575757575;3.125
2017-06;PARIS-VAUGIRARD;GRANVILLE;159;158;1;12;92.40506329113924;12.166666666666666
2017-06;BORDEAUX-ST-JEAN;LIMOGES;30;29;1;4;86.20689655172414;6.25
2017-06;TOULOUSE-MATABIAU;HENDAYE;83;82;1;19;76.82926829268293;3.3157894736842106
2017-06;LIMOGES;PARIS-AUSTERLITZ;54;54;0;6;88.88888888888889;8.0
2017-06;PARIS-AUSTERLITZ;CERBERE;0;0;0;0;0.0;0.0
2017-06;TROUVILLE-DEAUVILLE;PARIS-ST-LAZARE;92;92;0;3;96.7391304347826;29.666666666666668
2017-06;LE HAVRE;PARIS-ST-LAZARE;346;342;4;46;86.54970760233918;6.434782608695652
2017-06;CAEN;TOURS;65;65;0;7;89.23076923076923;8.285714285714286
2017-06;BOULOGNE-VILLE;PARIS-NORD;141;139;2;16;88.48920863309353;7.6875
2017-06;PARIS-NORD;BOULOGNE-VILLE;138;138;0;15;89.13043478260869;8.2
2017-06;TROYES;PARIS-EST;259;257;2;21;91.82879377431908;11.238095238095235
2017-06;NEVERS;PARIS-BERCY;136;133;3;18;86.46616541353383;6.388888888888889
2017-06;PARIS-BERCY;NEVERS;136;135;1;25;81.48148148148148;4.4
2017-06;CLERMONT-FERRAND;NÎMES;0;0;0;0;0.0;0.0
2017-06;NANTES;LYON-PART-DIEU;61;61;0;7;88.52459016393442;7.714285714285714
2017-06;PARIS-AUSTERLITZ;LIMOGES;60;60;0;12;80.0;4.0
2017-06;TOULOUSE-MATABIAU/RODEZ;PARIS-AUSTERLITZ;70;70;0;10;85.71428571428571;6.0
2017-06;BOURG-ST-MAURICE/ST-GERVAIS;PARIS-AUSTERLITZ;0;0;0;0;0.0;0.0
2017-06;TOURS;CAEN;60;60;0;13;78.33333333333333;3.615384615384616
2017-06;PARIS-AUSTERLITZ;BOURGES;115;115;0;15;86.95652173913044;6.666666666666667
2017-06;PARIS-BERCY;CLERMONT-FERRAND;212;211;1;58;72.51184834123222;2.6379310344827585
2017-06;BÉZIERS;CLERMONT-FERRAND;60;60;0;5;91.66666666666669;11.0
2017-06;LIMOGES;BORDEAUX-ST-JEAN;29;27;2;1;96.29629629629628;26.0
2017-06;HENDAYE;TOULOUSE-MATABIAU;76;76;0;9;88.15789473684211;7.444444444444445
2017-06;MARSEILLE-ST-CHARLES;BORDEAUX-ST-JEAN;180;176;4;55;68.75;2.2
2017-06;PARIS-AUSTERLITZ;BRIVE/CAHORS;124;122;2;22;81.9672131147541;4.545454545454546
2017-06;CERBERE;PARIS-AUSTERLITZ;0;0;0;0;0.0;0.0
2017-06;PARIS-AUSTERLITZ;HENDAYE;7;7;0;2;71.42857142857143;2.5
2017-06;ORLÉANS;PARIS-AUSTERLITZ;330;324;6;78;75.92592592592592;3.1538461538461537
2017-06;PARIS-ST-LAZARE;CAEN;214;206;8;32;84.46601941747574;5.4375
2017-06;ROUEN-RIVE-DROITE;PARIS-ST-LAZARE;318;311;7;29;90.67524115755629;9.724137931034482
2017-06;PARIS-AUSTERLITZ;TOURS;110;110;0;31;71.81818181818181;2.548387096774193
2017-06;CHERBOURG;PARIS-ST-LAZARE;211;207;4;16;92.27053140096618;11.9375
2017-06;PARIS-ST-LAZARE;CHERBOURG;193;193;0;26;86.52849740932642;6.423076923076923
2017-06;NÎMES;CLERMONT-FERRAND;0;0;0;0;0.0;0.0
2017-06;LYON-PART-DIEU;NANTES;53;51;2;5;90.19607843137254;9.2
2017-06;PARIS-AUSTERLITZ;TOULOUSE-MATABIAU/CERBERE;88;87;1;15;82.75862068965517;4.8
2017-06;TOULOUSE-MATABIAU/CERBERE;PARIS-AUSTERLITZ;84;83;1;17;79.51807228915663;3.882352941176471
2017-06;PARIS-AUSTERLITZ;BRIANÇON;24;24;0;20;16.66666666666667;0.2
2017-06;PARIS-AUSTERLITZ;NICE-VILLE;27;26;1;16;38.46153846153846;0.625
2017-06;PARIS-NORD;AMIENS;202;201;1;52;74.12935323383084;2.8653846153846154
2017-06;CAEN;PARIS-ST-LAZARE;190;188;2;17;90.95744680851064;10.058823529411764
2017-06;MAUBEUGE;PARIS-NORD;272;271;1;30;88.92988929889299;8.033333333333333
2017-06;BOURGES;PARIS-AUSTERLITZ;112;112;0;32;71.42857142857143;2.5
2017-06;CLERMONT-FERRAND;PARIS-BERCY;210;209;1;49;76.55502392344498;3.26530612244898
2017-06;GRANVILLE;PARIS-VAUGIRARD;161;160;1;14;91.25;10.428571428571429
2017-06;PARIS-EST;BELFORT;125;125;0;22;82.4;4.681818181818182
2017-06;BELFORT;PARIS-EST;129;127;2;17;86.61417322834646;6.470588235294118
2017-06;CLERMONT-FERRAND;BÉZIERS;60;60;0;2;96.66666666666669;29.0
2017-06;BORDEAUX-ST-JEAN;NANTES;89;89;0;16;82.02247191011236;4.5625
2017-06;NANTES;BORDEAUX-ST-JEAN;89;89;0;31;65.16853932584269;1.870967741935484
2017-06;BORDEAUX-ST-JEAN;NICE-VILLE;186;180;6;59;67.22222222222223;2.0508474576271185
2017-06;BRIVE/CAHORS;PARIS-AUSTERLITZ;136;133;3;28;78.94736842105263;3.75
2017-06;PARIS-AUSTERLITZ;TOULOUSE-MATABIAU/RODEZ;72;72;0;6;91.66666666666669;11.0
2017-06;HENDAYE;PARIS-AUSTERLITZ;7;7;0;0;100.0;0.0
2017-06;PARIS-AUSTERLITZ;BOURG-ST-MAURICE/ST-GERVAIS;0;0;0;0;0.0;0.0
2017-06;BRIANÇON/NICE-VILLE;PARIS-AUSTERLITZ;50;50;0;31;38.0;0.6129032258064516
2017-05;PARIS-AUSTERLITZ;ORLÉANS;313;307;6;90;70.68403908794788;2.411111111111111
2017-05;LE HAVRE;PARIS-ST-LAZARE;351;351;0;30;91.45299145299144;10.7
2017-05;TOURS;CAEN;63;62;1;6;90.3225806451613;9.333333333333334
2017-05;BOULOGNE-VILLE;PARIS-NORD;145;143;2;19;86.71328671328672;6.526315789473684
2017-05;MAUBEUGE;PARIS-NORD;272;270;2;16;94.07407407407408;15.875
2017-05;BOURGES;PARIS-AUSTERLITZ;115;114;1;21;81.57894736842105;4.428571428571429
2017-05;PARIS-AUSTERLITZ;BOURGES;119;118;1;14;88.13559322033899;7.428571428571429
2017-05;PARIS-EST;TROYES;211;211;0;40;81.04265402843602;4.275
2017-05;CLERMONT-FERRAND;PARIS-BERCY;205;203;2;18;91.13300492610836;10.27777777777778
2017-05;PARIS-BERCY;CLERMONT-FERRAND;205;204;1;42;79.41176470588235;3.857142857142857
2017-05;PARIS-VAUGIRARD;GRANVILLE;157;156;1;10;93.5897435897436;14.6
2017-05;BÉZIERS;CLERMONT-FERRAND;60;60;0;0;100.0;0.0
2017-05;LYON-PART-DIEU;NANTES;54;51;3;6;88.23529411764706;7.5
2017-05;BORDEAUX-ST-JEAN;LIMOGES;31;31;0;3;90.3225806451613;9.333333333333334
2017-05;LIMOGES;BORDEAUX-ST-JEAN;32;30;2;4;86.66666666666667;6.5
2017-05;PARIS-AUSTERLITZ;TOULOUSE-MATABIAU/CERBERE;107;106;1;11;89.62264150943396;8.636363636363637
2017-05;PARIS-AUSTERLITZ;CERBERE;0;0;0;0;0.0;0.0
2017-05;PARIS-AUSTERLITZ;BOURG-ST-MAURICE/ST-GERVAIS;0;0;0;0;0.0;0.0
2017-05;PARIS-AUSTERLITZ;NICE-VILLE;11;11;0;4;63.63636363636363;1.75
2017-05;PARIS-NORD;AMIENS;198;196;2;42;78.57142857142857;3.6666666666666665
2017-05;TOURS;PARIS-AUSTERLITZ;114;113;1;20;82.30088495575221;4.65
2017-05;PARIS-ST-LAZARE;CHERBOURG;196;192;4;16;91.66666666666669;11.0
2017-05;GRANVILLE;PARIS-VAUGIRARD;156;155;1;14;90.96774193548389;10.071428571428571
2017-05;NÎMES;CLERMONT-FERRAND;1;1;0;0;100.0;0.0
2017-05;CLERMONT-FERRAND;BÉZIERS;61;61;0;2;96.72131147540983;29.5
2017-05;NANTES;BORDEAUX-ST-JEAN;93;91;2;23;74.72527472527473;2.9565217391304346
2017-05;TOULOUSE-MATABIAU;HENDAYE;124;124;0;16;87.09677419354838;6.75
2017-05;TOULOUSE-MATABIAU/CERBERE;PARIS-AUSTERLITZ;101;100;1;29;71.0;2.4482758620689653
2017-05;BOURG-ST-MAURICE/ST-GERVAIS;PARIS-AUSTERLITZ;0;0;0;0;0.0;0.0
2017-05;PARIS-ST-LAZARE;ROUEN-RIVE-DROITE;289;287;2;13;95.47038327526133;21.07692307692308
2017-05;PARIS-NORD;MAUBEUGE;279;279;0;26;90.6810035842294;9.73076923076923
2017-05;PARIS-AUSTERLITZ;TOURS;109;109;0;26;76.14678899082568;3.1923076923076925
2017-05;CHERBOURG;PARIS-ST-LAZARE;214;210;4;16;92.38095238095238;12.125
2017-05;CLERMONT-FERRAND;NÎMES;0;0;0;0;0.0;0.0
2017-05;PARIS-AUSTERLITZ;LIMOGES;54;54;0;11;79.62962962962963;3.909090909090909
2017-05;LIMOGES;PARIS-AUSTERLITZ;49;49;0;7;85.71428571428571;6.0
2017-05;PARIS-AUSTERLITZ;BRIVE/CAHORS;117;114;3;20;82.45614035087719;4.7
2017-05;BRIVE/CAHORS;PARIS-AUSTERLITZ;127;126;1;31;75.39682539682539;3.064516129032258
2017-05;PARIS-AUSTERLITZ;TOULOUSE-MATABIAU/RODEZ;51;51;0;0;100.0;0.0
2017-05;CERBERE;PARIS-AUSTERLITZ;0;0;0;0;0.0;0.0
2017-05;BRIANÇON/NICE-VILLE;PARIS-AUSTERLITZ;28;28;0;3;89.28571428571429;8.333333333333334
2017-05;PARIS-AUSTERLITZ;BRIANÇON;17;17;0;1;94.11764705882354;16.0
2017-05;AMIENS;PARIS-NORD;196;196;0;17;91.3265306122449;10.529411764705882
2017-05;PARIS-ST-LAZARE;CAEN;220;219;1;33;84.93150684931507;5.636363636363637
2017-05;PARIS-ST-LAZARE;TROUVILLE-DEAUVILLE;92;91;1;13;85.71428571428571;6.0
2017-05;ROUEN-RIVE-DROITE;PARIS-ST-LAZARE;312;310;2;17;94.51612903225806;17.235294117647058
2017-05;CAEN;TOURS;68;68;0;9;86.76470588235294;6.555555555555555
2017-05;PARIS-NORD;BOULOGNE-VILLE;141;141;0;11;92.19858156028369;11.818181818181818
2017-05;TROYES;PARIS-EST;264;263;1;29;88.97338403041825;8.068965517241379
2017-05;NANTES;LYON-PART-DIEU;61;61;0;7;88.52459016393442;7.714285714285714
2017-05;BORDEAUX-ST-JEAN;NANTES;94;92;2;18;80.43478260869566;4.111111111111111
2017-05;HENDAYE;TOULOUSE-MATABIAU;124;124;0;9;92.74193548387098;12.77777777777778
2017-05;BORDEAUX-ST-JEAN;NICE-VILLE;178;170;8;43;74.70588235294117;2.953488372093023
2017-05;PARIS-AUSTERLITZ;HENDAYE;7;7;0;0;100.0;0.0
2017-05;ORLÉANS;PARIS-AUSTERLITZ;325;319;6;79;75.23510971786834;3.037974683544304
2017-05;CAEN;PARIS-ST-LAZARE;194;192;2;25;86.97916666666667;6.68
2017-05;TROUVILLE-DEAUVILLE;PARIS-ST-LAZARE;89;89;0;11;87.64044943820224;7.090909090909091
2017-05;PARIS-ST-LAZARE;LE HAVRE;352;350;2;34;90.28571428571428;9.294117647058824
2017-05;NEVERS;PARIS-BERCY;144;141;3;14;90.0709219858156;9.071428571428571
2017-05;PARIS-BERCY;NEVERS;144;143;1;23;83.91608391608392;5.217391304347826
2017-05;PARIS-EST;BELFORT;126;126;0;18;85.71428571428571;6.0
2017-05;BELFORT;PARIS-EST;126;124;2;14;88.70967741935483;7.857142857142857
2017-05;MARSEILLE-ST-CHARLES;BORDEAUX-ST-JEAN;167;161;6;44;72.67080745341615;2.659090909090909
2017-05;TOULOUSE-MATABIAU/RODEZ;PARIS-AUSTERLITZ;50;50;0;2;96.0;24.0
2017-05;HENDAYE;PARIS-AUSTERLITZ;7;7;0;1;85.71428571428571;6.0
2017-04;ORLÉANS;PARIS-AUSTERLITZ;336;333;3;64;80.78078078078079;4.203125
2017-04;PARIS-ST-LAZARE;CAEN;209;209;0;17;91.86602870813395;11.294117647058824
2017-04;PARIS-ST-LAZARE;ROUEN-RIVE-DROITE;282;280;2;23;91.78571428571428;11.173913043478262
2017-04;PARIS-NORD;MAUBEUGE;268;267;1;23;91.38576779026218;10.608695652173912
2017-04;PARIS-EST;TROYES;205;202;3;28;86.13861386138613;6.214285714285714
2017-04;PARIS-BERCY;NEVERS;147;145;2;25;82.75862068965517;4.8
2017-04;CHERBOURG;PARIS-ST-LAZARE;205;203;2;18;91.13300492610836;10.27777777777778
2017-04;PARIS-VAUGIRARD;GRANVILLE;157;156;1;12;92.3076923076923;12.0
2017-04;BELFORT;PARIS-EST;122;121;1;9;92.56198347107438;12.444444444444445
2017-04;NANTES;BORDEAUX-ST-JEAN;90;89;1;25;71.91011235955057;2.56
2017-04;HENDAYE;TOULOUSE-MATABIAU;122;118;4;8;93.22033898305084;13.75
2017-04;TOULOUSE-MATABIAU;HENDAYE;120;119;1;26;78.15126050420167;3.576923076923077
2017-04;BORDEAUX-ST-JEAN;NICE-VILLE;184;183;1;33;81.9672131147541;4.545454545454546
2017-04;LIMOGES;PARIS-AUSTERLITZ;53;53;0;7;86.79245283018868;6.571428571428571
2017-04;HENDAYE;PARIS-AUSTERLITZ;24;24;0;3;87.5;7.0
2017-04;BRIANÇON/NICE-VILLE;PARIS-AUSTERLITZ;39;38;1;7;81.57894736842105;4.428571428571429
2017-04;PARIS-AUSTERLITZ;NICE-VILLE;12;12;0;4;66.66666666666666;2.0
2017-04;PARIS-NORD;AMIENS;194;194;0;23;88.14432989690721;7.434782608695652
2017-04;PARIS-ST-LAZARE;TROUVILLE-DEAUVILLE;76;75;1;11;85.33333333333333;5.818181818181818
2017-04;TOURS;CAEN;61;60;1;6;90.0;9.0
2017-04;PARIS-NORD;BOULOGNE-VILLE;138;135;3;11;91.85185185185183;11.272727272727272
2017-04;BOURGES;PARIS-AUSTERLITZ;123;122;1;15;87.70491803278688;7.133333333333334
2017-04;TROYES;PARIS-EST;249;248;1;24;90.3225806451613;9.333333333333334
2017-04;PARIS-BERCY;CLERMONT-FERRAND;222;221;1;28;87.33031674208145;6.892857142857143
2017-04;CLERMONT-FERRAND;NÎMES;30;30;0;0;100.0;0.0
2017-04;NÎMES;CLERMONT-FERRAND;31;30;1;2;93.33333333333331;14.0
2017-04;CLERMONT-FERRAND;BÉZIERS;59;59;0;2;96.61016949152544;28.5
2017-04;NANTES;LYON-PART-DIEU;62;62;0;4;93.5483870967742;14.5
2017-04;PARIS-AUSTERLITZ;LIMOGES;64;64;0;11;82.8125;4.818181818181818
2017-04;PARIS-AUSTERLITZ;TOULOUSE-MATABIAU;104;104;0;17;83.65384615384616;5.117647058823529
2017-04;PARIS-AUSTERLITZ;TOULOUSE-MATABIAU/RODEZ;54;54;0;3;94.44444444444444;17.0
2017-04;PARIS-AUSTERLITZ;LATOUR-DE-CAROL;21;20;1;3;85.0;5.666666666666667
2017-04;PARIS-AUSTERLITZ;BRIANÇON;28;27;1;5;81.48148148148148;4.4
2017-04;TROUVILLE-DEAUVILLE;PARIS-ST-LAZARE;83;83;0;7;91.56626506024097;10.857142857142858
2017-04;LE HAVRE;PARIS-ST-LAZARE;343;340;3;36;89.41176470588235;8.444444444444445
2017-04;BÉZIERS;CLERMONT-FERRAND;54;53;1;3;94.33962264150944;16.666666666666668
2017-04;LIMOGES;BORDEAUX-ST-JEAN;30;30;0;0;100.0;0.0
2017-04;TOULOUSE-MATABIAU/RODEZ;PARIS-AUSTERLITZ;53;53;0;2;96.22641509433964;25.5
2017-04;CAEN;PARIS-ST-LAZARE;188;187;1;14;92.51336898395722;12.357142857142858
2017-04;CAEN;TOURS;66;66;0;7;89.39393939393939;8.428571428571429
2017-04;BOULOGNE-VILLE;PARIS-NORD;142;137;5;16;88.32116788321167;7.5625
2017-04;MAUBEUGE;PARIS-NORD;260;258;2;9;96.51162790697674;27.666666666666668
2017-04;TOURS;PARIS-AUSTERLITZ;121;121;0;27;77.68595041322314;3.4814814814814814
2017-04;NEVERS;PARIS-BERCY;147;145;2;16;88.9655172413793;8.0625
2017-04;GRANVILLE;PARIS-VAUGIRARD;159;159;0;8;94.96855345911948;18.875
2017-04;LYON-PART-DIEU;NANTES;54;54;0;7;87.03703703703704;6.714285714285714
2017-04;BORDEAUX-ST-JEAN;LIMOGES;30;30;0;3;90.0;9.0
2017-04;BORDEAUX-ST-JEAN;NANTES;90;90;0;12;86.66666666666667;6.5
2017-04;TOULOUSE-MATABIAU;PARIS-AUSTERLITZ;93;93;0;19;79.56989247311827;3.8947368421052633
2017-04;LATOUR-DE-CAROL;PARIS-AUSTERLITZ;22;21;1;5;76.19047619047619;3.2
2017-04;PARIS-AUSTERLITZ;HENDAYE;24;24;0;8;66.66666666666666;2.0
2017-04;AMIENS;PARIS-NORD;193;192;1;12;93.75;15.0
2017-04;PARIS-AUSTERLITZ;ORLÉANS;331;325;6;82;74.76923076923077;2.963414634146341
2017-04;PARIS-ST-LAZARE;LE HAVRE;338;336;2;33;90.17857142857144;9.181818181818182
2017-04;ROUEN-RIVE-DROITE;PARIS-ST-LAZARE;311;308;3;26;91.55844155844156;10.846153846153848
2017-04;PARIS-AUSTERLITZ;TOURS;118;118;0;21;82.20338983050847;4.619047619047619
2017-04;PARIS-AUSTERLITZ;BOURGES;121;120;1;15;87.5;7.0
2017-04;CLERMONT-FERRAND;PARIS-BERCY;227;224;3;34;84.82142857142857;5.588235294117647
2017-04;PARIS-ST-LAZARE;CHERBOURG;185;185;0;19;89.72972972972973;8.736842105263158
2017-04;PARIS-EST;BELFORT;122;121;1;9;92.56198347107438;12.444444444444445
2017-04;MARSEILLE-ST-CHARLES;BORDEAUX-ST-JEAN;189;183;6;42;77.04918032786885;3.357142857142857
2017-04;PARIS-AUSTERLITZ;BRIVE/CAHORS;126;126;0;18;85.71428571428571;6.0
2017-04;BRIVE/CAHORS;PARIS-AUSTERLITZ;145;144;1;18;87.5;7.0
2017-03;LE HAVRE;PARIS-ST-LAZARE;367;366;1;36;90.1639344262295;9.166666666666666
2017-03;TOURS;CAEN;62;62;0;5;91.93548387096774;11.4
2017-03;BOULOGNE-VILLE;PARIS-NORD;151;151;0;24;84.10596026490066;5.291666666666667
2017-03;TOURS;PARIS-AUSTERLITZ;127;127;0;24;81.10236220472441;4.291666666666667
2017-03;PARIS-VAUGIRARD;GRANVILLE;164;164;0;7;95.73170731707316;22.428571428571427
2017-03;NANTES;LYON-PART-DIEU;67;67;0;6;91.04477611940298;10.166666666666666
2017-03;BORDEAUX-ST-JEAN;NANTES;95;87;8;16;81.60919540229885;4.4375
2017-03;TOULOUSE-MATABIAU;HENDAYE;118;116;2;25;78.44827586206897;3.64
2017-03;BRIVE/CAHORS;PARIS-AUSTERLITZ;150;150;0;8;94.66666666666669;17.75
2017-03;PARIS-AUSTERLITZ;CERBERE;29;28;1;3;89.28571428571429;8.333333333333334
2017-03;PARIS-AUSTERLITZ;ORLÉANS;348;347;1;74;78.6743515850144;3.689189189189189
2017-03;TROUVILLE-DEAUVILLE;PARIS-ST-LAZARE;83;82;1;3;96.34146341463416;26.33333333333333
2017-03;PARIS-ST-LAZARE;LE HAVRE;368;364;4;40;89.01098901098901;8.1
2017-03;PARIS-AUSTERLITZ;TOURS;123;123;0;21;82.92682926829268;4.857142857142857
2017-03;PARIS-AUSTERLITZ;BOURGES;122;122;0;9;92.62295081967213;12.555555555555555
2017-03;CLERMONT-FERRAND;PARIS-BERCY;215;212;3;20;90.56603773584904;9.6
2017-03;CHERBOURG;PARIS-ST-LAZARE;220;218;2;12;94.4954128440367;17.166666666666668
2017-03;PARIS-EST;BELFORT;133;132;1;13;90.15151515151516;9.153846153846152
2017-03;LYON-PART-DIEU;NANTES;58;58;0;6;89.65517241379311;8.666666666666666
2017-03;BORDEAUX-ST-JEAN;LIMOGES;25;25;0;3;88.0;7.333333333333333
2017-03;NANTES;BORDEAUX-ST-JEAN;98;94;4;37;60.63829787234042;1.5405405405405406
2017-03;HENDAYE;TOULOUSE-MATABIAU;119;116;3;9;92.24137931034484;11.88888888888889
2017-03;LIMOGES;PARIS-AUSTERLITZ;59;59;0;1;98.30508474576273;58.0
2017-03;PARIS-AUSTERLITZ;TOULOUSE-MATABIAU/RODEZ;57;57;0;5;91.2280701754386;10.4
2017-03;TOULOUSE-MATABIAU/RODEZ;PARIS-AUSTERLITZ;56;56;0;4;92.85714285714286;13.0
2017-03;CERBERE;PARIS-AUSTERLITZ;29;28;1;3;89.28571428571429;8.333333333333334
2017-03;PARIS-AUSTERLITZ;HENDAYE;10;10;0;1;90.0;9.0
2017-03;BRIANÇON/NICE-VILLE;PARIS-AUSTERLITZ;49;48;1;14;70.83333333333333;2.4285714285714284
2017-03;ORLÉANS;PARIS-AUSTERLITZ;358;355;3;49;86.19718309859155;6.244897959183674
2017-03;PARIS-ST-LAZARE;CAEN;219;218;1;24;88.9908256880734;8.083333333333334
2017-03;CAEN;TOURS;66;66;0;3;95.45454545454544;21.0
2017-03;BOURGES;PARIS-AUSTERLITZ;121;120;1;17;85.83333333333333;6.0588235294117645
2017-03;PARIS-BERCY;NEVERS;145;144;1;19;86.80555555555556;6.578947368421052
2017-03;PARIS-BERCY;CLERMONT-FERRAND;217;215;2;25;88.37209302325581;7.6
2017-03;BÉZIERS;CLERMONT-FERRAND;62;61;1;4;93.44262295081968;14.25
2017-03;BORDEAUX-ST-JEAN;NICE-VILLE;188;183;5;27;85.24590163934427;5.777777777777778
2017-03;PARIS-AUSTERLITZ;TOULOUSE-MATABIAU/CERBERE;105;105;0;12;88.57142857142857;7.75
2017-03;HENDAYE;PARIS-AUSTERLITZ;10;10;0;1;90.0;9.0
2017-03;BOURG-ST-MAURICE/ST-GERVAIS;PARIS-AUSTERLITZ;0;0;0;0;0.0;0.0
2017-03;PARIS-AUSTERLITZ;BRIANÇON;33;32;1;9;71.875;2.555555555555556
2017-03;PARIS-NORD;AMIENS;231;230;1;40;82.6086956521739;4.75
2017-03;CAEN;PARIS-ST-LAZARE;195;194;1;10;94.84536082474229;18.4
2017-03;ROUEN-RIVE-DROITE;PARIS-ST-LAZARE;330;324;6;22;93.20987654320987;13.727272727272728
2017-03;PARIS-ST-LAZARE;ROUEN-RIVE-DROITE;299;295;4;30;89.83050847457628;8.833333333333334
2017-03;MAUBEUGE;PARIS-NORD;300;299;1;26;91.30434782608695;10.5
2017-03;NEVERS;PARIS-BERCY;145;143;2;17;88.1118881118881;7.411764705882353
2017-03;BELFORT;PARIS-EST;133;131;2;10;92.36641221374046;12.1
2017-03;CLERMONT-FERRAND;NÎMES;31;30;1;1;96.66666666666669;29.0
2017-03;MARSEILLE-ST-CHARLES;BORDEAUX-ST-JEAN;177;175;2;28;84.0;5.25
2017-03;PARIS-AUSTERLITZ;LIMOGES;66;66;0;13;80.30303030303031;4.076923076923077
2017-03;PARIS-AUSTERLITZ;BRIVE/CAHORS;143;143;0;11;92.3076923076923;12.0
2017-03;PARIS-AUSTERLITZ;BOURG-ST-MAURICE/ST-GERVAIS;0;0;0;0;0.0;0.0
2017-03;AMIENS;PARIS-NORD;231;230;1;17;92.6086956521739;12.529411764705882
2017-03;PARIS-ST-LAZARE;TROUVILLE-DEAUVILLE;81;81;0;5;93.82716049382717;15.2
2017-03;PARIS-NORD;BOULOGNE-VILLE;151;151;0;12;92.05298013245032;11.583333333333334
2017-03;PARIS-NORD;MAUBEUGE;305;304;1;35;88.48684210526315;7.685714285714286
2017-03;TROYES;PARIS-EST;263;261;2;16;93.86973180076627;15.3125
2017-03;PARIS-EST;TROYES;218;215;3;27;87.44186046511628;6.962962962962963
2017-03;PARIS-ST-LAZARE;CHERBOURG;201;200;1;19;90.5;9.526315789473683
2017-03;GRANVILLE;PARIS-VAUGIRARD;162;161;1;8;95.03105590062113;19.125
2017-03;NÎMES;CLERMONT-FERRAND;31;31;0;1;96.7741935483871;30.0
2017-03;CLERMONT-FERRAND;BÉZIERS;61;60;1;3;95.0;19.0
2017-03;LIMOGES;BORDEAUX-ST-JEAN;30;30;0;0;100.0;0.0
2017-03;TOULOUSE-MATABIAU/CERBERE;PARIS-AUSTERLITZ;97;97;0;11;88.65979381443299;7.818181818181818
2017-03;PARIS-AUSTERLITZ;NICE-VILLE;19;19;0;6;68.42105263157895;2.1666666666666665
2017-02;ORLÉANS;PARIS-AUSTERLITZ;321;317;4;68;78.54889589905363;3.661764705882353
2017-02;TOURS;CAEN;56;56;0;3;94.64285714285714;17.666666666666668
2017-02;BOULOGNE-VILLE;PARIS-NORD;137;136;1;16;88.23529411764706;7.5
2017-02;PARIS-NORD;MAUBEUGE;274;272;2;29;89.33823529411765;8.379310344827585
2017-02;PARIS-AUSTERLITZ;TOURS;112;110;2;17;84.54545454545455;5.470588235294118
2017-02;CLERMONT-FERRAND;PARIS-BERCY;207;206;1;18;91.2621359223301;10.444444444444445
2017-02;CHERBOURG;PARIS-ST-LAZARE;196;195;1;17;91.28205128205128;10.470588235294118
2017-02;NÎMES;CLERMONT-FERRAND;28;27;1;0;100.0;0.0
2017-02;LYON-PART-DIEU;NANTES;52;52;0;4;92.3076923076923;12.0
2017-02;NANTES;LYON-PART-DIEU;61;60;1;2;96.66666666666669;29.0
2017-02;LIMOGES;BORDEAUX-ST-JEAN;28;28;0;2;92.85714285714286;13.0
2017-02;BORDEAUX-ST-JEAN;NANTES;82;81;1;11;86.41975308641975;6.363636363636363
2017-02;LIMOGES;PARIS-AUSTERLITZ;50;50;0;2;96.0;24.0
2017-02;PARIS-AUSTERLITZ;BRIVE/CAHORS;123;123;0;15;87.8048780487805;7.2
2017-02;PARIS-AUSTERLITZ;TOULOUSE-MATABIAU;96;96;0;18;81.25;4.333333333333333
2017-02;PARIS-AUSTERLITZ;ORLÉANS;312;308;4;65;78.8961038961039;3.7384615384615385
2017-02;PARIS-ST-LAZARE;TROUVILLE-DEAUVILLE;73;72;1;8;88.88888888888889;8.0
2017-02;PARIS-ST-LAZARE;LE HAVRE;327;325;2;33;89.84615384615384;8.848484848484848
2017-02;ROUEN-RIVE-DROITE;PARIS-ST-LAZARE;286;285;1;15;94.73684210526316;18.0
2017-02;PARIS-ST-LAZARE;ROUEN-RIVE-DROITE;266;261;5;26;90.03831417624521;9.038461538461538
2017-02;CAEN;TOURS;60;60;0;6;90.0;9.0
2017-02;PARIS-NORD;BOULOGNE-VILLE;136;136;0;14;89.70588235294117;8.714285714285714
2017-02;TOURS;PARIS-AUSTERLITZ;116;115;1;17;85.21739130434783;5.764705882352941
2017-02;NEVERS;PARIS-BERCY;136;134;2;16;88.05970149253731;7.375
2017-02;PARIS-VAUGIRARD;GRANVILLE;147;147;0;7;95.23809523809524;20.0
2017-02;BRIVE/CAHORS;PARIS-AUSTERLITZ;133;133;0;15;88.7218045112782;7.866666666666666
2017-02;HENDAYE;PARIS-AUSTERLITZ;17;17;0;0;100.0;0.0
2017-02;BRIANÇON/NICE-VILLE;PARIS-AUSTERLITZ;58;58;0;18;68.9655172413793;2.2222222222222223
2017-02;TROUVILLE-DEAUVILLE;PARIS-ST-LAZARE;72;72;0;6;91.66666666666669;11.0
2017-02;PARIS-EST;TROYES;203;201;2;18;91.04477611940298;10.166666666666666
2017-02;BÉZIERS;CLERMONT-FERRAND;55;54;1;7;87.03703703703704;6.714285714285714
2017-02;BORDEAUX-ST-JEAN;LIMOGES;18;18;0;4;77.77777777777777;3.5
2017-02;HENDAYE;TOULOUSE-MATABIAU;76;75;1;8;89.33333333333333;8.375
2017-02;LATOUR-DE-CAROL;PARIS-AUSTERLITZ;26;26;0;2;92.3076923076923;12.0
2017-02;PARIS-ST-LAZARE;CAEN;191;191;0;35;81.67539267015707;4.457142857142857
2017-02;LE HAVRE;PARIS-ST-LAZARE;328;324;4;25;92.28395061728396;11.96
2017-02;BOURGES;PARIS-AUSTERLITZ;111;111;0;18;83.78378378378378;5.166666666666667
2017-02;PARIS-AUSTERLITZ;BOURGES;113;111;2;11;90.09009009009009;9.090909090909092
2017-02;TROYES;PARIS-EST;223;219;4;19;91.324200913242;10.526315789473683
2017-02;PARIS-ST-LAZARE;CHERBOURG;177;176;1;18;89.77272727272728;8.777777777777779
2017-02;NANTES;BORDEAUX-ST-JEAN;83;83;0;9;89.1566265060241;8.222222222222221
2017-02;TOULOUSE-MATABIAU;HENDAYE;76;76;0;21;72.36842105263158;2.619047619047619
2017-02;BORDEAUX-ST-JEAN;NICE-VILLE;161;159;2;28;82.38993710691824;4.678571428571429
2017-02;MARSEILLE-ST-CHARLES;BORDEAUX-ST-JEAN;168;167;1;24;85.62874251497006;5.958333333333333
2017-02;PARIS-AUSTERLITZ;LIMOGES;59;59;0;11;81.35593220338983;4.363636363636363
2017-02;TOULOUSE-MATABIAU;PARIS-AUSTERLITZ;87;87;0;15;82.75862068965517;4.8
2017-02;TOULOUSE-MATABIAU/RODEZ;PARIS-AUSTERLITZ;50;50;0;0;100.0;0.0
2017-02;PARIS-AUSTERLITZ;NICE-VILLE;26;26;0;6;76.92307692307692;3.333333333333333
2017-02;AMIENS;PARIS-NORD;202;199;3;27;86.4321608040201;6.37037037037037
2017-02;PARIS-NORD;AMIENS;203;201;2;47;76.61691542288557;3.276595744680851
2017-02;CAEN;PARIS-ST-LAZARE;175;174;1;23;86.7816091954023;6.565217391304348
2017-02;MAUBEUGE;PARIS-NORD;270;266;4;22;91.72932330827068;11.090909090909092
2017-02;PARIS-BERCY;NEVERS;135;135;0;13;90.37037037037037;9.384615384615383
2017-02;PARIS-BERCY;CLERMONT-FERRAND;207;207;0;22;89.3719806763285;8.409090909090908
2017-02;GRANVILLE;PARIS-VAUGIRARD;148;147;1;10;93.19727891156462;13.7
2017-02;PARIS-EST;BELFORT;120;118;2;5;95.76271186440678;22.6
2017-02;BELFORT;PARIS-EST;121;118;3;9;92.3728813559322;12.11111111111111
2017-02;CLERMONT-FERRAND;NÎMES;28;27;1;1;96.29629629629628;26.0
2017-02;CLERMONT-FERRAND;BÉZIERS;54;52;2;10;80.76923076923077;4.2
2017-02;PARIS-AUSTERLITZ;TOULOUSE-MATABIAU/RODEZ;51;51;0;1;98.03921568627452;50.0
2017-02;PARIS-AUSTERLITZ;LATOUR-DE-CAROL;26;25;1;4;84.0;5.25
2017-02;PARIS-AUSTERLITZ;HENDAYE;17;17;0;1;94.11764705882354;16.0
2017-02;BOURG-ST-MAURICE/ST-GERVAIS;PARIS-AUSTERLITZ;0;0;0;0;0.0;0.0
2017-02;PARIS-AUSTERLITZ;BOURG-ST-MAURICE/ST-GERVAIS;0;0;0;0;0.0;0.0
2017-02;PARIS-AUSTERLITZ;BRIANÇON;36;36;0;14;61.11111111111112;1.5714285714285714
2017-01;PARIS-ST-LAZARE;CAEN;214;210;4;36;82.85714285714286;4.833333333333333
2017-01;TROUVILLE-DEAUVILLE;PARIS-ST-LAZARE;78;78;0;10;87.17948717948718;6.8
2017-01;CLERMONT-FERRAND;PARIS-BERCY;235;234;1;27;88.46153846153847;7.666666666666667
2017-01;CHERBOURG;PARIS-ST-LAZARE;216;216;0;23;89.35185185185185;8.391304347826088
2017-01;PARIS-VAUGIRARD;GRANVILLE;165;164;1;17;89.63414634146342;8.647058823529411
2017-01;BELFORT;PARIS-EST;135;131;4;14;89.31297709923665;8.357142857142858
2017-01;NÎMES;CLERMONT-FERRAND;32;31;1;2;93.5483870967742;14.5
2017-01;BORDEAUX-ST-JEAN;NICE-VILLE;192;188;4;30;84.04255319148936;5.266666666666667
2017-01;PARIS-AUSTERLITZ;TOULOUSE-MATABIAU/CERBERE;107;106;1;16;84.90566037735849;5.625
2017-01;TOULOUSE-MATABIAU/CERBERE;PARIS-AUSTERLITZ;98;98;0;74;24.48979591836735;0.3243243243243243
2017-01;PARIS-AUSTERLITZ;TOULOUSE-MATABIAU/RODEZ;60;60;0;2;96.66666666666669;29.0
2017-01;ORLÉANS;PARIS-AUSTERLITZ;361;359;2;72;79.94428969359332;3.986111111111111
2017-01;MAUBEUGE;PARIS-NORD;295;292;3;31;89.38356164383562;8.419354838709678
2017-01;PARIS-BERCY;CLERMONT-FERRAND;237;234;3;27;88.46153846153847;7.666666666666667
2017-01;MARSEILLE-ST-CHARLES;BORDEAUX-ST-JEAN;194;185;9;47;74.5945945945946;2.936170212765957
2017-01;BOURG-ST-MAURICE/ST-GERVAIS;PARIS-AUSTERLITZ;0;0;0;0;0.0;0.0
2017-01;AMIENS;PARIS-NORD;218;215;3;41;80.93023255813954;4.243902439024391
2017-01;CAEN;PARIS-ST-LAZARE;196;192;4;23;88.02083333333333;7.3478260869565215
2017-01;PARIS-ST-LAZARE;TROUVILLE-DEAUVILLE;81;79;2;14;82.27848101265823;4.642857142857143
2017-01;LE HAVRE;PARIS-ST-LAZARE;358;352;6;36;89.77272727272728;8.777777777777779
2017-01;PARIS-ST-LAZARE;ROUEN-RIVE-DROITE;295;294;1;33;88.77551020408163;7.909090909090909
2017-01;CAEN;TOURS;67;67;0;7;89.55223880597015;8.571428571428571
2017-01;TOURS;CAEN;62;62;0;5;91.93548387096774;11.4
2017-01;PARIS-EST;TROYES;216;214;2;26;87.85046728971963;7.230769230769231
2017-01;NEVERS;PARIS-BERCY;158;156;2;15;90.3846153846154;9.4
2017-01;PARIS-EST;BELFORT;135;133;2;15;88.7218045112782;7.866666666666666
2017-01;CLERMONT-FERRAND;BÉZIERS;62;62;0;1;98.38709677419357;61.0
2017-01;NANTES;LYON-PART-DIEU;66;64;2;5;92.1875;11.8
2017-01;LIMOGES;PARIS-AUSTERLITZ;57;57;0;6;89.47368421052632;8.5
2017-01;PARIS-AUSTERLITZ;BRIVE/CAHORS;141;141;0;21;85.1063829787234;5.714285714285714
2017-01;BRIVE/CAHORS;PARIS-AUSTERLITZ;151;150;1;20;86.66666666666667;6.5
2017-01;PARIS-AUSTERLITZ;CERBERE;30;27;3;4;85.18518518518519;5.75
2017-01;HENDAYE;PARIS-AUSTERLITZ;11;10;1;2;80.0;4.0
2017-01;PARIS-AUSTERLITZ;HENDAYE;11;10;1;2;80.0;4.0
2017-01;PARIS-AUSTERLITZ;NICE-VILLE;28;28;0;7;75.0;3.0
2017-01;PARIS-ST-LAZARE;LE HAVRE;352;352;0;37;89.48863636363636;8.513513513513514
2017-01;TROYES;PARIS-EST;279;277;2;31;88.8086642599278;7.935483870967742
2017-01;PARIS-BERCY;NEVERS;158;157;1;14;91.0828025477707;10.214285714285714
2017-01;PARIS-ST-LAZARE;CHERBOURG;197;197;0;34;82.74111675126903;4.794117647058823
2017-01;GRANVILLE;PARIS-VAUGIRARD;164;164;0;14;91.46341463414636;10.714285714285714
2017-01;CLERMONT-FERRAND;NÎMES;33;31;2;4;87.09677419354838;6.75
2017-01;LYON-PART-DIEU;NANTES;57;57;0;3;94.73684210526316;18.0
2017-01;BORDEAUX-ST-JEAN;NANTES;96;91;5;28;69.23076923076923;2.25
2017-01;NANTES;BORDEAUX-ST-JEAN;95;91;4;28;69.23076923076923;2.25
2017-01;HENDAYE;TOULOUSE-MATABIAU;123;121;2;15;87.60330578512396;7.066666666666666
2017-01;TOULOUSE-MATABIAU;HENDAYE;123;123;0;35;71.54471544715447;2.5142857142857142
2017-01;PARIS-AUSTERLITZ;LIMOGES;66;66;0;10;84.84848484848484;5.6
2017-01;TOULOUSE-MATABIAU/RODEZ;PARIS-AUSTERLITZ;60;60;0;1;98.33333333333331;59.0
2017-01;BRIANÇON/NICE-VILLE;PARIS-AUSTERLITZ;56;56;0;21;62.5;1.6666666666666667
2017-01;PARIS-NORD;AMIENS;218;213;5;54;74.64788732394366;2.9444444444444446
2017-01;PARIS-AUSTERLITZ;ORLÉANS;352;350;2;70;80.0;4.0
2017-01;ROUEN-RIVE-DROITE;PARIS-ST-LAZARE;316;313;3;29;90.73482428115015;9.79310344827586
2017-01;BOULOGNE-VILLE;PARIS-NORD;153;149;4;28;81.20805369127517;4.321428571428571
2017-01;PARIS-NORD;BOULOGNE-VILLE;150;148;2;18;87.83783783783784;7.222222222222222
2017-01;PARIS-NORD;MAUBEUGE;300;296;4;45;84.79729729729729;5.5777777777777775
2017-01;TOURS;PARIS-AUSTERLITZ;128;128;0;28;78.125;3.571428571428572
2017-01;PARIS-AUSTERLITZ;TOURS;124;124;0;34;72.58064516129032;2.647058823529412
2017-01;BOURGES;PARIS-AUSTERLITZ;124;124;0;17;86.29032258064517;6.294117647058823
2017-01;PARIS-AUSTERLITZ;BOURGES;124;124;0;17;86.29032258064517;6.294117647058823
2017-01;BÉZIERS;CLERMONT-FERRAND;62;62;0;4;93.5483870967742;14.5
2017-01;BORDEAUX-ST-JEAN;LIMOGES;32;31;1;2;93.5483870967742;14.5
2017-01;LIMOGES;BORDEAUX-ST-JEAN;32;31;1;0;100.0;0.0
2017-01;CERBERE;PARIS-AUSTERLITZ;34;31;3;3;90.3225806451613;9.333333333333334
2017-01;PARIS-AUSTERLITZ;BOURG-ST-MAURICE/ST-GERVAIS;0;0;0;0;0.0;0.0
2017-01;PARIS-AUSTERLITZ;BRIANÇON;28;28;0;11;60.71428571428572;1.5454545454545454
2016-12;CAEN;PARIS-ST-LAZARE;194;194;0;24;87.62886597938144;7.083333333333333
2016-12;TROUVILLE-DEAUVILLE;PARIS-ST-LAZARE;79;78;1;8;89.74358974358974;8.75
2016-12;ROUEN-RIVE-DROITE;PARIS-ST-LAZARE;326;320;6;22;93.125;13.545454545454543
2016-12;CLERMONT-FERRAND;PARIS-BERCY;227;224;3;25;88.83928571428571;7.96
2016-12;CHERBOURG;PARIS-ST-LAZARE;217;215;2;15;93.02325581395348;13.333333333333334
2016-12;NÎMES;CLERMONT-FERRAND;31;31;0;1;96.7741935483871;30.0
2016-12;LIMOGES;BORDEAUX-ST-JEAN;32;30;2;1;96.66666666666669;29.0
2016-12;BORDEAUX-ST-JEAN;NANTES;96;91;5;45;50.54945054945055;1.022222222222222
2016-12;BORDEAUX-ST-JEAN;NICE-VILLE;194;193;1;36;81.34715025906736;4.361111111111111
2016-12;BRIVE/CAHORS;PARIS-AUSTERLITZ;143;143;0;21;85.31468531468532;5.809523809523809
2016-12;TOULOUSE-MATABIAU/CERBERE;PARIS-AUSTERLITZ;90;90;0;74;17.77777777777777;0.2162162162162162
2016-12;CERBERE;PARIS-AUSTERLITZ;36;36;0;3;91.66666666666669;11.0
2016-12;ORLÉANS;PARIS-AUSTERLITZ;352;352;0;57;83.80681818181819;5.175438596491228
2016-12;CAEN;TOURS;66;66;0;9;86.36363636363636;6.333333333333333
2016-12;PARIS-NORD;MAUBEUGE;298;297;1;43;85.52188552188552;5.906976744186046
2016-12;TOURS;PARIS-AUSTERLITZ;126;125;1;33;73.6;2.787878787878788
2016-12;PARIS-AUSTERLITZ;TOURS;122;120;2;23;80.83333333333333;4.217391304347826
2016-12;NEVERS;PARIS-BERCY;152;151;1;9;94.03973509933776;15.77777777777778
2016-12;GRANVILLE;PARIS-VAUGIRARD;152;152;0;28;81.57894736842105;4.428571428571429
2016-12;CLERMONT-FERRAND;NÎMES;31;31;0;0;100.0;0.0
2016-12;BORDEAUX-ST-JEAN;LIMOGES;24;24;0;0;100.0;0.0
2016-12;PARIS-ST-LAZARE;CAEN;217;215;2;36;83.25581395348837;4.972222222222222
2016-12;TOURS;CAEN;62;62;0;6;90.3225806451613;9.333333333333334
2016-12;PARIS-NORD;BOULOGNE-VILLE;152;151;1;20;86.75496688741723;6.55
2016-12;PARIS-AUSTERLITZ;BOURGES;123;122;1;18;85.24590163934427;5.777777777777778
2016-12;TROYES;PARIS-EST;279;277;2;18;93.50180505415162;14.38888888888889
2016-12;PARIS-EST;TROYES;219;218;1;24;88.9908256880734;8.083333333333334
2016-12;PARIS-BERCY;NEVERS;153;151;2;15;90.06622516556291;9.066666666666666
2016-12;TOULOUSE-MATABIAU;HENDAYE;66;66;0;14;78.78787878787878;3.7142857142857135
2016-12;MARSEILLE-ST-CHARLES;BORDEAUX-ST-JEAN;185;183;2;37;79.78142076502732;3.945945945945946
2016-12;PARIS-AUSTERLITZ;BRIVE/CAHORS;133;133;0;22;83.45864661654136;5.045454545454546
2016-12;PARIS-AUSTERLITZ;TOULOUSE-MATABIAU/RODEZ;56;55;1;6;89.0909090909091;8.166666666666666
2016-12;PARIS-AUSTERLITZ;BOURG-ST-MAURICE/ST-GERVAIS;0;0;0;0;0.0;0.0
2016-12;BRIANÇON/NICE-VILLE;PARIS-AUSTERLITZ;59;57;2;21;63.1578947368421;1.7142857142857142
2016-12;PARIS-NORD;AMIENS;207;205;2;59;71.21951219512195;2.4745762711864407
2016-12;PARIS-AUSTERLITZ;ORLÉANS;340;339;1;78;76.99115044247787;3.3461538461538463
2016-12;PARIS-ST-LAZARE;TROUVILLE-DEAUVILLE;79;78;1;10;87.17948717948718;6.8
2016-12;PARIS-ST-LAZARE;LE HAVRE;363;360;3;44;87.77777777777777;7.181818181818182
2016-12;MAUBEUGE;PARIS-NORD;291;287;4;30;89.54703832752614;8.566666666666666
2016-12;PARIS-ST-LAZARE;CHERBOURG;199;197;2;21;89.34010152284264;8.380952380952381
2016-12;PARIS-VAUGIRARD;GRANVILLE;155;155;0;26;83.2258064516129;4.961538461538462
2016-12;PARIS-EST;BELFORT;128;128;0;12;90.625;9.666666666666666
2016-12;CLERMONT-FERRAND;BÉZIERS;62;61;1;6;90.1639344262295;9.166666666666666
2016-12;LYON-PART-DIEU;NANTES;60;59;1;8;86.4406779661017;6.375
2016-12;NANTES;LYON-PART-DIEU;64;64;0;3;95.3125;20.33333333333333
2016-12;NANTES;BORDEAUX-ST-JEAN;93;91;2;43;52.747252747252745;1.1162790697674418
2016-12;HENDAYE;TOULOUSE-MATABIAU;64;64;0;8;87.5;7.0
2016-12;PARIS-AUSTERLITZ;TOULOUSE-MATABIAU/CERBERE;105;105;0;15;85.71428571428571;6.0
2016-12;TOULOUSE-MATABIAU/RODEZ;PARIS-AUSTERLITZ;55;54;1;1;98.14814814814817;53.0
2016-12;HENDAYE;PARIS-AUSTERLITZ;13;13;0;0;100.0;0.0
2016-12;BOURG-ST-MAURICE/ST-GERVAIS;PARIS-AUSTERLITZ;0;0;0;0;0.0;0.0
2016-12;PARIS-AUSTERLITZ;BRIANÇON;31;30;1;9;70.0;2.333333333333333
2016-12;AMIENS;PARIS-NORD;209;208;1;25;87.98076923076923;7.32
2016-12;LE HAVRE;PARIS-ST-LAZARE;354;351;3;25;92.87749287749288;13.04
2016-12;PARIS-ST-LAZARE;ROUEN-RIVE-DROITE;295;289;6;32;88.92733564013841;8.03125
2016-12;BOULOGNE-VILLE;PARIS-NORD;152;150;2;20;86.66666666666667;6.5
2016-12;BOURGES;PARIS-AUSTERLITZ;123;122;1;14;88.52459016393442;7.714285714285714
2016-12;PARIS-BERCY;CLERMONT-FERRAND;230;228;2;44;80.7017543859649;4.181818181818182
2016-12;BELFORT;PARIS-EST;129;129;0;11;91.47286821705428;10.727272727272728
2016-12;BÉZIERS;CLERMONT-FERRAND;62;61;1;5;91.8032786885246;11.2
2016-12;PARIS-AUSTERLITZ;LIMOGES;58;58;0;16;72.41379310344828;2.625
2016-12;LIMOGES;PARIS-AUSTERLITZ;58;58;0;2;96.55172413793105;28.0
2016-12;PARIS-AUSTERLITZ;CERBERE;36;33;3;0;100.0;0.0
2016-12;PARIS-AUSTERLITZ;HENDAYE;14;14;0;2;85.71428571428571;6.0
2016-12;PARIS-AUSTERLITZ;NICE-VILLE;28;27;1;11;59.25925925925926;1.4545454545454546
2016-11;ORLÉANS;PARIS-AUSTERLITZ;330;325;5;90;72.3076923076923;2.611111111111111
2016-11;TROUVILLE-DEAUVILLE;PARIS-ST-LAZARE;74;74;0;19;74.32432432432432;2.894736842105264
2016-11;PARIS-ST-LAZARE;TROUVILLE-DEAUVILLE;78;77;1;17;77.92207792207792;3.5294117647058822
2016-11;LE HAVRE;PARIS-ST-LAZARE;331;325;6;58;82.15384615384616;4.603448275862069
2016-11;ROUEN-RIVE-DROITE;PARIS-ST-LAZARE;298;294;4;37;87.41496598639456;6.945945945945946
2016-11;CLERMONT-FERRAND;PARIS-BERCY;221;219;2;30;86.3013698630137;6.3
2016-11;PARIS-AUSTERLITZ;LIMOGES;40;40;0;9;77.5;3.4444444444444446
2016-11;PARIS-AUSTERLITZ;TOULOUSE-MATABIAU/CERBERE;85;84;1;18;78.57142857142857;3.6666666666666665
2016-11;CERBERE;PARIS-AUSTERLITZ;59;58;1;14;75.86206896551724;3.142857142857143
2016-11;PARIS-AUSTERLITZ;NICE-VILLE;28;28;0;8;71.42857142857143;2.5
2016-11;PARIS-AUSTERLITZ;ORLÉANS;321;315;6;76;75.87301587301587;3.144736842105264
2016-11;PARIS-ST-LAZARE;CAEN;208;208;0;40;80.76923076923077;4.2
2016-11;PARIS-AUSTERLITZ;TOURS;118;117;1;21;82.05128205128204;4.571428571428571
2016-11;BOURGES;PARIS-AUSTERLITZ;118;117;1;21;82.05128205128204;4.571428571428571
2016-11;TROYES;PARIS-EST;231;222;9;36;83.78378378378378;5.166666666666667
2016-11;PARIS-EST;TROYES;202;197;5;24;87.81725888324873;7.208333333333333
2016-11;BELFORT;PARIS-EST;108;104;4;22;78.84615384615384;3.727272727272727
2016-11;CLERMONT-FERRAND;BÉZIERS;61;60;1;3;95.0;19.0
2016-11;LYON-PART-DIEU;NANTES;57;53;4;10;81.13207547169812;4.3
2016-11;BORDEAUX-ST-JEAN;NANTES;92;89;3;28;68.53932584269663;2.1785714285714284
2016-11;NANTES;BORDEAUX-ST-JEAN;91;90;1;22;75.55555555555556;3.090909090909091
2016-11;MARSEILLE-ST-CHARLES;BORDEAUX-ST-JEAN;181;179;2;43;75.97765363128491;3.1627906976744184
2016-11;LIMOGES;PARIS-AUSTERLITZ;54;54;0;15;72.22222222222223;2.6
2016-11;PARIS-AUSTERLITZ;CERBERE;58;53;5;9;83.01886792452831;4.888888888888889
2016-11;BOURG-ST-MAURICE/ST-GERVAIS;PARIS-AUSTERLITZ;0;0;0;0;0.0;0.0
2016-11;AMIENS;PARIS-NORD;208;205;3;57;72.1951219512195;2.5964912280701755
2016-11;PARIS-NORD;AMIENS;211;208;3;70;66.34615384615384;1.9714285714285715
2016-11;BOULOGNE-VILLE;PARIS-NORD;148;142;6;35;75.35211267605634;3.057142857142857
2016-11;PARIS-NORD;BOULOGNE-VILLE;148;143;5;22;84.61538461538461;5.5
2016-11;CHERBOURG;PARIS-ST-LAZARE;207;205;2;29;85.85365853658537;6.068965517241379
2016-11;PARIS-VAUGIRARD;GRANVILLE;107;104;3;47;54.80769230769231;1.2127659574468086
2016-11;PARIS-EST;BELFORT;108;108;0;17;84.25925925925927;5.352941176470588
2016-11;TOULOUSE-MATABIAU;HENDAYE;0;0;0;0;0.0;0.0
2016-11;TOULOUSE-MATABIAU/RODEZ;PARIS-AUSTERLITZ;59;58;1;10;82.75862068965517;4.8
2016-11;PARIS-AUSTERLITZ;HENDAYE;0;0;0;0;0.0;0.0
2016-11;PARIS-AUSTERLITZ;BRIANÇON;30;28;2;6;78.57142857142857;3.6666666666666665
2016-11;PARIS-ST-LAZARE;ROUEN-RIVE-DROITE;286;283;3;36;87.27915194346289;6.861111111111111
2016-11;PARIS-NORD;MAUBEUGE;283;276;7;57;79.34782608695653;3.842105263157895
2016-11;TOURS;PARIS-AUSTERLITZ;121;119;2;33;72.26890756302521;2.606060606060606
2016-11;PARIS-AUSTERLITZ;BOURGES;119;117;2;18;84.61538461538461;5.5
2016-11;NEVERS;PARIS-BERCY;144;144;0;27;81.25;4.333333333333333
2016-11;GRANVILLE;PARIS-VAUGIRARD;110;106;4;45;57.54716981132076;1.3555555555555556
2016-11;CLERMONT-FERRAND;NÎMES;30;30;0;1;96.66666666666669;29.0
2016-11;NÎMES;CLERMONT-FERRAND;30;30;0;4;86.66666666666667;6.5
2016-11;BÉZIERS;CLERMONT-FERRAND;61;60;1;1;98.33333333333331;59.0
2016-11;BORDEAUX-ST-JEAN;LIMOGES;22;22;0;3;86.36363636363636;6.333333333333333
2016-11;LIMOGES;BORDEAUX-ST-JEAN;30;30;0;1;96.66666666666669;29.0
2016-11;PARIS-AUSTERLITZ;BRIVE/CAHORS;117;114;3;37;67.54385964912281;2.081081081081081
2016-11;BRIVE/CAHORS;PARIS-AUSTERLITZ;126;121;5;36;70.24793388429752;2.361111111111111
2016-11;TOULOUSE-MATABIAU/CERBERE;PARIS-AUSTERLITZ;75;75;0;74;1.3333333333333286;0.0135135135135135
2016-11;PARIS-AUSTERLITZ;TOULOUSE-MATABIAU/RODEZ;57;54;3;13;75.92592592592592;3.1538461538461537
2016-11;HENDAYE;PARIS-AUSTERLITZ;0;0;0;0;0.0;0.0
2016-11;PARIS-AUSTERLITZ;BOURG-ST-MAURICE/ST-GERVAIS;0;0;0;0;0.0;0.0
2016-11;BRIANÇON/NICE-VILLE;PARIS-AUSTERLITZ;59;56;3;10;82.14285714285714;4.6
2016-11;CAEN;PARIS-ST-LAZARE;189;188;1;33;82.4468085106383;4.696969696969697
2016-11;PARIS-ST-LAZARE;LE HAVRE;337;333;4;79;76.27627627627628;3.2151898734177213
2016-11;CAEN;TOURS;65;64;1;10;84.375;5.4
2016-11;TOURS;CAEN;60;60;0;20;66.66666666666666;2.0
2016-11;MAUBEUGE;PARIS-NORD;290;280;10;50;82.14285714285714;4.6
2016-11;PARIS-BERCY;NEVERS;134;134;0;35;73.88059701492537;2.8285714285714287
2016-11;PARIS-BERCY;CLERMONT-FERRAND;217;217;0;39;82.02764976958525;4.564102564102564
2016-11;PARIS-ST-LAZARE;CHERBOURG;190;189;1;34;82.01058201058201;4.5588235294117645
2016-11;NANTES;LYON-PART-DIEU;65;63;2;6;90.47619047619048;9.5
2016-11;HENDAYE;TOULOUSE-MATABIAU;0;0;0;0;0.0;0.0
2016-11;BORDEAUX-ST-JEAN;NICE-VILLE;189;188;1;29;84.57446808510639;5.482758620689655
2016-10;PARIS-ST-LAZARE;TROUVILLE-DEAUVILLE;78;78;0;12;84.61538461538461;5.5
2016-10;ROUEN-RIVE-DROITE;PARIS-ST-LAZARE;312;308;4;26;91.55844155844156;10.846153846153848
2016-10;BOULOGNE-VILLE;PARIS-NORD;150;150;0;17;88.66666666666667;7.823529411764706
2016-10;PARIS-BERCY;CLERMONT-FERRAND;208;206;2;27;86.89320388349515;6.62962962962963
2016-10;GRANVILLE;PARIS-VAUGIRARD;165;165;0;23;86.06060606060606;6.173913043478261
2016-10;NÎMES;CLERMONT-FERRAND;32;31;1;1;96.7741935483871;30.0
2016-10;BORDEAUX-ST-JEAN;LIMOGES;28;28;0;4;85.71428571428571;6.0
2016-10;MARSEILLE-ST-CHARLES;BORDEAUX-ST-JEAN;184;184;0;43;76.63043478260869;3.2790697674418605
2016-10;LIMOGES;PARIS-AUSTERLITZ;51;49;2;8;83.6734693877551;5.125
2016-10;PARIS-AUSTERLITZ;BRIVE/CAHORS;126;126;0;11;91.26984126984128;10.454545454545457
2016-10;TOULOUSE-MATABIAU/CERBERE;PARIS-AUSTERLITZ;80;79;1;23;70.8860759493671;2.4347826086956523
2016-10;BRIANÇON/NICE-VILLE;PARIS-AUSTERLITZ;45;44;1;10;77.27272727272728;3.4
2016-10;PARIS-AUSTERLITZ;BRIANÇON;25;23;2;5;78.26086956521739;3.6
2016-10;PARIS-ST-LAZARE;LE HAVRE;356;355;1;35;90.14084507042251;9.142857142857142
2016-10;PARIS-ST-LAZARE;ROUEN-RIVE-DROITE;292;290;2;25;91.3793103448276;10.6
2016-10;TOURS;CAEN;62;62;0;6;90.3225806451613;9.333333333333334
2016-10;MAUBEUGE;PARIS-NORD;295;295;0;18;93.89830508474576;15.38888888888889
2016-10;BOURGES;PARIS-AUSTERLITZ;130;130;0;16;87.6923076923077;7.125
2016-10;TROYES;PARIS-EST;260;254;6;22;91.33858267716536;10.545454545454543
2016-10;NEVERS;PARIS-BERCY;139;139;0;26;81.29496402877697;4.346153846153846
2016-10;PARIS-VAUGIRARD;GRANVILLE;163;163;0;22;86.50306748466258;6.409090909090909
2016-10;BÉZIERS;CLERMONT-FERRAND;62;62;0;5;91.93548387096774;11.4
2016-10;NANTES;LYON-PART-DIEU;67;66;1;7;89.39393939393939;8.428571428571429
2016-10;TOULOUSE-MATABIAU;HENDAYE;64;64;0;20;68.75;2.2
2016-10;BORDEAUX-ST-JEAN;NICE-VILLE;191;190;1;42;77.89473684210526;3.523809523809524
2016-10;PARIS-AUSTERLITZ;TOULOUSE-MATABIAU/CERBERE;94;94;0;14;85.1063829787234;5.714285714285714
2016-10;BOURG-ST-MAURICE/ST-GERVAIS;PARIS-AUSTERLITZ;0;0;0;0;0.0;0.0
2016-10;PARIS-AUSTERLITZ;BOURG-ST-MAURICE/ST-GERVAIS;0;0;0;0;0.0;0.0
2016-10;PARIS-AUSTERLITZ;ORLÉANS;315;313;2;62;80.19169329073483;4.048387096774194
2016-10;PARIS-NORD;MAUBEUGE;300;299;1;34;88.62876254180603;7.794117647058823
2016-10;CLERMONT-FERRAND;PARIS-BERCY;207;206;1;36;82.52427184466019;4.722222222222222
2016-10;PARIS-EST;BELFORT;129;129;0;6;95.34883720930232;20.5
2016-10;BELFORT;PARIS-EST;136;133;3;7;94.73684210526316;18.0
2016-10;CLERMONT-FERRAND;NÎMES;31;31;0;3;90.3225806451613;9.333333333333334
2016-10;LYON-PART-DIEU;NANTES;57;57;0;3;94.73684210526316;18.0
2016-10;NANTES;BORDEAUX-ST-JEAN;85;85;0;23;72.94117647058823;2.6956521739130435
2016-10;PARIS-AUSTERLITZ;CERBERE;56;53;3;5;90.56603773584904;9.6
2016-10;HENDAYE;PARIS-AUSTERLITZ;8;7;1;4;42.85714285714285;0.75
2016-10;AMIENS;PARIS-NORD;219;216;3;22;89.81481481481481;8.818181818181818
2016-10;PARIS-NORD;AMIENS;219;219;0;12;94.52054794520548;17.25
2016-10;CAEN;TOURS;57;57;0;4;92.98245614035088;13.25
2016-10;CHERBOURG;PARIS-ST-LAZARE;213;213;0;15;92.95774647887325;13.2
2016-10;CLERMONT-FERRAND;BÉZIERS;62;62;0;2;96.7741935483871;30.0
2016-10;LIMOGES;BORDEAUX-ST-JEAN;27;27;0;0;100.0;0.0
2016-10;HENDAYE;TOULOUSE-MATABIAU;51;50;1;2;96.0;24.0
2016-10;BRIVE/CAHORS;PARIS-AUSTERLITZ;134;134;0;20;85.07462686567165;5.7
2016-10;PARIS-AUSTERLITZ;TOULOUSE-MATABIAU/RODEZ;56;54;2;7;87.03703703703704;6.714285714285714
2016-10;PARIS-AUSTERLITZ;HENDAYE;6;6;0;6;0.0;0.0
2016-10;ORLÉANS;PARIS-AUSTERLITZ;326;324;2;65;79.93827160493828;3.9846153846153847
2016-10;CAEN;PARIS-ST-LAZARE;196;192;4;19;90.10416666666669;9.105263157894736
2016-10;PARIS-ST-LAZARE;CAEN;215;214;1;29;86.44859813084112;6.379310344827586
2016-10;TROUVILLE-DEAUVILLE;PARIS-ST-LAZARE;83;83;0;14;83.13253012048193;4.928571428571429
2016-10;LE HAVRE;PARIS-ST-LAZARE;357;356;1;23;93.53932584269664;14.478260869565217
2016-10;PARIS-NORD;BOULOGNE-VILLE;151;149;2;13;91.2751677852349;10.461538461538462
2016-10;TOURS;PARIS-AUSTERLITZ;112;112;0;29;74.10714285714286;2.862068965517241
2016-10;PARIS-AUSTERLITZ;TOURS;112;112;0;27;75.89285714285714;3.1481481481481484
2016-10;PARIS-AUSTERLITZ;BOURGES;142;142;0;11;92.25352112676056;11.909090909090908
2016-10;PARIS-EST;TROYES;235;231;4;24;89.6103896103896;8.625
2016-10;PARIS-BERCY;NEVERS;134;132;2;28;78.78787878787878;3.7142857142857135
2016-10;PARIS-ST-LAZARE;CHERBOURG;194;194;0;23;88.14432989690721;7.434782608695652
2016-10;BORDEAUX-ST-JEAN;NANTES;85;85;0;17;80.0;4.0
2016-10;PARIS-AUSTERLITZ;LIMOGES;50;50;0;11;78.0;3.5454545454545454
2016-10;TOULOUSE-MATABIAU/RODEZ;PARIS-AUSTERLITZ;56;52;4;3;94.23076923076924;16.333333333333332
2016-10;CERBERE;PARIS-AUSTERLITZ;55;52;3;7;86.53846153846153;6.428571428571429
2016-10;PARIS-AUSTERLITZ;NICE-VILLE;22;22;0;9;59.09090909090909;1.4444444444444444
2016-09;CAEN;PARIS-ST-LAZARE;186;184;2;18;90.21739130434784;9.22222222222222
2016-09;BOULOGNE-VILLE;PARIS-NORD;146;144;2;8;94.44444444444444;17.0
2016-09;MAUBEUGE;PARIS-NORD;293;292;1;6;97.94520547945206;47.66666666666666
2016-09;PARIS-AUSTERLITZ;TOURS;119;117;2;31;73.5042735042735;2.774193548387097
2016-09;BOURGES;PARIS-AUSTERLITZ;117;114;3;40;64.91228070175438;1.85
2016-09;PARIS-EST;TROYES;220;218;2;24;88.9908256880734;8.083333333333334
2016-09;NEVERS;PARIS-BERCY;156;156;0;17;89.1025641025641;8.176470588235293
2016-09;CLERMONT-FERRAND;PARIS-BERCY;228;228;0;19;91.66666666666669;11.0
2016-09;GRANVILLE;PARIS-VAUGIRARD;158;157;1;11;92.9936305732484;13.272727272727272
2016-09;PARIS-VAUGIRARD;GRANVILLE;160;160;0;11;93.125;13.545454545454543
2016-09;PARIS-AUSTERLITZ;BRIVE/CAHORS;139;139;0;11;92.0863309352518;11.636363636363637
2016-09;PARIS-AUSTERLITZ;TOULOUSE-MATABIAU;103;103;0;14;86.40776699029126;6.357142857142857
2016-09;PARIS-ST-LAZARE;LE HAVRE;342;337;5;49;85.45994065281899;5.877551020408164
2016-09;PARIS-ST-LAZARE;ROUEN-RIVE-DROITE;284;278;6;29;89.568345323741;8.586206896551724
2016-09;CAEN;TOURS;50;50;0;4;92.0;11.5
2016-09;PARIS-NORD;BOULOGNE-VILLE;146;146;0;7;95.2054794520548;19.857142857142858
2016-09;PARIS-AUSTERLITZ;BOURGES;119;117;2;10;91.45299145299144;10.7
2016-09;PARIS-EST;BELFORT;121;118;3;6;94.91525423728814;18.666666666666668
2016-09;NÎMES;CLERMONT-FERRAND;30;30;0;2;93.33333333333331;14.0
2016-09;BÉZIERS;CLERMONT-FERRAND;59;59;0;1;98.30508474576273;58.0
2016-09;LYON-PART-DIEU;NANTES;56;56;0;5;91.07142857142856;10.2
2016-09;TOULOUSE-MATABIAU;HENDAYE;115;114;1;30;73.6842105263158;2.8
2016-09;LIMOGES;PARIS-AUSTERLITZ;57;56;1;5;91.07142857142856;10.2
2016-09;BRIVE/CAHORS;PARIS-AUSTERLITZ;144;142;2;25;82.3943661971831;4.68
2016-09;HENDAYE;PARIS-AUSTERLITZ;15;15;0;4;73.33333333333333;2.75
2016-09;PARIS-AUSTERLITZ;BOURG-ST-MAURICE/ST-GERVAIS;23;21;2;2;90.47619047619048;9.5
2016-09;ORLÉANS;PARIS-AUSTERLITZ;346;342;4;81;76.3157894736842;3.2222222222222223
2016-09;PARIS-AUSTERLITZ;ORLÉANS;335;328;7;81;75.3048780487805;3.049382716049383
2016-09;PARIS-ST-LAZARE;CAEN;207;205;2;29;85.85365853658537;6.068965517241379
2016-09;LE HAVRE;PARIS-ST-LAZARE;345;339;6;48;85.84070796460176;6.0625
2016-09;ROUEN-RIVE-DROITE;PARIS-ST-LAZARE;317;308;9;26;91.55844155844156;10.846153846153848
2016-09;TOURS;PARIS-AUSTERLITZ;125;125;0;29;76.8;3.310344827586207
2016-09;PARIS-ST-LAZARE;CHERBOURG;195;193;2;24;87.56476683937824;7.041666666666667
2016-09;BELFORT;PARIS-EST;128;128;0;5;96.09375;24.6
2016-09;BORDEAUX-ST-JEAN;LIMOGES;28;27;1;7;74.07407407407408;2.857142857142857
2016-09;LIMOGES;BORDEAUX-ST-JEAN;28;28;0;4;85.71428571428571;6.0
2016-09;BORDEAUX-ST-JEAN;NANTES;90;88;2;17;80.68181818181819;4.176470588235294
2016-09;HENDAYE;TOULOUSE-MATABIAU;109;107;2;13;87.85046728971963;7.230769230769231
2016-09;BORDEAUX-ST-JEAN;NICE-VILLE;178;177;1;32;81.92090395480226;4.53125
2016-09;PARIS-AUSTERLITZ;LIMOGES;65;65;0;11;83.07692307692308;4.909090909090909
2016-09;TOULOUSE-MATABIAU/RODEZ;PARIS-AUSTERLITZ;61;60;1;0;100.0;0.0
2016-09;BRIANÇON/NICE-VILLE;PARIS-AUSTERLITZ;58;58;0;11;81.0344827586207;4.2727272727272725
2016-09;AMIENS;PARIS-NORD;221;220;1;9;95.9090909090909;23.444444444444443
2016-09;TOURS;CAEN;60;60;0;3;95.0;19.0
2016-09;TROYES;PARIS-EST;265;263;2;16;93.91634980988592;15.4375
2016-09;CHERBOURG;PARIS-ST-LAZARE;212;211;1;24;88.62559241706161;7.791666666666667
2016-09;CLERMONT-FERRAND;BÉZIERS;58;56;2;2;96.42857142857144;27.0
2016-09;NANTES;LYON-PART-DIEU;65;65;0;5;92.3076923076923;12.0
2016-09;NANTES;BORDEAUX-ST-JEAN;90;90;0;23;74.44444444444444;2.9130434782608696
2016-09;PARIS-AUSTERLITZ;HENDAYE;15;15;0;8;46.66666666666666;0.875
2016-09;PARIS-NORD;AMIENS;221;220;1;12;94.54545454545456;17.333333333333332
2016-09;TROUVILLE-DEAUVILLE;PARIS-ST-LAZARE;83;82;1;14;82.92682926829268;4.857142857142857
2016-09;PARIS-ST-LAZARE;TROUVILLE-DEAUVILLE;84;83;1;13;84.33734939759036;5.384615384615385
2016-09;PARIS-NORD;MAUBEUGE;298;296;2;24;91.89189189189187;11.333333333333334
2016-09;PARIS-BERCY;NEVERS;156;156;0;30;80.76923076923077;4.2
2016-09;PARIS-BERCY;CLERMONT-FERRAND;229;229;0;18;92.13973799126636;11.72222222222222
2016-09;CLERMONT-FERRAND;NÎMES;30;30;0;1;96.66666666666669;29.0
2016-09;MARSEILLE-ST-CHARLES;BORDEAUX-ST-JEAN;168;165;3;45;72.72727272727272;2.6666666666666665
2016-09;TOULOUSE-MATABIAU;PARIS-AUSTERLITZ;94;93;1;18;80.64516129032258;4.166666666666667
2016-09;PARIS-AUSTERLITZ;TOULOUSE-MATABIAU/RODEZ;61;61;0;2;96.72131147540983;29.5
2016-09;CERBERE;PARIS-AUSTERLITZ;45;45;0;5;88.88888888888889;8.0
2016-09;PARIS-AUSTERLITZ;CERBERE;48;46;2;6;86.95652173913044;6.666666666666667
2016-09;BOURG-ST-MAURICE/ST-GERVAIS;PARIS-AUSTERLITZ;25;23;2;0;100.0;0.0
2016-09;PARIS-AUSTERLITZ;BRIANÇON;29;27;2;7;74.07407407407408;2.857142857142857
2016-09;PARIS-AUSTERLITZ;NICE-VILLE;29;29;0;11;62.06896551724138;1.6363636363636365
2016-08;PARIS-NORD;MAUBEUGE;271;267;4;29;89.13857677902621;8.206896551724139
2016-08;TOURS;PARIS-AUSTERLITZ;126;125;1;23;81.6;4.434782608695652
2016-08;PARIS-AUSTERLITZ;BOURGES;122;120;2;20;83.33333333333333;5.0
2016-08;TROYES;PARIS-EST;220;217;3;29;86.63594470046083;6.482758620689655
2016-08;NEVERS;PARIS-BERCY;158;157;1;16;89.80891719745223;8.8125
2016-08;PARIS-ST-LAZARE;CHERBOURG;201;200;1;31;84.5;5.451612903225806
2016-08;GRANVILLE;PARIS-VAUGIRARD;163;162;1;16;90.12345679012346;9.125
2016-08;PARIS-EST;BELFORT;67;67;0;4;94.02985074626864;15.75
2016-08;BÉZIERS;CLERMONT-FERRAND;24;24;0;0;100.0;0.0
2016-08;BORDEAUX-ST-JEAN;NANTES;93;91;2;21;76.92307692307692;3.333333333333333
2016-08;NANTES;BORDEAUX-ST-JEAN;92;91;1;23;74.72527472527473;2.9565217391304346
2016-08;HENDAYE;TOULOUSE-MATABIAU;124;124;0;16;87.09677419354838;6.75
2016-08;LIMOGES;PARIS-AUSTERLITZ;56;55;1;7;87.27272727272728;6.857142857142857
2016-08;PARIS-AUSTERLITZ;BRIVE/CAHORS;143;143;0;35;75.52447552447552;3.085714285714286
2016-08;CERBERE;PARIS-AUSTERLITZ;13;13;0;0;100.0;0.0
2016-08;BOURG-ST-MAURICE/ST-GERVAIS;PARIS-AUSTERLITZ;26;26;0;0;100.0;0.0
2016-08;PARIS-NORD;AMIENS;185;185;0;12;93.51351351351352;14.416666666666666
2016-08;CAEN;PARIS-ST-LAZARE;193;193;0;23;88.08290155440415;7.391304347826087
2016-08;PARIS-ST-LAZARE;CAEN;210;208;2;29;86.0576923076923;6.172413793103448
2016-08;TROUVILLE-DEAUVILLE;PARIS-ST-LAZARE;122;121;1;15;87.60330578512396;7.066666666666666
2016-08;ROUEN-RIVE-DROITE;PARIS-ST-LAZARE;265;262;3;12;95.41984732824427;20.83333333333333
2016-08;TOURS;CAEN;62;61;1;3;95.08196721311477;19.33333333333333
2016-08;BELFORT;PARIS-EST;49;48;1;3;93.75;15.0
2016-08;CLERMONT-FERRAND;BÉZIERS;24;24;0;1;95.83333333333331;23.0
2016-08;BORDEAUX-ST-JEAN;NICE-VILLE;191;187;4;53;71.65775401069519;2.5283018867924527
2016-08;PARIS-AUSTERLITZ;LIMOGES;66;65;1;16;75.38461538461539;3.0625
2016-08;TOULOUSE-MATABIAU/RODEZ;PARIS-AUSTERLITZ;90;89;1;7;92.13483146067416;11.714285714285714
2016-08;PARIS-AUSTERLITZ;BOURG-ST-MAURICE/ST-GERVAIS;27;27;0;2;92.5925925925926;12.5
2016-08;ORLÉANS;PARIS-AUSTERLITZ;288;282;6;46;83.68794326241135;5.130434782608695
2016-08;PARIS-AUSTERLITZ;ORLÉANS;286;282;4;88;68.79432624113475;2.2045454545454546
2016-08;PARIS-AUSTERLITZ;TOURS;122;119;3;28;76.47058823529412;3.25
2016-08;BOURGES;PARIS-AUSTERLITZ;122;121;1;21;82.64462809917356;4.761904761904762
2016-08;CLERMONT-FERRAND;PARIS-BERCY;215;214;1;31;85.51401869158879;5.903225806451613
2016-08;CHERBOURG;PARIS-ST-LAZARE;222;219;3;15;93.15068493150685;13.6
2016-08;LYON-PART-DIEU;NANTES;58;57;1;7;87.71929824561403;7.142857142857143
2016-08;BORDEAUX-ST-JEAN;LIMOGES;31;31;0;1;96.7741935483871;30.0
2016-08;LIMOGES;BORDEAUX-ST-JEAN;31;31;0;0;100.0;0.0
2016-08;TOULOUSE-MATABIAU;PARIS-AUSTERLITZ;72;72;0;17;76.38888888888889;3.235294117647059
2016-08;HENDAYE;PARIS-AUSTERLITZ;30;30;0;4;86.66666666666667;6.5
2016-08;BOULOGNE-VILLE;PARIS-NORD;146;144;2;16;88.88888888888889;8.0
2016-08;PARIS-NORD;BOULOGNE-VILLE;146;145;1;10;93.10344827586206;13.5
2016-08;MAUBEUGE;PARIS-NORD;267;260;7;16;93.84615384615384;15.25
2016-08;PARIS-EST;TROYES;218;218;0;38;82.56880733944953;4.7368421052631575
2016-08;PARIS-VAUGIRARD;GRANVILLE;162;161;1;15;90.6832298136646;9.733333333333333
2016-08;CLERMONT-FERRAND;NÎMES;19;19;0;2;89.47368421052632;8.5
2016-08;NÎMES;CLERMONT-FERRAND;18;17;1;6;64.70588235294117;1.8333333333333333
2016-08;NANTES;LYON-PART-DIEU;65;65;0;3;95.3846153846154;20.666666666666668
2016-08;BRIVE/CAHORS;PARIS-AUSTERLITZ;151;150;1;21;86.0;6.142857142857143
2016-08;PARIS-AUSTERLITZ;CERBERE;26;22;4;2;90.9090909090909;10.0
2016-08;PARIS-AUSTERLITZ;HENDAYE;30;30;0;4;86.66666666666667;6.5
2016-08;PARIS-AUSTERLITZ;BRIANÇON;30;30;0;7;76.66666666666667;3.2857142857142856
2016-08;AMIENS;PARIS-NORD;188;188;0;12;93.61702127659576;14.666666666666666
2016-08;PARIS-ST-LAZARE;TROUVILLE-DEAUVILLE;125;123;2;27;78.04878048780488;3.555555555555556
2016-08;LE HAVRE;PARIS-ST-LAZARE;305;305;0;27;91.14754098360656;10.296296296296296
2016-08;PARIS-ST-LAZARE;LE HAVRE;304;304;0;39;87.17105263157895;6.794871794871795
2016-08;PARIS-ST-LAZARE;ROUEN-RIVE-DROITE;251;247;4;26;89.47368421052632;8.5
2016-08;CAEN;TOURS;67;65;2;5;92.3076923076923;12.0
2016-08;PARIS-BERCY;NEVERS;157;155;2;20;87.09677419354838;6.75
2016-08;PARIS-BERCY;CLERMONT-FERRAND;214;213;1;15;92.95774647887325;13.2
2016-08;TOULOUSE-MATABIAU;HENDAYE;124;124;0;19;84.6774193548387;5.526315789473684
2016-08;MARSEILLE-ST-CHARLES;BORDEAUX-ST-JEAN;183;179;4;80;55.3072625698324;1.2375
2016-08;PARIS-AUSTERLITZ;TOULOUSE-MATABIAU;75;74;1;15;79.72972972972973;3.933333333333333
2016-08;PARIS-AUSTERLITZ;TOULOUSE-MATABIAU/RODEZ;88;84;4;16;80.95238095238095;4.25
2016-08;BRIANÇON/NICE-VILLE;PARIS-AUSTERLITZ;59;59;0;14;76.27118644067797;3.2142857142857144
2016-08;PARIS-AUSTERLITZ;NICE-VILLE;30;30;0;1;96.66666666666669;29.0
2016-07;PARIS-ST-LAZARE;ROUEN-RIVE-DROITE;251;251;0;25;90.0398406374502;9.04
2016-07;MAUBEUGE;PARIS-NORD;254;249;5;20;91.96787148594376;11.45
2016-07;PARIS-NORD;MAUBEUGE;262;256;6;39;84.765625;5.564102564102564
2016-07;CLERMONT-FERRAND;NÎMES;30;29;1;3;89.65517241379311;8.666666666666666
2016-07;NÎMES;CLERMONT-FERRAND;30;29;1;12;58.62068965517241;1.4166666666666667
2016-07;BÉZIERS;CLERMONT-FERRAND;55;54;1;0;100.0;0.0
2016-07;LIMOGES;BORDEAUX-ST-JEAN;31;31;0;2;93.5483870967742;14.5
2016-07;TOULOUSE-MATABIAU;HENDAYE;122;122;0;25;79.50819672131148;3.88
2016-07;LIMOGES;PARIS-AUSTERLITZ;57;56;1;9;83.92857142857143;5.222222222222222
2016-07;BRIVE/CAHORS;PARIS-AUSTERLITZ;149;147;2;25;82.99319727891157;4.88
2016-07;BRIANÇON/NICE-VILLE;PARIS-AUSTERLITZ;61;61;0;9;85.24590163934427;5.777777777777778
2016-07;PARIS-AUSTERLITZ;NICE-VILLE;30;28;2;11;60.71428571428572;1.5454545454545454
2016-07;PARIS-NORD;AMIENS;172;170;2;12;92.94117647058825;13.166666666666666
2016-07;PARIS-AUSTERLITZ;ORLÉANS;270;260;10;96;63.07692307692308;1.7083333333333333
2016-07;PARIS-ST-LAZARE;LE HAVRE;295;292;3;33;88.6986301369863;7.848484848484849
2016-07;ROUEN-RIVE-DROITE;PARIS-ST-LAZARE;263;263;0;15;94.29657794676804;16.533333333333335
2016-07;CAEN;TOURS;67;67;0;12;82.08955223880596;4.583333333333333
2016-07;PARIS-AUSTERLITZ;TOURS;123;122;1;32;73.77049180327869;2.8125
2016-07;GRANVILLE;PARIS-VAUGIRARD;167;165;2;19;88.48484848484848;7.684210526315789
2016-07;PARIS-EST;BELFORT;94;94;0;6;93.61702127659576;14.666666666666666
2016-07;CLERMONT-FERRAND;BÉZIERS;54;53;1;2;96.22641509433964;25.5
2016-07;MARSEILLE-ST-CHARLES;BORDEAUX-ST-JEAN;186;184;2;69;62.5;1.6666666666666667
2016-07;TOULOUSE-MATABIAU/CERBERE;PARIS-AUSTERLITZ;98;98;0;23;76.53061224489795;3.260869565217391
2016-07;PARIS-AUSTERLITZ;CERBERE;22;21;1;4;80.95238095238095;4.25
2016-07;BOURG-ST-MAURICE/ST-GERVAIS;PARIS-AUSTERLITZ;31;31;0;3;90.3225806451613;9.333333333333334
2016-07;CAEN;PARIS-ST-LAZARE;193;192;1;18;90.625;9.666666666666666
2016-07;BOULOGNE-VILLE;PARIS-NORD;141;139;2;20;85.61151079136691;5.95
2016-07;TOURS;PARIS-AUSTERLITZ;130;130;0;43;66.92307692307692;2.0232558139534884
2016-07;PARIS-BERCY;NEVERS;152;151;1;19;87.41721854304636;6.947368421052632
2016-07;PARIS-ST-LAZARE;CHERBOURG;200;200;0;30;85.0;5.666666666666667
2016-07;BELFORT;PARIS-EST;88;87;1;11;87.35632183908046;6.909090909090909
2016-07;LYON-PART-DIEU;NANTES;57;57;0;8;85.96491228070175;6.125
2016-07;NANTES;LYON-PART-DIEU;66;62;4;7;88.70967741935483;7.857142857142857
2016-07;BORDEAUX-ST-JEAN;LIMOGES;31;31;0;1;96.7741935483871;30.0
2016-07;BORDEAUX-ST-JEAN;NICE-VILLE;195;191;4;56;70.68062827225131;2.4107142857142856
2016-07;PARIS-AUSTERLITZ;BRIVE/CAHORS;139;138;1;27;80.43478260869566;4.111111111111111
2016-07;CERBERE;PARIS-AUSTERLITZ;16;16;0;1;93.75;15.0
2016-07;PARIS-AUSTERLITZ;BRIANÇON;31;31;0;6;80.64516129032258;4.166666666666667
2016-07;AMIENS;PARIS-NORD;176;174;2;23;86.7816091954023;6.565217391304348
2016-07;TROUVILLE-DEAUVILLE;PARIS-ST-LAZARE;137;137;0;9;93.43065693430655;14.22222222222222
2016-07;LE HAVRE;PARIS-ST-LAZARE;300;298;2;19;93.6241610738255;14.68421052631579
2016-07;PARIS-NORD;BOULOGNE-VILLE;142;141;1;15;89.36170212765957;8.4
2016-07;PARIS-EST;TROYES;186;184;2;36;80.43478260869566;4.111111111111111
2016-07;PARIS-BERCY;CLERMONT-FERRAND;213;213;0;16;92.48826291079811;12.3125
2016-07;CHERBOURG;PARIS-ST-LAZARE;213;212;1;13;93.86792452830188;15.307692307692308
2016-07;PARIS-VAUGIRARD;GRANVILLE;167;166;1;13;92.1686746987952;11.76923076923077
2016-07;BORDEAUX-ST-JEAN;NANTES;93;93;0;17;81.72043010752688;4.470588235294118
2016-07;HENDAYE;TOULOUSE-MATABIAU;116;116;0;10;91.3793103448276;10.6
2016-07;PARIS-AUSTERLITZ;TOULOUSE-MATABIAU/CERBERE;110;110;0;24;78.18181818181819;3.583333333333333
2016-07;TOULOUSE-MATABIAU/RODEZ;PARIS-AUSTERLITZ;91;91;0;6;93.4065934065934;14.166666666666666
2016-07;HENDAYE;PARIS-AUSTERLITZ;26;26;0;4;84.61538461538461;5.5
2016-07;PARIS-AUSTERLITZ;HENDAYE;26;25;1;8;68.0;2.125
2016-07;PARIS-AUSTERLITZ;BOURG-ST-MAURICE/ST-GERVAIS;30;30;0;1;96.66666666666669;29.0
2016-07;ORLÉANS;PARIS-AUSTERLITZ;276;263;13;79;69.96197718631178;2.329113924050633
2016-07;PARIS-ST-LAZARE;CAEN;217;215;2;41;80.93023255813954;4.243902439024391
2016-07;PARIS-ST-LAZARE;TROUVILLE-DEAUVILLE;125;124;1;28;77.41935483870968;3.4285714285714284
2016-07;TOURS;CAEN;62;61;1;11;81.9672131147541;4.545454545454546
2016-07;BOURGES;PARIS-AUSTERLITZ;124;124;0;36;70.96774193548387;2.4444444444444446
2016-07;PARIS-AUSTERLITZ;BOURGES;124;124;0;16;87.09677419354838;6.75
2016-07;TROYES;PARIS-EST;239;237;2;36;84.81012658227849;5.583333333333333
2016-07;NEVERS;PARIS-BERCY;153;153;0;16;89.54248366013071;8.5625
2016-07;CLERMONT-FERRAND;PARIS-BERCY;212;209;3;32;84.68899521531101;5.53125
2016-07;NANTES;BORDEAUX-ST-JEAN;93;93;0;23;75.26881720430107;3.0434782608695654
2016-07;PARIS-AUSTERLITZ;LIMOGES;67;66;1;11;83.33333333333333;5.0
2016-07;PARIS-AUSTERLITZ;TOULOUSE-MATABIAU/RODEZ;91;91;0;8;91.2087912087912;10.375
2016-06;BÉZIERS;CLERMONT-FERRAND;20;19;1;2;89.47368421052632;8.5
2016-06;BORDEAUX-ST-JEAN;NICE-VILLE;112;108;4;29;73.14814814814815;2.7241379310344827
2016-06;CLERMONT-FERRAND;NÎMES;10;10;0;1;90.0;9.0
2016-06;CLERMONT-FERRAND;PARIS-BERCY;121;120;1;46;61.66666666666666;1.608695652173913
2016-06;LE HAVRE;PARIS-ST-LAZARE;239;238;1;70;70.58823529411765;2.4
2016-06;NANTES;LYON-PART-DIEU;29;28;1;4;85.71428571428571;6.0
2016-06;NÎMES;CLERMONT-FERRAND;11;11;0;3;72.72727272727272;2.6666666666666665
2016-06;ORLÉANS;PARIS-AUSTERLITZ;165;165;0;37;77.57575757575758;3.45945945945946
2016-06;PARIS-AUSTERLITZ;ORLÉANS;159;159;0;45;71.69811320754717;2.533333333333333
2016-06;PARIS-AUSTERLITZ;TOURS;85;85;0;30;64.70588235294117;1.8333333333333333
2016-06;PARIS-NORD;AMIENS;133;132;1;37;71.96969696969697;2.5675675675675675
2016-06;PARIS-ST-LAZARE;CHERBOURG;135;135;0;39;71.11111111111111;2.4615384615384617
2016-06;PARIS-VAUGIRARD;GRANVILLE;93;93;0;35;62.36559139784946;1.6571428571428573
2016-06;TROUVILLE-DEAUVILLE;PARIS-ST-LAZARE;43;43;0;10;76.74418604651163;3.3
2016-06;BELFORT;PARIS-EST;77;76;1;23;69.73684210526315;2.3043478260869565
2016-06;CAEN;TOURS;25;25;0;2;92.0;11.5
2016-06;PARIS-BERCY;CLERMONT-FERRAND;128;127;1;38;70.07874015748031;2.3421052631578947
2016-06;PARIS-BERCY;NEVERS;72;70;2;36;48.57142857142857;0.9444444444444444
2016-06;PARIS-NORD;MAUBEUGE;159;155;4;28;81.93548387096774;4.535714285714286
2016-06;PARIS-ST-LAZARE;CAEN;135;134;1;25;81.34328358208955;4.36
2016-06;ROUEN;PARIS-ST-LAZARE;167;166;1;22;86.74698795180723;6.545454545454546
2016-06;TOULOUSE-MATABIAU;HENDAYE;32;30;2;5;83.33333333333333;5.0
2016-06;BORDEAUX-ST-JEAN;NANTES;51;51;0;23;54.90196078431372;1.2173913043478262
2016-06;BOULOGNE-VILLE;PARIS-NORD;74;72;2;15;79.16666666666667;3.8
2016-06;HENDAYE;TOULOUSE-MATABIAU;32;30;2;5;83.33333333333333;5.0
2016-06;LYON-PART-DIEU;NANTES;24;23;1;2;91.30434782608695;10.5
2016-06;PARIS-NORD;BOULOGNE-VILLE;73;73;0;6;91.78082191780824;11.166666666666666
2016-06;PARIS-ST-LAZARE;ROUEN;174;172;2;22;87.20930232558139;6.818181818181818
2016-06;AMIENS;PARIS-NORD;125;124;1;10;91.93548387096774;11.4
2016-06;CAEN;PARIS-ST-LAZARE;129;129;0;24;81.3953488372093;4.375
2016-06;GRANVILLE;PARIS-VAUGIRARD;96;96;0;21;78.125;3.571428571428572
2016-06;LIMOGES;BORDEAUX-ST-JEAN;10;10;0;2;80.0;4.0
2016-06;MAUBEUGE;PARIS-NORD;165;160;5;12;92.5;12.333333333333334
2016-06;NICE-VILLE;BORDEAUX-ST-JEAN;108;105;3;61;41.90476190476191;0.7213114754098361
2016-06;PARIS-EST;BELFORT;76;75;1;27;64.0;1.7777777777777777
2016-06;BORDEAUX-ST-JEAN;LIMOGES;10;10;0;2;80.0;4.0
2016-06;BOURGES;PARIS-AUSTERLITZ;55;55;0;13;76.36363636363636;3.230769230769231
2016-06;CERBERE;PARIS-AUSTERLITZ;8;7;1;1;85.71428571428571;6.0
2016-06;CHERBOURG;PARIS-ST-LAZARE;142;141;1;35;75.177304964539;3.0285714285714285
2016-06;CLERMONT-FERRAND;BÉZIERS;20;18;2;2;88.88888888888889;8.0
2016-06;NANTES;BORDEAUX-ST-JEAN;49;48;1;8;83.33333333333333;5.0
2016-06;NEVERS;PARIS-BERCY;68;65;3;26;60.0;1.5
2016-06;PARIS-AUSTERLITZ;CERBERE;8;8;0;3;62.5;1.6666666666666667
2016-06;PARIS-AUSTERLITZ;BOURGES;57;57;0;8;85.96491228070175;6.125
2016-06;PARIS-EST;TROYES;137;133;4;30;77.44360902255639;3.433333333333333
2016-06;PARIS-ST-LAZARE;LE HAVRE;241;240;1;57;76.25;3.210526315789474
2016-06;PARIS-ST-LAZARE;TROUVILLE-DEAUVILLE;42;41;1;5;87.8048780487805;7.2
2016-06;TOURS;CAEN;28;28;0;3;89.28571428571429;8.333333333333334
2016-06;TOURS;PARIS-AUSTERLITZ;90;90;0;34;62.22222222222222;1.6470588235294117
2016-06;TROYES;PARIS-EST;162;158;4;32;79.74683544303798;3.9375
2016-05;AMIENS;PARIS-NORD;190;189;1;28;85.18518518518519;5.75
2016-05;CERBERE;PARIS-AUSTERLITZ;19;19;0;4;78.94736842105263;3.75
2016-05;CLERMONT-FERRAND;NÎMES;27;27;0;0;100.0;0.0
2016-05;CLERMONT-FERRAND;BÉZIERS;54;54;0;0;100.0;0.0
2016-05;PARIS-AUSTERLITZ;CERBERE;19;19;0;1;94.73684210526316;18.0
2016-05;PARIS-NORD;AMIENS;193;192;1;37;80.72916666666667;4.1891891891891895
2016-05;PARIS-ST-LAZARE;LE HAVRE;322;322;0;63;80.43478260869566;4.111111111111111
2016-05;PARIS-VAUGIRARD;GRANVILLE;149;145;4;24;83.44827586206897;5.041666666666667
2016-05;TOULOUSE-MATABIAU;HENDAYE;93;91;2;32;64.83516483516483;1.84375
2016-05;BORDEAUX-ST-JEAN;NICE-VILLE;173;170;3;38;77.64705882352942;3.473684210526316
2016-05;BORDEAUX-ST-JEAN;LIMOGES;23;23;0;4;82.6086956521739;4.75
2016-05;HENDAYE;TOULOUSE-MATABIAU;85;79;6;17;78.48101265822785;3.647058823529412
2016-05;LYON-PART-DIEU;NANTES;48;48;0;7;85.41666666666667;5.857142857142857
2016-05;NANTES;BORDEAUX-ST-JEAN;80;80;0;17;78.75;3.7058823529411766
2016-05;NICE-VILLE;BORDEAUX-ST-JEAN;167;164;3;33;79.8780487804878;3.9696969696969697
2016-05;ORLÉANS;PARIS-AUSTERLITZ;271;270;1;64;76.2962962962963;3.21875
2016-05;PARIS-AUSTERLITZ;TOURS;118;117;1;17;85.47008547008546;5.882352941176471
2016-05;PARIS-ST-LAZARE;ROUEN;255;251;4;25;90.0398406374502;9.04
2016-05;TROYES;PARIS-EST;236;231;5;46;80.08658008658008;4.021739130434782
2016-05;BÉZIERS;CLERMONT-FERRAND;54;54;0;0;100.0;0.0
2016-05;BOULOGNE-VILLE;PARIS-NORD;140;136;4;21;84.55882352941177;5.476190476190476
2016-05;BOURGES;PARIS-AUSTERLITZ;106;104;2;14;86.53846153846153;6.428571428571429
2016-05;CAEN;TOURS;58;57;1;11;80.7017543859649;4.181818181818182
2016-05;CAEN;PARIS-ST-LAZARE;188;187;1;18;90.37433155080214;9.38888888888889
2016-05;GRANVILLE;PARIS-VAUGIRARD;155;151;4;21;86.09271523178808;6.190476190476191
2016-05;MAUBEUGE;PARIS-NORD;255;251;4;18;92.82868525896414;12.944444444444445
2016-05;NÎMES;CLERMONT-FERRAND;27;27;0;2;92.5925925925926;12.5
2016-05;PARIS-EST;BELFORT;108;108;0;18;83.33333333333333;5.0
2016-05;PARIS-EST;TROYES;200;198;2;45;77.27272727272728;3.4
2016-05;PARIS-NORD;BOULOGNE-VILLE;136;132;4;22;83.33333333333333;5.0
2016-05;PARIS-ST-LAZARE;CAEN;202;201;1;27;86.56716417910448;6.444444444444445
2016-05;TOURS;PARIS-AUSTERLITZ;123;123;0;20;83.73983739837398;5.15
2016-05;BELFORT;PARIS-EST;110;109;1;25;77.06422018348624;3.36
2016-05;BORDEAUX-ST-JEAN;NANTES;79;78;1;26;66.66666666666666;2.0
2016-05;CHERBOURG;PARIS-ST-LAZARE;192;190;2;21;88.94736842105263;8.047619047619047
2016-05;LIMOGES;BORDEAUX-ST-JEAN;23;23;0;3;86.95652173913044;6.666666666666667
2016-05;PARIS-AUSTERLITZ;ORLÉANS;264;261;3;65;75.09578544061303;3.015384615384616
2016-05;PARIS-AUSTERLITZ;BOURGES;100;98;2;13;86.73469387755102;6.538461538461538
2016-05;PARIS-BERCY;CLERMONT-FERRAND;169;169;0;43;74.55621301775147;2.9302325581395348
2016-05;PARIS-BERCY;NEVERS;117;117;0;24;79.48717948717949;3.875
2016-05;PARIS-ST-LAZARE;CHERBOURG;181;181;0;35;80.66298342541437;4.171428571428572
2016-05;PARIS-ST-LAZARE;TROUVILLE-DEAUVILLE;75;74;1;10;86.48648648648648;6.4
2016-05;ROUEN;PARIS-ST-LAZARE;268;262;6;18;93.12977099236642;13.555555555555555
2016-05;CLERMONT-FERRAND;PARIS-BERCY;172;172;0;38;77.90697674418604;3.526315789473684
2016-05;LE HAVRE;PARIS-ST-LAZARE;326;326;0;66;79.75460122699387;3.939393939393939
2016-05;NANTES;LYON-PART-DIEU;58;58;0;3;94.82758620689656;18.33333333333333
2016-05;NEVERS;PARIS-BERCY;116;115;1;17;85.21739130434783;5.764705882352941
2016-05;PARIS-NORD;MAUBEUGE;262;259;3;24;90.73359073359072;9.791666666666666
2016-05;TOURS;CAEN;55;54;1;7;87.03703703703704;6.714285714285714
2016-05;TROUVILLE-DEAUVILLE;PARIS-ST-LAZARE;73;72;1;7;90.27777777777776;9.285714285714286
2016-04;BÉZIERS;CLERMONT-FERRAND;48;47;1;0;100.0;0.0
2016-04;BORDEAUX-ST-JEAN;NANTES;87;87;0;16;81.60919540229885;4.4375
2016-04;BOULOGNE-VILLE;PARIS-NORD;134;131;3;24;81.6793893129771;4.458333333333333
2016-04;HENDAYE;TOULOUSE-MATABIAU;103;100;3;10;90.0;9.0
2016-04;LYON-PART-DIEU;NANTES;55;54;1;5;90.74074074074072;9.8
2016-04;MAUBEUGE;PARIS-NORD;270;260;10;28;89.23076923076923;8.285714285714286
2016-04;PARIS-AUSTERLITZ;CERBERE;23;23;0;1;95.65217391304348;22.0
2016-04;PARIS-AUSTERLITZ;ORLÉANS;267;264;3;44;83.33333333333333;5.0
2016-04;PARIS-EST;TROYES;221;221;0;21;90.49773755656108;9.523809523809524
2016-04;PARIS-NORD;AMIENS;204;204;0;13;93.62745098039215;14.692307692307692
2016-04;PARIS-NORD;MAUBEUGE;277;272;5;32;88.23529411764706;7.5
2016-04;PARIS-ST-LAZARE;CAEN;205;205;0;36;82.4390243902439;4.694444444444445
2016-04;PARIS-ST-LAZARE;CHERBOURG;188;188;0;25;86.70212765957447;6.52
2016-04;ROUEN;PARIS-ST-LAZARE;307;300;7;20;93.33333333333331;14.0
2016-04;TOURS;PARIS-AUSTERLITZ;115;114;1;7;93.859649122807;15.285714285714286
2016-04;CAEN;TOURS;62;62;0;12;80.64516129032258;4.166666666666667
2016-04;CERBERE;PARIS-AUSTERLITZ;23;23;0;1;95.65217391304348;22.0
2016-04;CLERMONT-FERRAND;BÉZIERS;48;47;1;1;97.87234042553192;46.0
2016-04;GRANVILLE;PARIS-VAUGIRARD;153;153;0;19;87.58169934640523;7.052631578947368
2016-04;PARIS-AUSTERLITZ;TOURS;112;111;1;26;76.57657657657657;3.269230769230769
2016-04;PARIS-ST-LAZARE;ROUEN;275;272;3;30;88.97058823529412;8.066666666666666
2016-04;PARIS-VAUGIRARD;GRANVILLE;156;154;2;19;87.66233766233766;7.105263157894737
2016-04;TOURS;CAEN;58;58;0;5;91.3793103448276;10.6
2016-04;BORDEAUX-ST-JEAN;NICE-VILLE;167;167;0;21;87.42514970059881;6.9523809523809526
2016-04;BORDEAUX-ST-JEAN;LIMOGES;16;16;0;1;93.75;15.0
2016-04;CAEN;PARIS-ST-LAZARE;184;183;1;23;87.43169398907104;6.956521739130435
2016-04;CLERMONT-FERRAND;PARIS-BERCY;217;217;0;28;87.09677419354838;6.75
2016-04;NICE-VILLE;BORDEAUX-ST-JEAN;157;156;1;31;80.12820512820512;4.032258064516129
2016-04;ORLÉANS;PARIS-AUSTERLITZ;278;276;2;57;79.34782608695653;3.842105263157895
2016-04;PARIS-AUSTERLITZ;BOURGES;112;112;0;6;94.64285714285714;17.666666666666668
2016-04;PARIS-NORD;BOULOGNE-VILLE;135;133;2;19;85.71428571428571;6.0
2016-04;PARIS-ST-LAZARE;LE HAVRE;346;345;1;73;78.84057971014492;3.7260273972602738
2016-04;TROUVILLE-DEAUVILLE;PARIS-ST-LAZARE;80;80;0;3;96.25;25.666666666666668
2016-04;AMIENS;PARIS-NORD;203;203;0;26;87.19211822660098;6.807692307692308
2016-04;CHERBOURG;PARIS-ST-LAZARE;202;200;2;11;94.5;17.181818181818183
2016-04;CLERMONT-FERRAND;NÎMES;29;29;0;0;100.0;0.0
2016-04;NANTES;LYON-PART-DIEU;63;62;1;3;95.16129032258064;19.666666666666668
2016-04;NÎMES;CLERMONT-FERRAND;20;20;0;1;95.0;19.0
2016-04;PARIS-ST-LAZARE;TROUVILLE-DEAUVILLE;72;71;1;12;83.09859154929578;4.916666666666667
2016-04;TROYES;PARIS-EST;247;244;3;16;93.44262295081968;14.25
2016-04;BELFORT;PARIS-EST;127;126;1;7;94.44444444444444;17.0
2016-04;BOURGES;PARIS-AUSTERLITZ;110;109;1;19;82.56880733944953;4.7368421052631575
2016-04;LE HAVRE;PARIS-ST-LAZARE;341;339;2;34;89.97050147492625;8.970588235294118
2016-04;LIMOGES;BORDEAUX-ST-JEAN;26;26;0;2;92.3076923076923;12.0
2016-04;NANTES;BORDEAUX-ST-JEAN;87;87;0;19;78.16091954022988;3.5789473684210527
2016-04;NEVERS;PARIS-BERCY;145;145;0;15;89.65517241379311;8.666666666666666
2016-04;PARIS-BERCY;CLERMONT-FERRAND;218;216;2;35;83.7962962962963;5.171428571428572
2016-04;PARIS-BERCY;NEVERS;140;139;1;16;88.48920863309353;7.6875
2016-04;PARIS-EST;BELFORT;122;122;0;8;93.44262295081968;14.25
2016-04;TOULOUSE-MATABIAU;HENDAYE;103;102;1;22;78.43137254901961;3.636363636363636
2016-03;BORDEAUX-ST-JEAN;NICE-VILLE;183;177;6;32;81.92090395480226;4.53125
2016-03;BOURGES;PARIS-AUSTERLITZ;108;105;3;9;91.42857142857144;10.666666666666666
2016-03;PARIS-BERCY;NEVERS;133;132;1;16;87.87878787878788;7.25
2016-03;PARIS-EST;BELFORT;124;122;2;9;92.62295081967213;12.555555555555555
2016-03;PARIS-ST-LAZARE;LE HAVRE;348;347;1;37;89.33717579250721;8.378378378378379
2016-03;PARIS-VAUGIRARD;GRANVILLE;155;155;0;11;92.90322580645162;13.090909090909092
2016-03;TOULOUSE-MATABIAU;HENDAYE;52;50;2;8;84.0;5.25
2016-03;TROUVILLE-DEAUVILLE;PARIS-ST-LAZARE;76;74;2;8;89.1891891891892;8.25
2016-03;BORDEAUX-ST-JEAN;NANTES;84;82;2;41;50.0;1.0
2016-03;BOULOGNE-VILLE;PARIS-NORD;138;135;3;23;82.96296296296296;4.869565217391305
2016-03;LYON-PART-DIEU;NANTES;95;93;2;11;88.17204301075269;7.454545454545454
2016-03;MAUBEUGE;PARIS-NORD;281;277;4;30;89.16967509025271;8.233333333333333
2016-03;NICE-VILLE;BORDEAUX-ST-JEAN;174;170;4;40;76.47058823529412;3.25
2016-03;NÎMES;CLERMONT-FERRAND;29;29;0;0;100.0;0.0
2016-03;PARIS-BERCY;CLERMONT-FERRAND;214;213;1;27;87.32394366197182;6.888888888888889
2016-03;PARIS-NORD;AMIENS;111;111;0;25;77.47747747747748;3.44
2016-03;TROYES;PARIS-EST;253;251;2;11;95.61752988047807;21.818181818181817
2016-03;BELFORT;PARIS-EST;126;124;2;7;94.35483870967742;16.714285714285715
2016-03;BÉZIERS;CLERMONT-FERRAND;29;28;1;1;96.42857142857144;27.0
2016-03;BORDEAUX-ST-JEAN;LIMOGES;27;27;0;3;88.88888888888889;8.0
2016-03;CAEN;PARIS-ST-LAZARE;189;188;1;20;89.36170212765957;8.4
2016-03;CERBERE;PARIS-AUSTERLITZ;23;23;0;0;100.0;0.0
2016-03;LE HAVRE;PARIS-ST-LAZARE;334;334;0;31;90.71856287425148;9.774193548387096
2016-03;PARIS-AUSTERLITZ;TOURS;100;99;1;24;75.75757575757575;3.125
2016-03;PARIS-ST-LAZARE;CAEN;206;204;2;27;86.76470588235294;6.555555555555555
2016-03;PARIS-ST-LAZARE;CHERBOURG;193;192;1;24;87.5;7.0
2016-03;TOURS;PARIS-AUSTERLITZ;101;100;1;13;87.0;6.6923076923076925
2016-03;CAEN;TOURS;63;62;1;1;98.38709677419357;61.0
2016-03;CLERMONT-FERRAND;BÉZIERS;52;51;1;1;98.03921568627452;50.0
2016-03;LIMOGES;BORDEAUX-ST-JEAN;28;27;1;1;96.29629629629628;26.0
2016-03;NANTES;BORDEAUX-ST-JEAN;83;81;2;58;28.395061728395063;0.396551724137931
2016-03;NEVERS;PARIS-BERCY;140;138;2;17;87.68115942028986;7.117647058823529
2016-03;ORLÉANS;PARIS-AUSTERLITZ;303;301;2;74;75.41528239202658;3.0675675675675675
2016-03;PARIS-AUSTERLITZ;BOURGES;113;110;3;8;92.72727272727272;12.75
2016-03;PARIS-EST;TROYES;218;218;0;17;92.20183486238533;11.823529411764708
2016-03;PARIS-NORD;MAUBEUGE;233;231;2;31;86.58008658008657;6.451612903225806
2016-03;PARIS-NORD;BOULOGNE-VILLE;136;135;1;16;88.14814814814815;7.4375
2016-03;PARIS-ST-LAZARE;ROUEN;269;268;1;20;92.53731343283582;12.4
2016-03;ROUEN;PARIS-ST-LAZARE;289;288;1;22;92.36111111111111;12.090909090909092
2016-03;AMIENS;PARIS-NORD;116;115;1;23;80.0;4.0
2016-03;CHERBOURG;PARIS-ST-LAZARE;191;189;2;21;88.88888888888889;8.0
2016-03;CLERMONT-FERRAND;NÎMES;29;28;1;0;100.0;0.0
2016-03;CLERMONT-FERRAND;PARIS-BERCY;215;215;0;29;86.51162790697674;6.413793103448276
2016-03;GRANVILLE;PARIS-VAUGIRARD;155;153;2;14;90.84967320261438;9.928571428571429
2016-03;HENDAYE;TOULOUSE-MATABIAU;78;78;0;8;89.74358974358974;8.75
2016-03;NANTES;LYON-PART-DIEU;16;16;0;0;100.0;0.0
2016-03;PARIS-AUSTERLITZ;CERBERE;23;23;0;2;91.30434782608695;10.5
2016-03;PARIS-AUSTERLITZ;ORLÉANS;291;290;1;51;82.41379310344828;4.686274509803922
2016-03;PARIS-ST-LAZARE;TROUVILLE-DEAUVILLE;77;76;1;18;76.3157894736842;3.2222222222222223
2016-03;TOURS;CAEN;58;57;1;5;91.2280701754386;10.4
2016-02;BÉZIERS;CLERMONT-FERRAND;29;29;0;2;93.10344827586206;13.5
2016-02;CERBERE;PARIS-AUSTERLITZ;48;47;1;3;93.61702127659576;14.666666666666666
2016-02;CLERMONT-FERRAND;NÎMES;29;29;0;1;96.55172413793105;28.0
2016-02;LIMOGES;BORDEAUX-ST-JEAN;29;28;1;0;100.0;0.0
2016-02;PARIS-AUSTERLITZ;BOURGES;116;111;5;11;90.09009009009009;9.090909090909092
2016-02;PARIS-EST;TROYES;218;216;2;26;87.96296296296296;7.3076923076923075
2016-02;PARIS-ST-LAZARE;LE HAVRE;340;337;3;28;91.69139465875372;11.035714285714286
2016-02;PARIS-ST-LAZARE;TROUVILLE-DEAUVILLE;75;75;0;7;90.66666666666669;9.714285714285714
2016-02;TROUVILLE-DEAUVILLE;PARIS-ST-LAZARE;75;75;0;3;96.0;24.0
2016-02;NEVERS;PARIS-BERCY;145;139;6;12;91.36690647482014;10.583333333333334
2016-02;PARIS-AUSTERLITZ;ORLÉANS;332;332;0;52;84.33734939759036;5.384615384615385
2016-02;PARIS-BERCY;CLERMONT-FERRAND;217;216;1;19;91.20370370370372;10.36842105263158
2016-02;PARIS-NORD;MAUBEUGE;233;231;2;18;92.2077922077922;11.833333333333334
2016-02;PARIS-ST-LAZARE;CHERBOURG;187;187;0;9;95.18716577540108;19.77777777777778
2016-02;ROUEN;PARIS-ST-LAZARE;288;284;4;17;94.01408450704226;15.705882352941176
2016-02;TROYES;PARIS-EST;247;245;2;25;89.79591836734694;8.8
2016-02;BORDEAUX-ST-JEAN;NANTES;112;112;0;36;67.85714285714286;2.111111111111111
2016-02;CLERMONT-FERRAND;BÉZIERS;29;28;1;1;96.42857142857144;27.0
2016-02;LE HAVRE;PARIS-ST-LAZARE;338;332;6;24;92.7710843373494;12.833333333333334
2016-02;NANTES;LYON-PART-DIEU;16;16;0;0;100.0;0.0
2016-02;NANTES;BORDEAUX-ST-JEAN;111;110;1;26;76.36363636363636;3.230769230769231
2016-02;NICE-VILLE;BORDEAUX-ST-JEAN;172;168;4;41;75.5952380952381;3.097560975609756
2016-02;NÎMES;CLERMONT-FERRAND;29;29;0;1;96.55172413793105;28.0
2016-02;PARIS-BERCY;NEVERS;145;141;4;12;91.48936170212768;10.75
2016-02;PARIS-ST-LAZARE;CAEN;202;201;1;15;92.53731343283582;12.4
2016-02;TOURS;CAEN;58;58;0;8;86.20689655172414;6.25
2016-02;BELFORT;PARIS-EST;123;120;3;9;92.5;12.333333333333334
2016-02;BORDEAUX-ST-JEAN;LIMOGES;29;29;0;4;86.20689655172414;6.25
2016-02;BOURGES;PARIS-AUSTERLITZ;107;102;5;13;87.25490196078431;6.846153846153846
2016-02;CAEN;PARIS-ST-LAZARE;180;178;2;10;94.38202247191012;16.8
2016-02;CLERMONT-FERRAND;PARIS-BERCY;218;217;1;27;87.55760368663594;7.037037037037037
2016-02;LYON-PART-DIEU;NANTES;100;95;5;5;94.73684210526316;18.0
2016-02;MAUBEUGE;PARIS-NORD;274;269;5;23;91.44981412639405;10.695652173913045
2016-02;PARIS-AUSTERLITZ;TOURS;116;116;0;13;88.79310344827586;7.923076923076923
2016-02;PARIS-EST;BELFORT;120;119;1;7;94.11764705882354;16.0
2016-02;PARIS-ST-LAZARE;ROUEN;265;264;1;18;93.1818181818182;13.666666666666666
2016-02;PARIS-VAUGIRARD;GRANVILLE;153;152;1;14;90.78947368421052;9.857142857142858
2016-02;TOURS;PARIS-AUSTERLITZ;120;120;0;4;96.66666666666669;29.0
2016-02;AMIENS;PARIS-NORD;113;112;1;21;81.25;4.333333333333333
2016-02;BORDEAUX-ST-JEAN;NICE-VILLE;180;177;3;31;82.48587570621469;4.709677419354839
2016-02;BOULOGNE-VILLE;PARIS-NORD;131;129;2;13;89.92248062015504;8.923076923076923
2016-02;CAEN;TOURS;62;61;1;6;90.1639344262295;9.166666666666666
2016-02;CHERBOURG;PARIS-ST-LAZARE;182;179;3;11;93.85474860335196;15.272727272727272
2016-02;GRANVILLE;PARIS-VAUGIRARD;150;149;1;7;95.3020134228188;20.285714285714285
2016-02;HENDAYE;TOULOUSE-MATABIAU;75;75;0;7;90.66666666666669;9.714285714285714
2016-02;ORLÉANS;PARIS-AUSTERLITZ;341;341;0;43;87.3900293255132;6.930232558139535
2016-02;PARIS-AUSTERLITZ;CERBERE;46;45;1;2;95.55555555555556;21.5
2016-02;PARIS-NORD;AMIENS;110;110;0;17;84.54545454545455;5.470588235294118
2016-02;PARIS-NORD;BOULOGNE-VILLE;131;131;0;13;90.0763358778626;9.076923076923077
2016-02;TOULOUSE-MATABIAU;HENDAYE;74;74;0;8;89.1891891891892;8.25
2016-01;BORDEAUX-ST-JEAN;NICE-VILLE;195;192;3;28;85.41666666666667;5.857142857142857
2016-01;BORDEAUX-ST-JEAN;LIMOGES;31;30;1;3;90.0;9.0
2016-01;BOULOGNE-VILLE;PARIS-NORD;138;134;4;25;81.34328358208955;4.36
2016-01;GRANVILLE;PARIS-VAUGIRARD;167;166;1;12;92.7710843373494;12.833333333333334
2016-01;HENDAYE;TOULOUSE-MATABIAU;108;102;6;11;89.2156862745098;8.272727272727273
2016-01;NICE-VILLE;BORDEAUX-ST-JEAN;185;182;3;38;79.12087912087912;3.789473684210526
2016-01;PARIS-AUSTERLITZ;CERBERE;56;53;3;6;88.67924528301887;7.833333333333333
2016-01;PARIS-BERCY;CLERMONT-FERRAND;230;230;0;19;91.7391304347826;11.105263157894736
2016-01;PARIS-NORD;AMIENS;106;106;0;12;88.67924528301887;7.833333333333333
2016-01;PARIS-NORD;BOULOGNE-VILLE;138;137;1;23;83.21167883211679;4.956521739130435
2016-01;PARIS-ST-LAZARE;CAEN;214;213;1;28;86.85446009389672;6.607142857142857
2016-01;PARIS-ST-LAZARE;CHERBOURG;192;192;0;16;91.66666666666669;11.0
2016-01;PARIS-ST-LAZARE;ROUEN;273;271;2;34;87.45387453874538;6.970588235294118
2016-01;TOURS;PARIS-AUSTERLITZ;126;125;1;8;93.6;14.625
2016-01;BÉZIERS;CLERMONT-FERRAND;31;31;0;2;93.5483870967742;14.5
2016-01;CAEN;TOURS;67;67;0;3;95.5223880597015;21.33333333333333
2016-01;CHERBOURG;PARIS-ST-LAZARE;188;186;2;19;89.78494623655914;8.789473684210526
2016-01;CLERMONT-FERRAND;PARIS-BERCY;231;231;0;21;90.9090909090909;10.0
2016-01;CLERMONT-FERRAND;BÉZIERS;31;31;0;2;93.5483870967742;14.5
2016-01;LE HAVRE;PARIS-ST-LAZARE;347;342;5;21;93.859649122807;15.285714285714286
2016-01;LYON-PART-DIEU;NANTES;101;101;0;3;97.02970297029702;32.666666666666664
2016-01;NANTES;BORDEAUX-ST-JEAN;62;62;0;23;62.903225806451616;1.6956521739130437
2016-01;NEVERS;PARIS-BERCY;152;149;3;9;93.95973154362416;15.555555555555555
2016-01;NÎMES;CLERMONT-FERRAND;31;31;0;2;93.5483870967742;14.5
2016-01;PARIS-AUSTERLITZ;TOURS;121;118;3;14;88.13559322033899;7.428571428571429
2016-01;PARIS-BERCY;NEVERS;153;153;0;22;85.62091503267973;5.954545454545454
2016-01;ROUEN;PARIS-ST-LAZARE;290;283;7;16;94.34628975265018;16.6875
2016-01;TROYES;PARIS-EST;269;264;5;9;96.5909090909091;28.33333333333333
2016-01;AMIENS;PARIS-NORD;114;113;1;19;83.1858407079646;4.947368421052632
2016-01;BOURGES;PARIS-AUSTERLITZ;124;122;2;6;95.08196721311477;19.33333333333333
2016-01;CLERMONT-FERRAND;NÎMES;31;31;0;0;100.0;0.0
2016-01;LIMOGES;BORDEAUX-ST-JEAN;31;31;0;2;93.5483870967742;14.5
2016-01;MAUBEUGE;PARIS-NORD;284;284;0;31;89.08450704225352;8.161290322580646
2016-01;NANTES;LYON-PART-DIEU;20;20;0;0;100.0;0.0
2016-01;ORLÉANS;PARIS-AUSTERLITZ;343;336;7;58;82.73809523809524;4.793103448275862
2016-01;PARIS-AUSTERLITZ;ORLÉANS;337;332;5;50;84.93975903614458;5.64
2016-01;PARIS-AUSTERLITZ;BOURGES;122;120;2;6;95.0;19.0
2016-01;PARIS-EST;BELFORT;109;109;0;12;88.9908256880734;8.083333333333334
2016-01;PARIS-EST;TROYES;206;203;3;20;90.14778325123152;9.15
2016-01;TOURS;CAEN;62;62;0;5;91.93548387096774;11.4
2016-01;BORDEAUX-ST-JEAN;NANTES;62;62;0;21;66.12903225806451;1.9523809523809523
2016-01;CAEN;PARIS-ST-LAZARE;193;191;2;16;91.62303664921464;10.9375
2016-01;CERBERE;PARIS-AUSTERLITZ;61;61;0;4;93.44262295081968;14.25
2016-01;PARIS-ST-LAZARE;LE HAVRE;349;346;3;31;91.04046242774568;10.161290322580646
2016-01;PARIS-ST-LAZARE;TROUVILLE-DEAUVILLE;77;76;1;14;81.57894736842105;4.428571428571429
2016-01;BELFORT;PARIS-EST;114;112;2;4;96.42857142857144;27.0
2016-01;PARIS-NORD;MAUBEUGE;239;238;1;25;89.49579831932773;8.52
2016-01;PARIS-VAUGIRARD;GRANVILLE;163;162;1;14;91.35802469135804;10.571428571428571
2016-01;TOULOUSE-MATABIAU;HENDAYE;114;110;4;13;88.18181818181819;7.461538461538462
2016-01;TROUVILLE-DEAUVILLE;PARIS-ST-LAZARE;77;77;0;9;88.31168831168831;7.555555555555555
2015-12;BOULOGNE-VILLE;PARIS-NORD;142;139;3;15;89.20863309352518;8.266666666666667
2015-12;CHERBOURG;PARIS-ST-LAZARE;194;193;1;9;95.33678756476684;20.444444444444443
2015-12;CLERMONT-FERRAND;BÉZIERS;33;31;2;3;90.3225806451613;9.333333333333334
2015-12;LYON-PART-DIEU;NANTES;78;76;2;7;90.78947368421052;9.857142857142858
2015-12;MAUBEUGE;PARIS-NORD;288;287;1;25;91.28919860627178;10.48
2015-12;NANTES;LYON-PART-DIEU;15;15;0;2;86.66666666666667;6.5
2015-12;ORLÉANS;PARIS-AUSTERLITZ;357;353;4;42;88.10198300283287;7.404761904761905
2015-12;PARIS-AUSTERLITZ;CERBERE;103;103;0;8;92.23300970873788;11.875
2015-12;PARIS-ST-LAZARE;CAEN;219;217;2;24;88.94009216589862;8.041666666666666
2015-12;PARIS-ST-LAZARE;CHERBOURG;199;197;2;20;89.84771573604061;8.85
2015-12;TOURS;CAEN;63;63;0;7;88.88888888888889;8.0
2015-12;CERBERE;PARIS-AUSTERLITZ;95;94;1;5;94.6808510638298;17.8
2015-12;HENDAYE;TOULOUSE-MATABIAU;110;106;4;12;88.67924528301887;7.833333333333333
2015-12;PARIS-AUSTERLITZ;ORLÉANS;351;347;4;113;67.43515850144092;2.070796460176992
2015-12;PARIS-AUSTERLITZ;BOURGES;127;125;2;9;92.8;12.88888888888889
2015-12;ROUEN;PARIS-ST-LAZARE;283;278;5;14;94.96402877697842;18.857142857142858
2015-12;AMIENS;PARIS-NORD;118;117;1;22;81.19658119658119;4.318181818181818
2015-12;BORDEAUX-ST-JEAN;NICE-VILLE;199;189;10;16;91.53439153439152;10.8125
2015-12;CAEN;TOURS;66;65;1;3;95.3846153846154;20.666666666666668
2015-12;CAEN;PARIS-ST-LAZARE;195;195;0;16;91.7948717948718;11.1875
2015-12;CLERMONT-FERRAND;PARIS-BERCY;225;224;1;28;87.5;7.0
2015-12;NANTES;BORDEAUX-ST-JEAN;67;65;2;22;66.15384615384616;1.9545454545454544
2015-12;NEVERS;PARIS-BERCY;150;149;1;18;87.91946308724832;7.277777777777778
2015-12;NICE-VILLE;BORDEAUX-ST-JEAN;188;183;5;17;90.7103825136612;9.764705882352942
2015-12;PARIS-NORD;AMIENS;117;113;4;10;91.15044247787613;10.3
2015-12;PARIS-ST-LAZARE;ROUEN;309;303;6;20;93.3993399339934;14.15
2015-12;PARIS-VAUGIRARD;GRANVILLE;166;165;1;18;89.0909090909091;8.166666666666666
2015-12;TOULOUSE-MATABIAU;HENDAYE;109;105;4;1;99.04761904761904;104.0
2015-12;TROUVILLE-DEAUVILLE;PARIS-ST-LAZARE;80;80;0;6;92.5;12.333333333333334
2015-12;BELFORT;PARIS-EST;111;109;2;9;91.74311926605505;11.11111111111111
2015-12;BORDEAUX-ST-JEAN;NANTES;68;65;3;20;69.23076923076923;2.25
2015-12;BOURGES;PARIS-AUSTERLITZ;125;124;1;8;93.5483870967742;14.5
2015-12;LE HAVRE;PARIS-ST-LAZARE;362;361;1;25;93.07479224376732;13.44
2015-12;PARIS-BERCY;NEVERS;150;149;1;22;85.23489932885906;5.7727272727272725
2015-12;PARIS-EST;TROYES;280;275;5;25;90.9090909090909;10.0
2015-12;PARIS-ST-LAZARE;LE HAVRE;360;358;2;21;94.1340782122905;16.047619047619047
2015-12;PARIS-ST-LAZARE;TROUVILLE-DEAUVILLE;81;81;0;14;82.71604938271605;4.785714285714286
2015-12;TOURS;PARIS-AUSTERLITZ;124;123;1;16;86.9918699186992;6.6875
2015-12;TROYES;PARIS-EST;217;214;3;14;93.45794392523364;14.285714285714286
2015-12;BÉZIERS;CLERMONT-FERRAND;31;31;0;2;93.5483870967742;14.5
2015-12;BORDEAUX-ST-JEAN;LIMOGES;31;30;1;0;100.0;0.0
2015-12;CLERMONT-FERRAND;NÎMES;14;14;0;0;100.0;0.0
2015-12;GRANVILLE;PARIS-VAUGIRARD;167;162;5;31;80.8641975308642;4.225806451612903
2015-12;LIMOGES;BORDEAUX-ST-JEAN;32;31;1;0;100.0;0.0
2015-12;NÎMES;CLERMONT-FERRAND;13;13;0;1;92.3076923076923;12.0
2015-12;PARIS-AUSTERLITZ;TOURS;127;126;1;28;77.77777777777777;3.5
2015-12;PARIS-BERCY;CLERMONT-FERRAND;236;235;1;24;89.7872340425532;8.791666666666666
2015-12;PARIS-EST;BELFORT;110;109;1;11;89.90825688073394;8.909090909090908
2015-12;PARIS-NORD;MAUBEUGE;240;239;1;18;92.46861924686192;12.27777777777778
2015-12;PARIS-NORD;BOULOGNE-VILLE;145;144;1;13;90.97222222222224;10.076923076923077
2015-11;BÉZIERS;CLERMONT-FERRAND;31;30;1;1;96.66666666666669;29.0
2015-11;BORDEAUX-ST-JEAN;NANTES;74;70;4;7;90.0;9.0
2015-11;CAEN;PARIS-ST-LAZARE;189;186;3;24;87.09677419354838;6.75
2015-11;CLERMONT-FERRAND;BÉZIERS;32;30;2;1;96.66666666666669;29.0
2015-11;LE HAVRE;PARIS-ST-LAZARE;335;331;4;34;89.72809667673715;8.735294117647058
2015-11;NANTES;BORDEAUX-ST-JEAN;71;69;2;22;68.1159420289855;2.136363636363636
2015-11;NEVERS;PARIS-BERCY;149;149;0;22;85.23489932885906;5.7727272727272725
2015-11;PARIS-AUSTERLITZ;ORLÉANS;335;330;5;98;70.30303030303031;2.36734693877551
2015-11;PARIS-BERCY;CLERMONT-FERRAND;226;226;0;24;89.38053097345133;8.416666666666666
2015-11;PARIS-NORD;AMIENS;110;110;0;22;80.0;4.0
2015-11;PARIS-ST-LAZARE;ROUEN;288;285;3;25;91.2280701754386;10.4
2015-11;BORDEAUX-ST-JEAN;LIMOGES;16;16;0;1;93.75;15.0
2015-11;CHERBOURG;PARIS-ST-LAZARE;189;187;2;41;78.07486631016043;3.5609756097560976
2015-11;CLERMONT-FERRAND;PARIS-BERCY;226;226;0;33;85.39823008849558;5.848484848484849
2015-11;HENDAYE;TOULOUSE-MATABIAU;74;74;0;5;93.24324324324324;13.8
2015-11;LIMOGES;BORDEAUX-ST-JEAN;30;30;0;2;93.33333333333331;14.0
2015-11;NICE-VILLE;BORDEAUX-ST-JEAN;185;177;8;41;76.8361581920904;3.317073170731707
2015-11;ORLÉANS;PARIS-AUSTERLITZ;343;338;5;95;71.89349112426035;2.557894736842105
2015-11;PARIS-AUSTERLITZ;BOURGES;121;120;1;21;82.5;4.714285714285714
2015-11;PARIS-NORD;MAUBEUGE;232;231;1;36;84.41558441558442;5.416666666666667
2015-11;PARIS-ST-LAZARE;CAEN;203;199;4;40;79.89949748743719;3.975
2015-11;PARIS-ST-LAZARE;CHERBOURG;188;188;0;38;79.7872340425532;3.947368421052632
2015-11;TROUVILLE-DEAUVILLE;PARIS-ST-LAZARE;78;78;0;12;84.61538461538461;5.5
2015-11;AMIENS;PARIS-NORD;118;117;1;31;73.5042735042735;2.774193548387097
2015-11;BOULOGNE-VILLE;PARIS-NORD;148;146;2;24;83.56164383561644;5.083333333333333
2015-11;LYON-PART-DIEU;NANTES;70;67;3;4;94.02985074626864;15.75
2015-11;PARIS-ST-LAZARE;TROUVILLE-DEAUVILLE;74;74;0;19;74.32432432432432;2.894736842105264
2015-11;TOURS;CAEN;59;58;1;6;89.65517241379311;8.666666666666666
2015-11;CERBERE;PARIS-AUSTERLITZ;94;93;1;19;79.56989247311827;3.8947368421052633
2015-11;CLERMONT-FERRAND;NÎMES;0;0;0;0;0.0;0.0
2015-11;GRANVILLE;PARIS-VAUGIRARD;100;89;11;10;88.76404494382022;7.9
2015-11;PARIS-AUSTERLITZ;CERBERE;99;99;0;16;83.83838383838383;5.1875
2015-11;PARIS-AUSTERLITZ;TOURS;120;117;3;33;71.7948717948718;2.5454545454545454
2015-11;PARIS-EST;BELFORT;118;116;2;16;86.20689655172414;6.25
2015-11;PARIS-EST;TROYES;211;209;2;14;93.30143540669856;13.928571428571429
2015-11;PARIS-NORD;BOULOGNE-VILLE;144;144;0;15;89.58333333333333;8.6
2015-11;TOULOUSE-MATABIAU;HENDAYE;66;66;0;2;96.96969696969695;32.0
2015-11;TOURS;PARIS-AUSTERLITZ;117;117;0;35;70.08547008547009;2.342857142857143
2015-11;TROYES;PARIS-EST;188;187;1;34;81.81818181818181;4.5
2015-11;BELFORT;PARIS-EST;111;111;0;20;81.98198198198199;4.55
2015-11;BORDEAUX-ST-JEAN;NICE-VILLE;196;187;9;55;70.58823529411765;2.4
2015-11;BOURGES;PARIS-AUSTERLITZ;119;119;0;30;74.78991596638656;2.966666666666667
2015-11;CAEN;TOURS;65;63;2;5;92.06349206349206;11.6
2015-11;MAUBEUGE;PARIS-NORD;276;275;1;45;83.63636363636364;5.111111111111111
2015-11;NANTES;LYON-PART-DIEU;13;13;0;1;92.3076923076923;12.0
2015-11;NÎMES;CLERMONT-FERRAND;0;0;0;0;0.0;0.0
2015-11;PARIS-BERCY;NEVERS;139;139;0;19;86.33093525179856;6.315789473684211
2015-11;PARIS-ST-LAZARE;LE HAVRE;326;324;2;46;85.80246913580247;6.043478260869565
2015-11;PARIS-VAUGIRARD;GRANVILLE;94;89;5;9;89.88764044943821;8.88888888888889
2015-11;ROUEN;PARIS-ST-LAZARE;281;279;2;18;93.5483870967742;14.5
2015-10;BOULOGNE-VILLE;PARIS-NORD;149;148;1;24;83.78378378378378;5.166666666666667
2015-10;CHERBOURG;PARIS-ST-LAZARE;193;192;1;15;92.1875;11.8
2015-10;PARIS-BERCY;CLERMONT-FERRAND;235;235;0;33;85.95744680851064;6.121212121212121
2015-10;PARIS-EST;TROYES;261;261;0;14;94.6360153256705;17.642857142857142
2015-10;PARIS-NORD;AMIENS;118;118;0;21;82.20338983050847;4.619047619047619
2015-10;PARIS-VAUGIRARD;GRANVILLE;99;98;1;6;93.87755102040816;15.333333333333334
2015-10;TROYES;PARIS-EST;236;236;0;25;89.40677966101696;8.44
2015-10;AMIENS;PARIS-NORD;126;123;3;31;74.79674796747967;2.967741935483871
2015-10;BORDEAUX-ST-JEAN;NICE-VILLE;194;182;12;57;68.68131868131869;2.192982456140351
2015-10;BOURGES;PARIS-AUSTERLITZ;123;123;0;19;84.55284552845528;5.473684210526316
2015-10;CERBERE;PARIS-AUSTERLITZ;95;95;0;10;89.47368421052632;8.5
2015-10;CLERMONT-FERRAND;NÎMES;0;0;0;0;0.0;0.0
2015-10;CLERMONT-FERRAND;PARIS-BERCY;232;232;0;37;84.05172413793103;5.27027027027027
2015-10;HENDAYE;TOULOUSE-MATABIAU;111;111;0;10;90.990990990991;10.1
2015-10;LE HAVRE;PARIS-ST-LAZARE;341;340;1;26;92.3529411764706;12.076923076923077
2015-10;NANTES;BORDEAUX-ST-JEAN;71;71;0;23;67.6056338028169;2.0869565217391304
2015-10;NÎMES;CLERMONT-FERRAND;0;0;0;0;0.0;0.0
2015-10;PARIS-AUSTERLITZ;BOURGES;123;122;1;9;92.62295081967213;12.555555555555555
2015-10;PARIS-BERCY;NEVERS;155;155;0;20;87.09677419354838;6.75
2015-10;PARIS-ST-LAZARE;CAEN;215;214;1;23;89.25233644859813;8.304347826086957
2015-10;PARIS-ST-LAZARE;CHERBOURG;197;195;2;23;88.2051282051282;7.478260869565218
2015-10;PARIS-ST-LAZARE;TROUVILLE-DEAUVILLE;84;84;0;6;92.85714285714286;13.0
2015-10;PARIS-ST-LAZARE;ROUEN;294;292;2;15;94.86301369863014;18.466666666666665
2015-10;ROUEN;PARIS-ST-LAZARE;287;286;1;20;93.006993006993;13.3
2015-10;BORDEAUX-ST-JEAN;LIMOGES;32;31;1;0;100.0;0.0
2015-10;BORDEAUX-ST-JEAN;NANTES;73;71;2;16;77.46478873239437;3.4375
2015-10;CLERMONT-FERRAND;BÉZIERS;30;30;0;1;96.66666666666669;29.0
2015-10;NEVERS;PARIS-BERCY;154;154;0;23;85.06493506493507;5.695652173913044
2015-10;PARIS-AUSTERLITZ;ORLÉANS;356;355;1;74;79.15492957746478;3.797297297297298
2015-10;PARIS-AUSTERLITZ;TOURS;128;128;0;46;64.0625;1.7826086956521738
2015-10;TOURS;CAEN;60;60;0;7;88.33333333333333;7.571428571428571
2015-10;TROUVILLE-DEAUVILLE;PARIS-ST-LAZARE;77;77;0;10;87.01298701298701;6.7
2015-10;BÉZIERS;CLERMONT-FERRAND;30;30;0;0;100.0;0.0
2015-10;CAEN;PARIS-ST-LAZARE;195;195;0;31;84.1025641025641;5.290322580645161
2015-10;GRANVILLE;PARIS-VAUGIRARD;96;96;0;6;93.75;15.0
2015-10;LYON-PART-DIEU;NANTES;73;72;1;5;93.05555555555556;13.4
2015-10;NICE-VILLE;BORDEAUX-ST-JEAN;183;170;13;48;71.76470588235294;2.5416666666666665
2015-10;PARIS-AUSTERLITZ;CERBERE;95;95;0;10;89.47368421052632;8.5
2015-10;PARIS-EST;BELFORT;126;126;0;12;90.47619047619048;9.5
2015-10;PARIS-ST-LAZARE;LE HAVRE;350;349;1;42;87.96561604584527;7.309523809523809
2015-10;TOULOUSE-MATABIAU;HENDAYE;86;86;0;4;95.34883720930232;20.5
2015-10;TOURS;PARIS-AUSTERLITZ;124;124;0;15;87.90322580645162;7.266666666666667
2015-10;BELFORT;PARIS-EST;134;133;1;9;93.23308270676692;13.77777777777778
2015-10;CAEN;TOURS;65;64;1;11;82.8125;4.818181818181818
2015-10;LIMOGES;BORDEAUX-ST-JEAN;31;31;0;4;87.09677419354838;6.75
2015-10;MAUBEUGE;PARIS-NORD;281;279;2;42;84.94623655913978;5.642857142857143
2015-10;NANTES;LYON-PART-DIEU;15;14;1;2;85.71428571428571;6.0
2015-10;ORLÉANS;PARIS-AUSTERLITZ;367;365;2;45;87.67123287671232;7.111111111111111
2015-10;PARIS-NORD;MAUBEUGE;242;239;3;27;88.70292887029288;7.851851851851852
2015-10;PARIS-NORD;BOULOGNE-VILLE;151;148;3;19;87.16216216216216;6.789473684210527
2015-09;BORDEAUX-ST-JEAN;NICE-VILLE;191;187;4;41;78.07486631016043;3.5609756097560976
2015-09;CLERMONT-FERRAND;PARIS-BERCY;225;223;2;19;91.4798206278027;10.736842105263158
2015-09;CLERMONT-FERRAND;BÉZIERS;30;30;0;2;93.33333333333331;14.0
2015-09;HENDAYE;TOULOUSE-MATABIAU;113;112;1;10;91.07142857142856;10.2
2015-09;LE HAVRE;PARIS-ST-LAZARE;355;353;2;34;90.3682719546742;9.382352941176473
2015-09;MAUBEUGE;PARIS-NORD;292;290;2;26;91.0344827586207;10.153846153846152
2015-09;PARIS-BERCY;CLERMONT-FERRAND;228;225;3;33;85.33333333333333;5.818181818181818
2015-09;PARIS-ST-LAZARE;ROUEN;305;301;4;20;93.35548172757476;14.05
2015-09;TROUVILLE-DEAUVILLE;PARIS-ST-LAZARE;87;86;1;9;89.53488372093022;8.555555555555555
2015-09;BOULOGNE-VILLE;PARIS-NORD;143;142;1;18;87.32394366197182;6.888888888888889
2015-09;CERBERE;PARIS-AUSTERLITZ;94;91;3;18;80.21978021978022;4.055555555555555
2015-09;CLERMONT-FERRAND;NÎMES;26;26;0;2;92.3076923076923;12.0
2015-09;GRANVILLE;PARIS-VAUGIRARD;133;131;2;7;94.65648854961832;17.714285714285715
2015-09;LYON-PART-DIEU;NANTES;85;81;4;17;79.01234567901234;3.764705882352941
2015-09;NÎMES;CLERMONT-FERRAND;27;26;1;1;96.15384615384616;25.0
2015-09;PARIS-AUSTERLITZ;BOURGES;120;119;1;18;84.87394957983193;5.611111111111111
2015-09;PARIS-EST;TROYES;254;251;3;32;87.25099601593625;6.84375
2015-09;PARIS-NORD;BOULOGNE-VILLE;140;140;0;11;92.14285714285714;11.727272727272728
2015-09;PARIS-ST-LAZARE;LE HAVRE;351;349;2;25;92.83667621776505;12.96
2015-09;PARIS-VAUGIRARD;GRANVILLE;134;133;1;8;93.98496240601504;15.625
2015-09;TROYES;PARIS-EST;233;230;3;27;88.26086956521739;7.518518518518518
2015-09;BELFORT;PARIS-EST;131;126;5;14;88.88888888888889;8.0
2015-09;CAEN;PARIS-ST-LAZARE;189;188;1;18;90.4255319148936;9.444444444444445
2015-09;NEVERS;PARIS-BERCY;154;150;4;17;88.66666666666667;7.823529411764706
2015-09;NICE-VILLE;BORDEAUX-ST-JEAN;181;180;1;43;76.11111111111111;3.186046511627907
2015-09;PARIS-AUSTERLITZ;CERBERE;100;98;2;9;90.81632653061224;9.88888888888889
2015-09;PARIS-AUSTERLITZ;TOURS;120;120;0;18;85.0;5.666666666666667
2015-09;PARIS-ST-LAZARE;CAEN;210;208;2;24;88.46153846153847;7.666666666666667
2015-09;PARIS-ST-LAZARE;CHERBOURG;195;194;1;21;89.17525773195877;8.238095238095237
2015-09;TOULOUSE-MATABIAU;HENDAYE;83;83;0;6;92.7710843373494;12.833333333333334
2015-09;AMIENS;PARIS-NORD;114;113;1;15;86.72566371681415;6.533333333333333
2015-09;BORDEAUX-ST-JEAN;LIMOGES;30;30;0;1;96.66666666666669;29.0
2015-09;BORDEAUX-ST-JEAN;NANTES;67;66;1;13;80.30303030303031;4.076923076923077
2015-09;BOURGES;PARIS-AUSTERLITZ;121;120;1;13;89.16666666666667;8.23076923076923
2015-09;CAEN;TOURS;66;64;2;5;92.1875;11.8
2015-09;CHERBOURG;PARIS-ST-LAZARE;192;189;3;18;90.47619047619048;9.5
2015-09;LIMOGES;BORDEAUX-ST-JEAN;30;29;1;2;93.10344827586206;13.5
2015-09;NANTES;LYON-PART-DIEU;13;13;0;0;100.0;0.0
2015-09;PARIS-NORD;AMIENS;116;116;0;24;79.3103448275862;3.8333333333333335
2015-09;PARIS-ST-LAZARE;TROUVILLE-DEAUVILLE;87;86;1;10;88.37209302325581;7.6
2015-09;BÉZIERS;CLERMONT-FERRAND;30;30;0;2;93.33333333333331;14.0
2015-09;NANTES;BORDEAUX-ST-JEAN;68;66;2;13;80.30303030303031;4.076923076923077
2015-09;ORLÉANS;PARIS-AUSTERLITZ;356;352;4;51;85.51136363636364;5.901960784313726
2015-09;PARIS-AUSTERLITZ;ORLÉANS;347;343;4;38;88.92128279883381;8.026315789473685
2015-09;PARIS-BERCY;NEVERS;148;147;1;22;85.03401360544217;5.681818181818182
2015-09;PARIS-EST;BELFORT;124;122;2;15;87.70491803278688;7.133333333333334
2015-09;PARIS-NORD;MAUBEUGE;243;242;1;20;91.73553719008264;11.1
2015-09;ROUEN;PARIS-ST-LAZARE;289;286;3;21;92.65734265734264;12.61904761904762
2015-09;TOURS;CAEN;60;60;0;6;90.0;9.0
2015-09;TOURS;PARIS-AUSTERLITZ;118;118;0;10;91.52542372881356;10.8
2015-08;BORDEAUX-ST-JEAN;LIMOGES;31;31;0;0;100.0;0.0
2015-08;BOULOGNE-VILLE;PARIS-NORD;58;58;0;4;93.10344827586206;13.5
2015-08;CERBERE;PARIS-AUSTERLITZ;144;141;3;84;40.42553191489362;0.6785714285714286
2015-08;CLERMONT-FERRAND;NÎMES;30;27;3;3;88.88888888888889;8.0
2015-08;GRANVILLE;PARIS-VAUGIRARD;168;167;1;8;95.20958083832336;19.875
2015-08;PARIS-AUSTERLITZ;CERBERE;110;107;3;5;95.32710280373831;20.4
2015-08;PARIS-BERCY;NEVERS;157;156;1;30;80.76923076923077;4.2
2015-08;PARIS-EST;BELFORT;129;129;0;11;91.47286821705428;10.727272727272728
2015-08;PARIS-ST-LAZARE;CAEN;239;239;0;17;92.88702928870292;13.058823529411764
2015-08;PARIS-ST-LAZARE;TROUVILLE-DEAUVILLE;131;131;0;19;85.49618320610688;5.894736842105263
2015-08;PARIS-VAUGIRARD;GRANVILLE;165;163;2;8;95.0920245398773;19.375
2015-08;BORDEAUX-ST-JEAN;NICE-VILLE;198;191;7;65;65.96858638743456;1.9384615384615385
2015-08;BORDEAUX-ST-JEAN;NANTES;74;71;3;19;73.2394366197183;2.736842105263158
2015-08;BOURGES;PARIS-AUSTERLITZ;125;124;1;18;85.48387096774194;5.888888888888889
2015-08;CLERMONT-FERRAND;BÉZIERS;31;31;0;1;96.7741935483871;30.0
2015-08;HENDAYE;TOULOUSE-MATABIAU;116;112;4;8;92.85714285714286;13.0
2015-08;LE HAVRE;PARIS-ST-LAZARE;298;297;1;28;90.57239057239056;9.607142857142858
2015-08;LYON-PART-DIEU;NANTES;104;103;1;8;92.23300970873788;11.875
2015-08;NANTES;LYON-PART-DIEU;20;19;1;2;89.47368421052632;8.5
2015-08;NICE-VILLE;BORDEAUX-ST-JEAN;189;185;4;58;68.64864864864865;2.189655172413793
2015-08;NÎMES;CLERMONT-FERRAND;33;31;2;5;83.87096774193549;5.2
2015-08;PARIS-NORD;BOULOGNE-VILLE;60;60;0;4;93.33333333333331;14.0
2015-08;PARIS-ST-LAZARE;CHERBOURG;175;175;0;14;92.0;11.5
2015-08;PARIS-ST-LAZARE;LE HAVRE;289;289;0;28;90.31141868512113;9.321428571428571
2015-08;TOURS;CAEN;63;62;1;3;95.16129032258064;19.666666666666668
2015-08;TROYES;PARIS-EST;222;220;2;24;89.0909090909091;8.166666666666666
2015-08;CAEN;TOURS;67;67;0;6;91.04477611940298;10.166666666666666
2015-08;CHERBOURG;PARIS-ST-LAZARE;199;199;0;13;93.46733668341707;14.307692307692308
2015-08;LIMOGES;BORDEAUX-ST-JEAN;31;31;0;2;93.5483870967742;14.5
2015-08;MAUBEUGE;PARIS-NORD;209;209;0;24;88.51674641148325;7.708333333333333
2015-08;ORLÉANS;PARIS-AUSTERLITZ;357;356;1;32;91.01123595505618;10.125
2015-08;PARIS-AUSTERLITZ;BOURGES;123;122;1;9;92.62295081967213;12.555555555555555
2015-08;ROUEN;PARIS-ST-LAZARE;250;247;3;13;94.73684210526316;18.0
2015-08;TOULOUSE-MATABIAU;HENDAYE;122;116;6;10;91.3793103448276;10.6
2015-08;BELFORT;PARIS-EST;123;123;0;6;95.1219512195122;19.5
2015-08;NANTES;BORDEAUX-ST-JEAN;71;71;0;24;66.19718309859155;1.9583333333333333
2015-08;PARIS-AUSTERLITZ;TOURS;128;128;0;17;86.71875;6.529411764705882
2015-08;PARIS-ST-LAZARE;ROUEN;263;260;3;14;94.6153846153846;17.571428571428573
2015-08;TOURS;PARIS-AUSTERLITZ;124;124;0;13;89.51612903225806;8.538461538461538
2015-08;TROUVILLE-DEAUVILLE;PARIS-ST-LAZARE;128;128;0;11;91.40625;10.636363636363637
2015-08;AMIENS;PARIS-NORD;167;167;0;48;71.25748502994011;2.4791666666666665
2015-08;BÉZIERS;CLERMONT-FERRAND;31;31;0;3;90.3225806451613;9.333333333333334
2015-08;CAEN;PARIS-ST-LAZARE;195;194;1;24;87.62886597938144;7.083333333333333
2015-08;CLERMONT-FERRAND;PARIS-BERCY;213;213;0;26;87.79342723004694;7.1923076923076925
2015-08;NEVERS;PARIS-BERCY;156;155;1;18;88.38709677419355;7.611111111111111
2015-08;PARIS-AUSTERLITZ;ORLÉANS;347;346;1;43;87.57225433526011;7.046511627906977
2015-08;PARIS-BERCY;CLERMONT-FERRAND;212;212;0;60;71.69811320754717;2.533333333333333
2015-08;PARIS-EST;TROYES;277;275;2;35;87.27272727272728;6.857142857142857
2015-08;PARIS-NORD;AMIENS;168;168;0;14;91.66666666666669;11.0
2015-08;PARIS-NORD;MAUBEUGE;124;123;1;7;94.3089430894309;16.571428571428573
2015-07;CHERBOURG;PARIS-ST-LAZARE;202;200;2;20;90.0;9.0
2015-07;CLERMONT-FERRAND;BÉZIERS;30;30;0;4;86.66666666666667;6.5
2015-07;HENDAYE;TOULOUSE-MATABIAU;111;110;1;6;94.54545454545456;17.333333333333332
2015-07;ORLÉANS;PARIS-AUSTERLITZ;367;361;6;80;77.8393351800554;3.5125
2015-07;PARIS-AUSTERLITZ;TOURS;128;128;0;39;69.53125;2.282051282051282
2015-07;PARIS-BERCY;NEVERS;157;156;1;22;85.8974358974359;6.090909090909091
2015-07;PARIS-NORD;AMIENS;174;172;2;53;69.18604651162791;2.2452830188679247
2015-07;PARIS-ST-LAZARE;ROUEN;279;275;4;22;92.0;11.5
2015-07;TROYES;PARIS-EST;194;194;0;16;91.75257731958764;11.125
2015-07;BORDEAUX-ST-JEAN;NANTES;74;72;2;22;69.44444444444444;2.272727272727273
2015-07;BOULOGNE-VILLE;PARIS-NORD;58;58;0;5;91.3793103448276;10.6
2015-07;BOURGES;PARIS-AUSTERLITZ;124;124;0;22;82.25806451612902;4.636363636363637
2015-07;CAEN;PARIS-ST-LAZARE;195;193;2;13;93.26424870466322;13.846153846153848
2015-07;CLERMONT-FERRAND;PARIS-BERCY;216;214;2;31;85.51401869158879;5.903225806451613
2015-07;NANTES;LYON-PART-DIEU;21;18;3;4;77.77777777777777;3.5
2015-07;NEVERS;PARIS-BERCY;157;156;1;17;89.1025641025641;8.176470588235293
2015-07;PARIS-AUSTERLITZ;CERBERE;106;106;0;20;81.13207547169812;4.3
2015-07;PARIS-AUSTERLITZ;ORLÉANS;355;351;4;80;77.20797720797721;3.3875
2015-07;PARIS-NORD;BOULOGNE-VILLE;61;61;0;4;93.44262295081968;14.25
2015-07;PARIS-ST-LAZARE;CHERBOURG;178;177;1;19;89.26553672316385;8.31578947368421
2015-07;PARIS-VAUGIRARD;GRANVILLE;166;165;1;10;93.93939393939394;15.5
2015-07;TOURS;PARIS-AUSTERLITZ;124;124;0;25;79.83870967741936;3.96
2015-07;AMIENS;PARIS-NORD;191;189;2;44;76.71957671957672;3.2954545454545454
2015-07;BELFORT;PARIS-EST;104;104;0;13;87.5;7.0
2015-07;CERBERE;PARIS-AUSTERLITZ;98;98;0;18;81.63265306122449;4.444444444444445
2015-07;GRANVILLE;PARIS-VAUGIRARD;165;164;1;15;90.85365853658536;9.933333333333334
2015-07;LE HAVRE;PARIS-ST-LAZARE;315;314;1;32;89.80891719745223;8.8125
2015-07;NICE-VILLE;BORDEAUX-ST-JEAN;189;185;4;76;58.91891891891892;1.4342105263157894
2015-07;NÎMES;CLERMONT-FERRAND;28;28;0;0;100.0;0.0
2015-07;PARIS-BERCY;CLERMONT-FERRAND;216;216;0;35;83.7962962962963;5.171428571428572
2015-07;PARIS-ST-LAZARE;LE HAVRE;304;304;0;43;85.85526315789474;6.069767441860465
2015-07;ROUEN;PARIS-ST-LAZARE;260;258;2;17;93.4108527131783;14.176470588235292
2015-07;TOURS;CAEN;74;62;12;14;77.41935483870968;3.4285714285714284
2015-07;BÉZIERS;CLERMONT-FERRAND;31;31;0;2;93.5483870967742;14.5
2015-07;BORDEAUX-ST-JEAN;LIMOGES;19;19;0;5;73.6842105263158;2.8
2015-07;CAEN;TOURS;82;67;15;4;94.02985074626864;15.75
2015-07;CLERMONT-FERRAND;NÎMES;0;0;0;0;0.0;0.0
2015-07;LIMOGES;BORDEAUX-ST-JEAN;20;20;0;0;100.0;0.0
2015-07;LYON-PART-DIEU;NANTES;115;104;11;24;76.92307692307692;3.333333333333333
2015-07;NANTES;BORDEAUX-ST-JEAN;73;72;1;25;65.27777777777777;1.88
2015-07;PARIS-ST-LAZARE;CAEN;244;242;2;36;85.12396694214875;5.722222222222222
2015-07;PARIS-ST-LAZARE;TROUVILLE-DEAUVILLE;134;134;0;28;79.1044776119403;3.7857142857142856
2015-07;TOULOUSE-MATABIAU;HENDAYE;115;114;1;14;87.71929824561403;7.142857142857143
2015-07;TROUVILLE-DEAUVILLE;PARIS-ST-LAZARE;128;128;0;16;87.5;7.0
2015-07;BORDEAUX-ST-JEAN;NICE-VILLE;197;195;2;90;53.84615384615385;1.1666666666666667
2015-07;MAUBEUGE;PARIS-NORD;215;212;3;21;90.09433962264151;9.095238095238097
2015-07;PARIS-AUSTERLITZ;BOURGES;125;125;0;15;88.0;7.333333333333333
2015-07;PARIS-EST;BELFORT;118;118;0;16;86.4406779661017;6.375
2015-07;PARIS-EST;TROYES;220;220;0;31;85.9090909090909;6.096774193548387
2015-07;PARIS-NORD;MAUBEUGE;127;125;2;9;92.8;12.88888888888889
2015-06;BELFORT;PARIS-EST;120;119;1;10;91.5966386554622;10.9
2015-06;BOULOGNE-VILLE;PARIS-NORD;57;56;1;8;85.71428571428571;6.0
2015-06;CAEN;PARIS-ST-LAZARE;188;188;0;14;92.55319148936172;12.428571428571429
2015-06;CERBERE;PARIS-AUSTERLITZ;88;88;0;18;79.54545454545455;3.888888888888889
2015-06;CHERBOURG;PARIS-ST-LAZARE;192;191;1;13;93.19371727748693;13.692307692307692
2015-06;HENDAYE;TOULOUSE-MATABIAU;86;85;1;5;94.11764705882354;16.0
2015-06;NANTES;LYON-PART-DIEU;16;16;0;2;87.5;7.0
2015-06;NANTES;BORDEAUX-ST-JEAN;67;67;0;17;74.6268656716418;2.9411764705882355
2015-06;PARIS-NORD;MAUBEUGE;127;126;1;10;92.06349206349206;11.6
2015-06;PARIS-ST-LAZARE;LE HAVRE;355;352;3;45;87.2159090909091;6.822222222222222
2015-06;PARIS-ST-LAZARE;ROUEN;327;321;6;34;89.40809968847353;8.441176470588236
2015-06;BORDEAUX-ST-JEAN;NANTES;68;66;2;15;77.27272727272728;3.4
2015-06;LIMOGES;BORDEAUX-ST-JEAN;30;30;0;1;96.66666666666669;29.0
2015-06;LYON-PART-DIEU;NANTES;105;104;1;11;89.42307692307692;8.454545454545455
2015-06;NICE-VILLE;BORDEAUX-ST-JEAN;182;177;5;66;62.71186440677966;1.681818181818182
2015-06;NÎMES;CLERMONT-FERRAND;0;0;0;0;0.0;0.0
2015-06;PARIS-AUSTERLITZ;BOURGES;120;120;0;16;86.66666666666667;6.5
2015-06;PARIS-ST-LAZARE;CHERBOURG;170;170;0;20;88.23529411764706;7.5
2015-06;TOULOUSE-MATABIAU;HENDAYE;101;99;2;13;86.86868686868686;6.615384615384615
2015-06;TROUVILLE-DEAUVILLE;PARIS-ST-LAZARE;92;92;0;8;91.30434782608695;10.5
2015-06;BOURGES;PARIS-AUSTERLITZ;120;119;1;24;79.83193277310924;3.9583333333333335
2015-06;CAEN;TOURS;64;64;0;2;96.875;31.0
2015-06;GRANVILLE;PARIS-VAUGIRARD;155;155;0;16;89.6774193548387;8.6875
2015-06;MAUBEUGE;PARIS-NORD;216;213;3;30;85.91549295774648;6.1
2015-06;ORLÉANS;PARIS-AUSTERLITZ;350;346;4;52;84.97109826589596;5.653846153846154
2015-06;PARIS-BERCY;CLERMONT-FERRAND;225;225;0;39;82.66666666666667;4.769230769230769
2015-06;PARIS-NORD;AMIENS;170;168;2;32;80.95238095238095;4.25
2015-06;PARIS-ST-LAZARE;TROUVILLE-DEAUVILLE;91;91;0;8;91.2087912087912;10.375
2015-06;AMIENS;PARIS-NORD;186;186;0;38;79.56989247311827;3.8947368421052633
2015-06;BÉZIERS;CLERMONT-FERRAND;31;30;1;1;96.66666666666669;29.0
2015-06;BORDEAUX-ST-JEAN;NICE-VILLE;186;186;0;59;68.27956989247312;2.152542372881356
2015-06;CLERMONT-FERRAND;NÎMES;0;0;0;0;0.0;0.0
2015-06;CLERMONT-FERRAND;PARIS-BERCY;225;224;1;25;88.83928571428571;7.96
2015-06;CLERMONT-FERRAND;BÉZIERS;31;30;1;1;96.66666666666669;29.0
2015-06;LE HAVRE;PARIS-ST-LAZARE;357;354;3;38;89.26553672316385;8.31578947368421
2015-06;PARIS-AUSTERLITZ;ORLÉANS;338;335;3;76;77.31343283582089;3.4078947368421053
2015-06;PARIS-EST;BELFORT;123;123;0;17;86.1788617886179;6.235294117647059
2015-06;PARIS-EST;TROYES;272;269;3;32;88.10408921933086;7.40625
2015-06;PARIS-NORD;BOULOGNE-VILLE;60;60;0;4;93.33333333333331;14.0
2015-06;ROUEN;PARIS-ST-LAZARE;289;284;5;18;93.66197183098592;14.77777777777778
2015-06;BORDEAUX-ST-JEAN;LIMOGES;31;30;1;1;96.66666666666669;29.0
2015-06;NEVERS;PARIS-BERCY;156;155;1;15;90.3225806451613;9.333333333333334
2015-06;PARIS-AUSTERLITZ;CERBERE;101;99;2;18;81.81818181818181;4.5
2015-06;PARIS-AUSTERLITZ;TOURS;122;122;0;27;77.8688524590164;3.5185185185185186
2015-06;PARIS-BERCY;NEVERS;156;156;0;33;78.84615384615384;3.727272727272727
2015-06;PARIS-ST-LAZARE;CAEN;238;237;1;26;89.0295358649789;8.115384615384615
2015-06;PARIS-VAUGIRARD;GRANVILLE;155;155;0;22;85.80645161290323;6.045454545454546
2015-06;TOURS;CAEN;60;60;0;5;91.66666666666669;11.0
2015-06;TOURS;PARIS-AUSTERLITZ;119;117;2;21;82.05128205128204;4.571428571428571
2015-06;TROYES;PARIS-EST;222;220;2;15;93.1818181818182;13.666666666666666
2015-05;BÉZIERS;CLERMONT-FERRAND;31;31;0;2;93.5483870967742;14.5
2015-05;BORDEAUX-ST-JEAN;NICE-VILLE;195;195;0;37;81.02564102564102;4.27027027027027
2015-05;BOURGES;PARIS-AUSTERLITZ;120;119;1;16;86.5546218487395;6.4375
2015-05;CERBERE;PARIS-AUSTERLITZ;88;88;0;10;88.63636363636364;7.8
2015-05;CLERMONT-FERRAND;NÎMES;48;48;0;3;93.75;15.0
2015-05;LIMOGES;BORDEAUX-ST-JEAN;32;31;1;2;93.5483870967742;14.5
2015-05;NÎMES;CLERMONT-FERRAND;50;50;0;2;96.0;24.0
2015-05;PARIS-NORD;MAUBEUGE;103;100;3;17;83.0;4.882352941176471
2015-05;BELFORT;PARIS-EST;124;124;0;4;96.7741935483871;30.0
2015-05;BOULOGNE-VILLE;PARIS-NORD;57;57;0;2;96.49122807017544;27.5
2015-05;CAEN;TOURS;68;68;0;5;92.6470588235294;12.6
2015-05;HENDAYE;TOULOUSE-MATABIAU;99;98;1;3;96.93877551020408;31.666666666666668
2015-05;NANTES;BORDEAUX-ST-JEAN;72;71;1;8;88.73239436619718;7.875
2015-05;NEVERS;PARIS-BERCY;144;144;0;21;85.41666666666667;5.857142857142857
2015-05;PARIS-AUSTERLITZ;TOURS;113;113;0;10;91.15044247787613;10.3
2015-05;PARIS-ST-LAZARE;ROUEN;314;312;2;13;95.83333333333331;23.0
2015-05;PARIS-VAUGIRARD;GRANVILLE;165;165;0;9;94.54545454545456;17.333333333333332
2015-05;ROUEN;PARIS-ST-LAZARE;285;285;0;13;95.43859649122808;20.923076923076923
2015-05;TROUVILLE-DEAUVILLE;PARIS-ST-LAZARE;87;87;0;4;95.40229885057472;20.75
2015-05;TROYES;PARIS-EST;220;217;3;8;96.31336405529954;26.125
2015-05;CAEN;PARIS-ST-LAZARE;197;197;0;10;94.9238578680203;18.7
2015-05;LE HAVRE;PARIS-ST-LAZARE;331;330;1;18;94.54545454545456;17.333333333333332
2015-05;LYON-PART-DIEU;NANTES;99;98;1;8;91.83673469387756;11.25
2015-05;MAUBEUGE;PARIS-NORD;177;173;4;25;85.54913294797689;5.92
2015-05;ORLÉANS;PARIS-AUSTERLITZ;323;323;0;38;88.23529411764706;7.5
2015-05;PARIS-AUSTERLITZ;ORLÉANS;311;311;0;52;83.27974276527331;4.980769230769231
2015-05;PARIS-BERCY;NEVERS;143;143;0;22;84.61538461538461;5.5
2015-05;PARIS-EST;BELFORT;133;133;0;6;95.48872180451129;21.166666666666668
2015-05;TOURS;CAEN;62;62;0;4;93.5483870967742;14.5
2015-05;AMIENS;PARIS-NORD;157;154;3;29;81.16883116883116;4.310344827586207
2015-05;BORDEAUX-ST-JEAN;NANTES;71;71;0;6;91.54929577464787;10.833333333333334
2015-05;CLERMONT-FERRAND;BÉZIERS;31;31;0;3;90.3225806451613;9.333333333333334
2015-05;NICE-VILLE;BORDEAUX-ST-JEAN;187;186;1;21;88.70967741935483;7.857142857142857
2015-05;PARIS-AUSTERLITZ;CERBERE;94;94;0;7;92.55319148936172;12.428571428571429
2015-05;PARIS-AUSTERLITZ;BOURGES;118;117;1;13;88.88888888888889;8.0
2015-05;PARIS-BERCY;CLERMONT-FERRAND;223;223;0;26;88.34080717488789;7.576923076923077
2015-05;PARIS-EST;TROYES;259;257;2;13;94.94163424124514;18.76923076923077
2015-05;PARIS-NORD;AMIENS;140;139;1;19;86.33093525179856;6.315789473684211
2015-05;PARIS-ST-LAZARE;TROUVILLE-DEAUVILLE;92;92;0;8;91.30434782608695;10.5
2015-05;TOULOUSE-MATABIAU;HENDAYE;111;111;0;7;93.69369369369367;14.857142857142858
2015-05;BORDEAUX-ST-JEAN;LIMOGES;31;31;0;0;100.0;0.0
2015-05;CHERBOURG;PARIS-ST-LAZARE;183;183;0;10;94.53551912568308;17.3
2015-05;CLERMONT-FERRAND;PARIS-BERCY;225;224;1;29;87.05357142857143;6.724137931034483
2015-05;GRANVILLE;PARIS-VAUGIRARD;173;173;0;10;94.21965317919076;16.3
2015-05;NANTES;LYON-PART-DIEU;22;22;0;0;100.0;0.0
2015-05;PARIS-NORD;BOULOGNE-VILLE;55;55;0;15;72.72727272727272;2.6666666666666665
2015-05;PARIS-ST-LAZARE;CAEN;246;245;1;21;91.42857142857144;10.666666666666666
2015-05;PARIS-ST-LAZARE;CHERBOURG;164;164;0;9;94.51219512195122;17.22222222222222
2015-05;PARIS-ST-LAZARE;LE HAVRE;330;330;0;28;91.51515151515152;10.785714285714286
2015-05;TOURS;PARIS-AUSTERLITZ;113;113;0;6;94.69026548672566;17.833333333333332
2015-04;BORDEAUX-ST-JEAN;NICE-VILLE;187;187;0;34;81.81818181818181;4.5
2015-04;CLERMONT-FERRAND;NÎMES;35;33;2;1;96.96969696969695;32.0
2015-04;CLERMONT-FERRAND;PARIS-BERCY;224;224;0;23;89.73214285714286;8.73913043478261
2015-04;PARIS-BERCY;CLERMONT-FERRAND;227;227;0;18;92.0704845814978;11.61111111111111
2015-04;PARIS-BERCY;NEVERS;146;146;0;22;84.93150684931507;5.636363636363637
2015-04;PARIS-ST-LAZARE;TROUVILLE-DEAUVILLE;85;84;1;6;92.85714285714286;13.0
2015-04;ROUEN;PARIS-ST-LAZARE;288;287;1;17;94.0766550522648;15.882352941176473
2015-04;AMIENS;PARIS-NORD;157;156;1;33;78.84615384615384;3.727272727272727
2015-04;BORDEAUX-ST-JEAN;NANTES;69;69;0;8;88.40579710144928;7.625
2015-04;CERBERE;PARIS-AUSTERLITZ;93;92;1;8;91.30434782608695;10.5
2015-04;CHERBOURG;PARIS-ST-LAZARE;188;188;0;14;92.55319148936172;12.428571428571429
2015-04;CLERMONT-FERRAND;BÉZIERS;30;30;0;1;96.66666666666669;29.0
2015-04;GRANVILLE;PARIS-VAUGIRARD;155;155;0;7;95.48387096774194;21.142857142857142
2015-04;NEVERS;PARIS-BERCY;149;149;0;15;89.93288590604027;8.933333333333334
2015-04;PARIS-AUSTERLITZ;CERBERE;0;0;0;0;0.0;0.0
2015-04;PARIS-AUSTERLITZ;ORLÉANS;344;342;2;58;83.04093567251462;4.896551724137931
2015-04;PARIS-AUSTERLITZ;TOURS;120;120;0;19;84.16666666666667;5.315789473684211
2015-04;PARIS-NORD;AMIENS;161;160;1;26;83.75;5.153846153846154
2015-04;PARIS-NORD;BOULOGNE-VILLE;58;58;0;15;74.13793103448276;2.8666666666666667
2015-04;TOULOUSE-MATABIAU;HENDAYE;113;112;1;9;91.96428571428572;11.444444444444445
2015-04;BÉZIERS;CLERMONT-FERRAND;31;30;1;1;96.66666666666669;29.0
2015-04;BOURGES;PARIS-AUSTERLITZ;119;118;1;13;88.98305084745763;8.076923076923077
2015-04;CAEN;PARIS-ST-LAZARE;184;184;0;14;92.3913043478261;12.142857142857142
2015-04;LIMOGES;BORDEAUX-ST-JEAN;31;30;1;3;90.0;9.0
2015-04;LYON-PART-DIEU;NANTES;90;89;1;11;87.64044943820224;7.090909090909091
2015-04;MAUBEUGE;PARIS-NORD;143;142;1;8;94.3661971830986;16.75
2015-04;ORLÉANS;PARIS-AUSTERLITZ;352;350;2;41;88.28571428571429;7.536585365853658
2015-04;PARIS-EST;TROYES;261;232;29;14;93.96551724137932;15.571428571428571
2015-04;PARIS-ST-LAZARE;CAEN;231;231;0;30;87.01298701298701;6.7
2015-04;PARIS-ST-LAZARE;ROUEN;311;305;6;22;92.78688524590164;12.863636363636363
2015-04;TOURS;PARIS-AUSTERLITZ;118;118;0;9;92.3728813559322;12.11111111111111
2015-04;BELFORT;PARIS-EST;118;113;5;11;90.26548672566372;9.272727272727272
2015-04;BORDEAUX-ST-JEAN;LIMOGES;30;30;0;3;90.0;9.0
2015-04;CAEN;TOURS;65;65;0;7;89.23076923076923;8.285714285714286
2015-04;NICE-VILLE;BORDEAUX-ST-JEAN;177;177;0;31;82.48587570621469;4.709677419354839
2015-04;NÎMES;CLERMONT-FERRAND;33;32;1;3;90.625;9.666666666666666
2015-04;PARIS-AUSTERLITZ;BOURGES;124;122;2;10;91.8032786885246;11.2
2015-04;PARIS-EST;BELFORT;120;117;3;17;85.47008547008546;5.882352941176471
2015-04;PARIS-NORD;MAUBEUGE;97;97;0;6;93.81443298969072;15.166666666666666
2015-04;PARIS-ST-LAZARE;CHERBOURG;167;167;0;16;90.41916167664672;9.4375
2015-04;BOULOGNE-VILLE;PARIS-NORD;54;54;0;5;90.74074074074072;9.8
2015-04;HENDAYE;TOULOUSE-MATABIAU;112;110;2;10;90.9090909090909;10.0
2015-04;LE HAVRE;PARIS-ST-LAZARE;350;348;2;32;90.80459770114942;9.875
2015-04;NANTES;LYON-PART-DIEU;16;16;0;0;100.0;0.0
2015-04;NANTES;BORDEAUX-ST-JEAN;69;69;0;10;85.5072463768116;5.9
2015-04;PARIS-ST-LAZARE;LE HAVRE;345;345;0;32;90.72463768115942;9.78125
2015-04;PARIS-VAUGIRARD;GRANVILLE;156;156;0;10;93.5897435897436;14.6
2015-04;TOURS;CAEN;60;60;0;2;96.66666666666669;29.0
2015-04;TROUVILLE-DEAUVILLE;PARIS-ST-LAZARE;76;76;0;5;93.42105263157896;14.2
2015-04;TROYES;PARIS-EST;225;198;27;20;89.8989898989899;8.9
2015-03;BORDEAUX-ST-JEAN;NICE-VILLE;198;195;3;36;81.53846153846155;4.416666666666667
2015-03;BORDEAUX-ST-JEAN;NANTES;72;71;1;7;90.14084507042251;9.142857142857142
2015-03;BOULOGNE-VILLE;PARIS-NORD;60;58;2;5;91.3793103448276;10.6
2015-03;BOURGES;PARIS-AUSTERLITZ;122;121;1;13;89.25619834710744;8.307692307692308
2015-03;CERBERE;PARIS-AUSTERLITZ;98;98;0;8;91.83673469387756;11.25
2015-03;GRANVILLE;PARIS-VAUGIRARD;166;165;1;6;96.36363636363636;26.5
2015-03;PARIS-BERCY;CLERMONT-FERRAND;234;234;0;18;92.3076923076923;12.0
2015-03;PARIS-ST-LAZARE;CHERBOURG;170;170;0;19;88.82352941176471;7.947368421052632
2015-03;PARIS-ST-LAZARE;TROUVILLE-DEAUVILLE;81;81;0;5;93.82716049382717;15.2
2015-03;TOURS;PARIS-AUSTERLITZ;122;122;0;12;90.1639344262295;9.166666666666666
2015-03;TROUVILLE-DEAUVILLE;PARIS-ST-LAZARE;80;80;0;6;92.5;12.333333333333334
2015-03;BORDEAUX-ST-JEAN;LIMOGES;31;31;0;0;100.0;0.0
2015-03;NEVERS;PARIS-BERCY;157;157;0;17;89.171974522293;8.235294117647058
2015-03;NÎMES;CLERMONT-FERRAND;32;31;1;1;96.7741935483871;30.0
2015-03;PARIS-BERCY;NEVERS;157;157;0;19;87.89808917197452;7.263157894736842
2015-03;PARIS-NORD;AMIENS;173;172;1;32;81.3953488372093;4.375
2015-03;TROYES;PARIS-EST;240;238;2;13;94.53781512605042;17.307692307692307
2015-03;BELFORT;PARIS-EST;126;121;5;7;94.21487603305783;16.285714285714285
2015-03;CHERBOURG;PARIS-ST-LAZARE;195;195;0;7;96.4102564102564;26.857142857142858
2015-03;CLERMONT-FERRAND;NÎMES;32;31;1;0;100.0;0.0
2015-03;MAUBEUGE;PARIS-NORD;148;145;3;9;93.79310344827586;15.11111111111111
2015-03;NICE-VILLE;BORDEAUX-ST-JEAN;187;186;1;30;83.87096774193549;5.2
2015-03;ORLÉANS;PARIS-AUSTERLITZ;369;367;2;28;92.37057220708446;12.107142857142858
2015-03;PARIS-AUSTERLITZ;TOURS;126;126;0;16;87.3015873015873;6.875
2015-03;PARIS-ST-LAZARE;CAEN;235;234;1;24;89.74358974358974;8.75
2015-03;PARIS-VAUGIRARD;GRANVILLE;163;163;0;11;93.25153374233128;13.818181818181818
2015-03;ROUEN;PARIS-ST-LAZARE;297;294;3;34;88.43537414965986;7.647058823529412
2015-03;TOULOUSE-MATABIAU;HENDAYE;103;102;1;7;93.1372549019608;13.571428571428571
2015-03;AMIENS;PARIS-NORD;170;166;4;35;78.91566265060241;3.742857142857143
2015-03;BÉZIERS;CLERMONT-FERRAND;31;30;1;0;100.0;0.0
2015-03;CAEN;TOURS;67;67;0;0;100.0;0.0
2015-03;CAEN;PARIS-ST-LAZARE;189;189;0;16;91.53439153439152;10.8125
2015-03;CLERMONT-FERRAND;BÉZIERS;31;30;1;1;96.66666666666669;29.0
2015-03;HENDAYE;TOULOUSE-MATABIAU;105;103;2;6;94.1747572815534;16.166666666666668
2015-03;LE HAVRE;PARIS-ST-LAZARE;364;359;5;36;89.97214484679665;8.972222222222221
2015-03;NANTES;LYON-PART-DIEU;12;12;0;1;91.66666666666669;11.0
2015-03;NANTES;BORDEAUX-ST-JEAN;72;71;1;9;87.32394366197182;6.888888888888889
2015-03;PARIS-EST;BELFORT;131;128;3;2;98.4375;63.0
2015-03;PARIS-EST;TROYES;263;262;1;13;95.0381679389313;19.15384615384616
2015-03;PARIS-NORD;MAUBEUGE;100;100;0;8;92.0;11.5
2015-03;PARIS-NORD;BOULOGNE-VILLE;62;61;1;7;88.52459016393442;7.714285714285714
2015-03;PARIS-ST-LAZARE;LE HAVRE;359;356;3;44;87.64044943820224;7.090909090909091
2015-03;PARIS-ST-LAZARE;ROUEN;320;317;3;20;93.69085173501576;14.85
2015-03;TOURS;CAEN;62;62;0;6;90.3225806451613;9.333333333333334
2015-03;CLERMONT-FERRAND;PARIS-BERCY;233;233;0;17;92.7038626609442;12.705882352941176
2015-03;LIMOGES;BORDEAUX-ST-JEAN;31;31;0;1;96.7741935483871;30.0
2015-03;LYON-PART-DIEU;NANTES;75;70;5;9;87.14285714285714;6.777777777777778
2015-03;PARIS-AUSTERLITZ;CERBERE;106;106;0;5;95.28301886792453;20.2
2015-03;PARIS-AUSTERLITZ;ORLÉANS;362;360;2;61;83.05555555555556;4.901639344262295
2015-03;PARIS-AUSTERLITZ;BOURGES;123;122;1;8;93.44262295081968;14.25
2015-02;BELFORT;PARIS-EST;115;109;6;9;91.74311926605505;11.11111111111111
2015-02;GRANVILLE;PARIS-VAUGIRARD;149;148;1;5;96.62162162162164;28.6
2015-02;HENDAYE;TOULOUSE-MATABIAU;57;54;3;5;90.74074074074072;9.8
2015-02;LE HAVRE;PARIS-ST-LAZARE;330;326;4;41;87.42331288343559;6.951219512195122
2015-02;LIMOGES;BORDEAUX-ST-JEAN;29;28;1;3;89.28571428571429;8.333333333333334
2015-02;LYON-PART-DIEU;NANTES;64;64;0;8;87.5;7.0
2015-02;NEVERS;PARIS-BERCY;134;133;1;12;90.97744360902256;10.083333333333334
2015-02;NÎMES;CLERMONT-FERRAND;74;52;22;1;98.07692307692308;51.0
2015-02;PARIS-EST;BELFORT;117;113;4;6;94.69026548672566;17.833333333333332
2015-02;TROUVILLE-DEAUVILLE;PARIS-ST-LAZARE;72;71;1;7;90.14084507042251;9.142857142857142
2015-02;BORDEAUX-ST-JEAN;NICE-VILLE;167;166;1;28;83.13253012048193;4.928571428571429
2015-02;BORDEAUX-ST-JEAN;LIMOGES;13;13;0;1;92.3076923076923;12.0
2015-02;CLERMONT-FERRAND;BÉZIERS;28;28;0;1;96.42857142857144;27.0
2015-02;ORLÉANS;PARIS-AUSTERLITZ;344;344;0;40;88.37209302325581;7.6
2015-02;PARIS-NORD;BOULOGNE-VILLE;55;55;0;10;81.81818181818181;4.5
2015-02;PARIS-ST-LAZARE;ROUEN;279;274;5;21;92.33576642335768;12.047619047619047
2015-02;TOURS;CAEN;56;56;0;5;91.07142857142856;10.2
2015-02;CAEN;PARIS-ST-LAZARE;176;175;1;15;91.42857142857144;10.666666666666666
2015-02;CLERMONT-FERRAND;NÎMES;77;55;22;3;94.54545454545456;17.333333333333332
2015-02;CLERMONT-FERRAND;PARIS-BERCY;202;202;0;19;90.5940594059406;9.63157894736842
2015-02;NANTES;LYON-PART-DIEU;12;12;0;0;100.0;0.0
2015-02;NANTES;BORDEAUX-ST-JEAN;64;64;0;11;82.8125;4.818181818181818
2015-02;PARIS-AUSTERLITZ;TOURS;115;113;2;21;81.41592920353982;4.380952380952381
2015-02;PARIS-NORD;AMIENS;153;153;0;34;77.77777777777777;3.5
2015-02;PARIS-ST-LAZARE;CHERBOURG;156;156;0;29;81.41025641025641;4.379310344827586
2015-02;PARIS-ST-LAZARE;LE HAVRE;330;326;4;42;87.11656441717791;6.761904761904762
2015-02;PARIS-ST-LAZARE;TROUVILLE-DEAUVILLE;72;72;0;9;87.5;7.0
2015-02;TOULOUSE-MATABIAU;HENDAYE;60;58;2;0;100.0;0.0
2015-02;AMIENS;PARIS-NORD;150;148;2;43;70.94594594594595;2.441860465116279
2015-02;BÉZIERS;CLERMONT-FERRAND;28;28;0;4;85.71428571428571;6.0
2015-02;BORDEAUX-ST-JEAN;NANTES;65;64;1;4;93.75;15.0
2015-02;CERBERE;PARIS-AUSTERLITZ;88;88;0;9;89.77272727272728;8.777777777777779
2015-02;CHERBOURG;PARIS-ST-LAZARE;178;175;3;16;90.85714285714286;9.9375
2015-02;NICE-VILLE;BORDEAUX-ST-JEAN;159;158;1;19;87.9746835443038;7.315789473684211
2015-02;PARIS-AUSTERLITZ;ORLÉANS;336;336;0;51;84.82142857142857;5.588235294117647
2015-02;PARIS-EST;TROYES;238;228;10;14;93.859649122807;15.285714285714286
2015-02;PARIS-ST-LAZARE;CAEN;220;220;0;34;84.54545454545455;5.470588235294118
2015-02;ROUEN;PARIS-ST-LAZARE;266;258;8;24;90.69767441860463;9.75
2015-02;TOURS;PARIS-AUSTERLITZ;112;112;0;14;87.5;7.0
2015-02;TROYES;PARIS-EST;211;202;9;17;91.5841584158416;10.882352941176473
2015-02;BOULOGNE-VILLE;PARIS-NORD;50;50;0;4;92.0;11.5
2015-02;BOURGES;PARIS-AUSTERLITZ;112;112;0;15;86.60714285714286;6.466666666666667
2015-02;CAEN;TOURS;60;60;0;7;88.33333333333333;7.571428571428571
2015-02;MAUBEUGE;PARIS-NORD;133;133;0;22;83.45864661654136;5.045454545454546
2015-02;PARIS-AUSTERLITZ;CERBERE;95;95;0;4;95.78947368421052;22.75
2015-02;PARIS-AUSTERLITZ;BOURGES;113;113;0;7;93.80530973451329;15.142857142857142
2015-02;PARIS-BERCY;CLERMONT-FERRAND;212;212;0;18;91.50943396226415;10.77777777777778
2015-02;PARIS-BERCY;NEVERS;135;134;1;16;88.05970149253731;7.375
2015-02;PARIS-NORD;MAUBEUGE;89;88;1;9;89.77272727272728;8.777777777777779
2015-02;PARIS-VAUGIRARD;GRANVILLE;148;148;0;9;93.91891891891892;15.444444444444445
2015-01;BELFORT;PARIS-EST;124;124;0;4;96.7741935483871;30.0
2015-01;BOULOGNE-VILLE;PARIS-NORD;57;57;0;4;92.98245614035088;13.25
2015-01;NEVERS;PARIS-BERCY;157;156;1;11;92.94871794871796;13.181818181818182
2015-01;PARIS-AUSTERLITZ;ORLÉANS;366;366;0;75;79.50819672131148;3.88
2015-01;PARIS-EST;BELFORT;129;129;0;7;94.57364341085272;17.428571428571427
2015-01;PARIS-NORD;MAUBEUGE;99;99;0;8;91.91919191919192;11.375
2015-01;PARIS-NORD;BOULOGNE-VILLE;54;53;1;18;66.0377358490566;1.9444444444444444
2015-01;PARIS-ST-LAZARE;LE HAVRE;365;354;11;36;89.83050847457628;8.833333333333334
2015-01;TROUVILLE-DEAUVILLE;PARIS-ST-LAZARE;79;79;0;4;94.9367088607595;18.75
2015-01;BORDEAUX-ST-JEAN;LIMOGES;31;31;0;2;93.5483870967742;14.5
2015-01;CAEN;TOURS;67;67;0;3;95.5223880597015;21.33333333333333
2015-01;CHERBOURG;PARIS-ST-LAZARE;191;190;1;14;92.63157894736842;12.571428571428571
2015-01;CLERMONT-FERRAND;NÎMES;40;39;1;1;97.43589743589745;38.0
2015-01;LYON-PART-DIEU;NANTES;72;72;0;6;91.66666666666669;11.0
2015-01;PARIS-AUSTERLITZ;TOURS;128;128;0;19;85.15625;5.7368421052631575
2015-01;PARIS-AUSTERLITZ;BOURGES;124;123;1;8;93.4959349593496;14.375
2015-01;PARIS-VAUGIRARD;GRANVILLE;166;164;2;14;91.46341463414636;10.714285714285714
2015-01;ROUEN;PARIS-ST-LAZARE;298;286;12;22;92.3076923076923;12.0
2015-01;TOULOUSE-MATABIAU;HENDAYE;88;88;0;5;94.3181818181818;16.6
2015-01;AMIENS;PARIS-NORD;152;148;4;56;62.16216216216216;1.6428571428571428
2015-01;BÉZIERS;CLERMONT-FERRAND;31;31;0;0;100.0;0.0
2015-01;CLERMONT-FERRAND;BÉZIERS;31;31;0;1;96.7741935483871;30.0
2015-01;HENDAYE;TOULOUSE-MATABIAU;58;57;1;5;91.2280701754386;10.4
2015-01;LE HAVRE;PARIS-ST-LAZARE;364;353;11;31;91.21813031161471;10.387096774193548
2015-01;MAUBEUGE;PARIS-NORD;146;146;0;7;95.2054794520548;19.857142857142858
2015-01;NANTES;BORDEAUX-ST-JEAN;72;71;1;17;76.05633802816902;3.176470588235294
2015-01;ORLÉANS;PARIS-AUSTERLITZ;377;377;0;40;89.38992042440319;8.425
2015-01;PARIS-AUSTERLITZ;CERBERE;106;106;0;10;90.56603773584904;9.6
2015-01;PARIS-BERCY;NEVERS;147;146;1;12;91.78082191780824;11.166666666666666
2015-01;PARIS-ST-LAZARE;ROUEN;324;301;23;23;92.35880398671095;12.08695652173913
2015-01;TOURS;CAEN;62;62;0;5;91.93548387096774;11.4
2015-01;BORDEAUX-ST-JEAN;NICE-VILLE;191;187;4;28;85.02673796791444;5.678571428571429
2015-01;CAEN;PARIS-ST-LAZARE;195;195;0;17;91.28205128205128;10.470588235294118
2015-01;CERBERE;PARIS-AUSTERLITZ;97;97;0;9;90.72164948453609;9.77777777777778
2015-01;LIMOGES;BORDEAUX-ST-JEAN;31;31;0;0;100.0;0.0
2015-01;NICE-VILLE;BORDEAUX-ST-JEAN;183;179;4;20;88.8268156424581;7.95
2015-01;NÎMES;CLERMONT-FERRAND;41;34;7;2;94.11764705882354;16.0
2015-01;PARIS-EST;TROYES;278;275;3;17;93.8181818181818;15.176470588235292
2015-01;PARIS-NORD;AMIENS;162;161;1;55;65.83850931677019;1.9272727272727272
2015-01;PARIS-ST-LAZARE;CAEN;244;241;3;28;88.38174273858921;7.607142857142857
2015-01;TOURS;PARIS-AUSTERLITZ;124;124;0;10;91.93548387096774;11.4
2015-01;BORDEAUX-ST-JEAN;NANTES;72;71;1;7;90.14084507042251;9.142857142857142
2015-01;BOURGES;PARIS-AUSTERLITZ;124;124;0;22;82.25806451612902;4.636363636363637
2015-01;CLERMONT-FERRAND;PARIS-BERCY;232;232;0;23;90.08620689655172;9.08695652173913
2015-01;GRANVILLE;PARIS-VAUGIRARD;166;165;1;11;93.33333333333331;14.0
2015-01;NANTES;LYON-PART-DIEU;14;14;0;1;92.85714285714286;13.0
2015-01;PARIS-BERCY;CLERMONT-FERRAND;234;233;1;21;90.98712446351932;10.095238095238097
2015-01;PARIS-ST-LAZARE;CHERBOURG;171;171;0;16;90.64327485380116;9.6875
2015-01;PARIS-ST-LAZARE;TROUVILLE-DEAUVILLE;78;78;0;12;84.61538461538461;5.5
2015-01;TROYES;PARIS-EST;219;216;3;10;95.37037037037037;20.6
2014-12;BÉZIERS;CLERMONT-FERRAND;10;7;3;0;100.0;0.0
2014-12;CAEN;TOURS;65;60;5;13;78.33333333333333;3.615384615384616
2014-12;CERBERE;PARIS-AUSTERLITZ;75;71;4;18;74.64788732394366;2.9444444444444446
2014-12;CHERBOURG;PARIS-ST-LAZARE;187;187;0;24;87.16577540106952;6.791666666666667
2014-12;NANTES;LYON-PART-DIEU;15;15;0;2;86.66666666666667;6.5
2014-12;NANTES;BORDEAUX-ST-JEAN;71;69;2;16;76.81159420289855;3.3125
2014-12;NICE-VILLE;BORDEAUX-ST-JEAN;181;172;9;37;78.48837209302326;3.6486486486486487
2014-12;ORLÉANS;PARIS-AUSTERLITZ;363;363;0;72;80.16528925619835;4.041666666666667
2014-12;PARIS-EST;BELFORT;130;129;1;16;87.59689922480621;7.0625
2014-12;PARIS-NORD;AMIENS;293;288;5;82;71.52777777777777;2.5121951219512195
2014-12;PARIS-ST-LAZARE;CHERBOURG;169;168;1;30;82.14285714285714;4.6
2014-12;PARIS-ST-LAZARE;TROUVILLE-DEAUVILLE;79;78;1;12;84.61538461538461;5.5
2014-12;ROUEN;PARIS-ST-LAZARE;281;278;3;31;88.84892086330936;7.967741935483871
2014-12;TOURS;PARIS-AUSTERLITZ;124;124;0;25;79.83870967741936;3.96
2014-12;AMIENS;PARIS-NORD;223;222;1;57;74.32432432432432;2.894736842105264
2014-12;BORDEAUX-ST-JEAN;LIMOGES;31;31;0;5;83.87096774193549;5.2
2014-12;BOURGES;PARIS-AUSTERLITZ;120;120;0;26;78.33333333333333;3.615384615384616
2014-12;CLERMONT-FERRAND;PARIS-BERCY;234;234;0;22;90.5982905982906;9.636363636363637
2014-12;GRANVILLE;PARIS-VAUGIRARD;163;158;5;19;87.9746835443038;7.315789473684211
2014-12;HENDAYE;TOULOUSE-MATABIAU;86;83;3;9;89.1566265060241;8.222222222222221
2014-12;LIMOGES;BORDEAUX-ST-JEAN;33;31;2;3;90.3225806451613;9.333333333333334
2014-12;PARIS-BERCY;CLERMONT-FERRAND;236;236;0;27;88.5593220338983;7.74074074074074
2014-12;PARIS-EST;TROYES;278;275;3;36;86.9090909090909;6.638888888888889
2014-12;PARIS-NORD;BOULOGNE-VILLE;83;83;0;26;68.67469879518072;2.1923076923076925
2014-12;PARIS-ST-LAZARE;CAEN;230;228;2;34;85.08771929824562;5.705882352941177
2014-12;TROUVILLE-DEAUVILLE;PARIS-ST-LAZARE;75;74;1;10;86.48648648648648;6.4
2014-12;TROYES;PARIS-EST;230;229;1;22;90.39301310043668;9.409090909090908
2014-12;BELFORT;PARIS-EST;126;124;2;17;86.29032258064517;6.294117647058823
2014-12;BORDEAUX-ST-JEAN;NICE-VILLE;192;180;12;53;70.55555555555556;2.39622641509434
2014-12;CAEN;PARIS-ST-LAZARE;187;185;2;20;89.1891891891892;8.25
2014-12;CLERMONT-FERRAND;NÎMES;33;30;3;5;83.33333333333333;5.0
2014-12;CLERMONT-FERRAND;BÉZIERS;34;31;3;2;93.5483870967742;14.5
2014-12;LYON-PART-DIEU;NANTES;77;77;0;11;85.71428571428571;6.0
2014-12;NEVERS;PARIS-BERCY;159;159;0;26;83.64779874213836;5.115384615384615
2014-12;PARIS-AUSTERLITZ;BOURGES;123;123;0;12;90.2439024390244;9.25
2014-12;PARIS-BERCY;NEVERS;159;158;1;21;86.70886075949367;6.523809523809524
2014-12;PARIS-ST-LAZARE;ROUEN;297;294;3;27;90.81632653061224;9.88888888888889
2014-12;BOULOGNE-VILLE;PARIS-NORD;155;152;3;36;76.3157894736842;3.2222222222222223
2014-12;MAUBEUGE;PARIS-NORD;317;310;7;23;92.58064516129032;12.478260869565217
2014-12;NÎMES;CLERMONT-FERRAND;5;4;1;0;100.0;0.0
2014-12;PARIS-AUSTERLITZ;CERBERE;102;95;7;16;83.15789473684211;4.9375
2014-12;PARIS-AUSTERLITZ;ORLÉANS;355;354;1;79;77.68361581920904;3.481012658227848
2014-12;PARIS-AUSTERLITZ;TOURS;129;129;0;21;83.72093023255815;5.142857142857143
2014-12;PARIS-NORD;MAUBEUGE;271;271;0;31;88.56088560885608;7.741935483870968
2014-12;BORDEAUX-ST-JEAN;NANTES;69;67;2;8;88.05970149253731;7.375
2014-12;LE HAVRE;PARIS-ST-LAZARE;355;349;6;44;87.39255014326648;6.931818181818182
2014-12;PARIS-ST-LAZARE;LE HAVRE;359;355;4;45;87.32394366197182;6.888888888888889
2014-12;PARIS-VAUGIRARD;GRANVILLE;164;159;5;16;89.937106918239;8.9375
2014-12;TOULOUSE-MATABIAU;HENDAYE;106;101;5;8;92.07920792079209;11.625
2014-12;TOURS;CAEN;60;56;4;10;82.14285714285714;4.6
2014-11;BELFORT;PARIS-EST;120;119;1;16;86.5546218487395;6.4375
2014-11;BORDEAUX-ST-JEAN;NICE-VILLE;197;187;10;58;68.98395721925134;2.2241379310344827
2014-11;CLERMONT-FERRAND;NÎMES;30;30;0;0;100.0;0.0
2014-11;GRANVILLE;PARIS-VAUGIRARD;164;163;1;25;84.66257668711657;5.52
2014-11;LYON-PART-DIEU;NANTES;98;97;1;9;90.72164948453609;9.77777777777778
2014-11;NANTES;BORDEAUX-ST-JEAN;68;68;0;13;80.88235294117646;4.230769230769231
2014-11;ORLÉANS;PARIS-AUSTERLITZ;345;344;1;88;74.4186046511628;2.909090909090909
2014-11;PARIS-AUSTERLITZ;BOURGES;117;117;0;13;88.88888888888889;8.0
2014-11;PARIS-BERCY;CLERMONT-FERRAND;210;209;1;34;83.73205741626793;5.147058823529412
2014-11;PARIS-EST;TROYES;247;246;1;32;86.9918699186992;6.6875
2014-11;PARIS-NORD;BOULOGNE-VILLE;67;67;0;7;89.55223880597015;8.571428571428571
2014-11;PARIS-ST-LAZARE;ROUEN;283;279;4;21;92.47311827956987;12.285714285714286
2014-11;PARIS-VAUGIRARD;GRANVILLE;158;158;0;25;84.17721518987342;5.32
2014-11;TOURS;CAEN;60;60;0;11;81.66666666666667;4.454545454545454
2014-11;TOURS;PARIS-AUSTERLITZ;120;120;0;26;78.33333333333333;3.615384615384616
2014-11;BOULOGNE-VILLE;PARIS-NORD;154;153;1;22;85.62091503267973;5.954545454545454
2014-11;CAEN;PARIS-ST-LAZARE;190;189;1;25;86.77248677248677;6.56
2014-11;CLERMONT-FERRAND;PARIS-BERCY;211;211;0;23;89.0995260663507;8.173913043478262
2014-11;CLERMONT-FERRAND;BÉZIERS;33;30;3;1;96.66666666666669;29.0
2014-11;PARIS-ST-LAZARE;CHERBOURG;161;161;0;25;84.472049689441;5.44
2014-11;ROUEN;PARIS-ST-LAZARE;269;266;3;23;91.35338345864662;10.565217391304348
2014-11;BOURGES;PARIS-AUSTERLITZ;119;119;0;22;81.51260504201682;4.409090909090909
2014-11;CAEN;TOURS;67;67;0;9;86.56716417910448;6.444444444444445
2014-11;CHERBOURG;PARIS-ST-LAZARE;187;186;1;14;92.47311827956987;12.285714285714286
2014-11;HENDAYE;TOULOUSE-MATABIAU;71;69;2;4;94.20289855072464;16.25
2014-11;PARIS-AUSTERLITZ;TOURS;123;123;0;21;82.92682926829268;4.857142857142857
2014-11;BÉZIERS;CLERMONT-FERRAND;33;30;3;2;93.33333333333331;14.0
2014-11;BORDEAUX-ST-JEAN;LIMOGES;20;20;0;1;95.0;19.0
2014-11;BORDEAUX-ST-JEAN;NANTES;68;67;1;13;80.59701492537313;4.153846153846154
2014-11;CERBERE;PARIS-AUSTERLITZ;98;96;2;13;86.45833333333333;6.384615384615385
2014-11;LE HAVRE;PARIS-ST-LAZARE;342;338;4;37;89.05325443786982;8.135135135135135
2014-11;LIMOGES;BORDEAUX-ST-JEAN;30;30;0;5;83.33333333333333;5.0
2014-11;NEVERS;PARIS-BERCY;147;146;1;7;95.2054794520548;19.857142857142858
2014-11;NÎMES;CLERMONT-FERRAND;30;30;0;1;96.66666666666669;29.0
2014-11;PARIS-AUSTERLITZ;ORLÉANS;336;336;0;68;79.76190476190476;3.941176470588236
2014-11;PARIS-BERCY;NEVERS;147;147;0;23;84.35374149659864;5.391304347826087
2014-11;PARIS-NORD;MAUBEUGE;273;273;0;27;90.1098901098901;9.11111111111111
2014-11;PARIS-ST-LAZARE;LE HAVRE;331;330;1;37;88.78787878787878;7.918918918918919
2014-11;PARIS-ST-LAZARE;TROUVILLE-DEAUVILLE;76;76;0;13;82.89473684210526;4.846153846153846
2014-11;PARIS-ST-LAZARE;CAEN;230;228;2;30;86.84210526315789;6.6
2014-11;AMIENS;PARIS-NORD;194;192;2;45;76.5625;3.2666666666666666
2014-11;MAUBEUGE;PARIS-NORD;278;277;1;20;92.7797833935018;12.85
2014-11;NANTES;LYON-PART-DIEU;20;19;1;1;94.73684210526316;18.0
2014-11;NICE-VILLE;BORDEAUX-ST-JEAN;184;175;9;38;78.28571428571428;3.6052631578947367
2014-11;PARIS-AUSTERLITZ;CERBERE;98;95;3;10;89.47368421052632;8.5
2014-11;PARIS-EST;BELFORT;126;126;0;15;88.0952380952381;7.4
2014-11;PARIS-NORD;AMIENS;280;278;2;54;80.57553956834532;4.148148148148148
2014-11;TOULOUSE-MATABIAU;HENDAYE;80;79;1;6;92.40506329113924;12.166666666666666
2014-11;TROUVILLE-DEAUVILLE;PARIS-ST-LAZARE;78;77;1;8;89.6103896103896;8.625
2014-11;TROYES;PARIS-EST;229;229;0;32;86.02620087336244;6.15625
2014-10;BORDEAUX-ST-JEAN;NICE-VILLE;194;191;3;48;74.86910994764398;2.9791666666666665
2014-10;BORDEAUX-ST-JEAN;NANTES;71;71;0;9;87.32394366197182;6.888888888888889
2014-10;BOURGES;PARIS-AUSTERLITZ;125;123;2;18;85.36585365853658;5.833333333333333
2014-10;LE HAVRE;PARIS-ST-LAZARE;366;364;2;39;89.28571428571429;8.333333333333334
2014-10;LYON-PART-DIEU;NANTES;108;108;0;7;93.51851851851852;14.428571428571429
2014-10;PARIS-AUSTERLITZ;CERBERE;314;314;0;31;90.12738853503186;9.129032258064516
2014-10;PARIS-ST-LAZARE;ROUEN;336;326;10;56;82.82208588957056;4.821428571428571
2014-10;TROYES;PARIS-EST;237;235;2;59;74.8936170212766;2.983050847457627
2014-10;BORDEAUX-ST-JEAN;LIMOGES;31;31;0;1;96.7741935483871;30.0
2014-10;BOULOGNE-VILLE;PARIS-NORD;157;155;2;29;81.29032258064515;4.344827586206897
2014-10;CERBERE;PARIS-AUSTERLITZ;308;307;1;35;88.59934853420195;7.771428571428571
2014-10;HENDAYE;TOULOUSE-MATABIAU;152;147;5;7;95.23809523809524;20.0
2014-10;PARIS-BERCY;NEVERS;134;134;0;24;82.08955223880596;4.583333333333333
2014-10;PARIS-EST;TROYES;279;277;2;57;79.42238267148014;3.8596491228070176
2014-10;PARIS-NORD;BOULOGNE-VILLE;66;66;0;11;83.33333333333333;5.0
2014-10;PARIS-ST-LAZARE;CHERBOURG;175;175;0;31;82.28571428571428;4.645161290322581
2014-10;BÉZIERS;CLERMONT-FERRAND;27;27;0;5;81.48148148148148;4.4
2014-10;CAEN;PARIS-ST-LAZARE;197;193;4;29;84.97409326424871;5.655172413793103
2014-10;CHERBOURG;PARIS-ST-LAZARE;197;197;0;22;88.83248730964468;7.954545454545454
2014-10;LIMOGES;BORDEAUX-ST-JEAN;31;31;0;2;93.5483870967742;14.5
2014-10;NEVERS;PARIS-BERCY;153;152;1;17;88.8157894736842;7.9411764705882355
2014-10;NÎMES;CLERMONT-FERRAND;35;27;8;0;100.0;0.0
2014-10;PARIS-AUSTERLITZ;ORLÉANS;371;370;1;84;77.29729729729729;3.4047619047619047
2014-10;PARIS-BERCY;CLERMONT-FERRAND;235;235;0;15;93.61702127659576;14.666666666666666
2014-10;PARIS-NORD;MAUBEUGE;309;309;0;40;87.05501618122977;6.725
2014-10;PARIS-ST-LAZARE;LE HAVRE;364;364;0;45;87.63736263736264;7.088888888888889
2014-10;PARIS-VAUGIRARD;GRANVILLE;166;165;1;27;83.63636363636364;5.111111111111111
2014-10;TOURS;PARIS-AUSTERLITZ;124;123;1;33;73.17073170731707;2.727272727272727
2014-10;AMIENS;PARIS-NORD;227;226;1;58;74.3362831858407;2.896551724137931
2014-10;GRANVILLE;PARIS-VAUGIRARD;163;163;0;36;77.91411042944785;3.5277777777777777
2014-10;NANTES;BORDEAUX-ST-JEAN;71;71;0;11;84.50704225352112;5.454545454545454
2014-10;NICE-VILLE;BORDEAUX-ST-JEAN;186;182;4;38;79.12087912087912;3.789473684210526
2014-10;PARIS-AUSTERLITZ;TOURS;128;128;0;29;77.34375;3.413793103448276
2014-10;PARIS-AUSTERLITZ;BOURGES;123;121;2;14;88.4297520661157;7.642857142857143
2014-10;PARIS-EST;BELFORT;129;128;1;17;86.71875;6.529411764705882
2014-10;PARIS-ST-LAZARE;TROUVILLE-DEAUVILLE;86;86;0;18;79.06976744186046;3.7777777777777777
2014-10;PARIS-ST-LAZARE;CAEN;245;244;1;48;80.32786885245902;4.083333333333333
2014-10;TOURS;CAEN;62;62;0;7;88.70967741935483;7.857142857142857
2014-10;TROUVILLE-DEAUVILLE;PARIS-ST-LAZARE;81;80;1;14;82.5;4.714285714285714
2014-10;BELFORT;PARIS-EST;125;124;1;19;84.6774193548387;5.526315789473684
2014-10;CAEN;TOURS;66;66;0;17;74.24242424242425;2.8823529411764706
2014-10;CLERMONT-FERRAND;NÎMES;35;26;9;8;69.23076923076923;2.25
2014-10;CLERMONT-FERRAND;PARIS-BERCY;226;226;0;17;92.47787610619469;12.294117647058824
2014-10;CLERMONT-FERRAND;BÉZIERS;27;27;0;2;92.5925925925926;12.5
2014-10;MAUBEUGE;PARIS-NORD;309;308;1;26;91.55844155844156;10.846153846153848
2014-10;NANTES;LYON-PART-DIEU;17;17;0;0;100.0;0.0
2014-10;ORLÉANS;PARIS-AUSTERLITZ;380;379;1;87;77.04485488126649;3.35632183908046
2014-10;PARIS-NORD;AMIENS;316;316;0;83;73.73417721518987;2.8072289156626504
2014-10;ROUEN;PARIS-ST-LAZARE;300;294;6;31;89.45578231292517;8.483870967741936
2014-10;TOULOUSE-MATABIAU;HENDAYE;151;148;3;15;89.86486486486487;8.866666666666667
2014-09;PARIS-VAUGIRARD;GRANVILLE;161;158;3;20;87.34177215189874;6.9
2014-09;HENDAYE;TOULOUSE-MATABIAU;64;64;0;5;92.1875;11.8
2014-09;MAUBEUGE;PARIS-NORD;294;286;8;36;87.41258741258741;6.944444444444445
2014-09;NEVERS;PARIS-BERCY;156;156;0;4;97.43589743589745;38.0
2014-09;TOURS;PARIS-AUSTERLITZ;111;111;0;22;80.18018018018017;4.045454545454546
2014-09;TROYES;PARIS-EST;232;230;2;19;91.7391304347826;11.105263157894736
2014-09;LIMOGES;BORDEAUX-ST-JEAN;28;27;1;2;92.5925925925926;12.5
2014-09;NANTES;BORDEAUX-ST-JEAN;68;68;0;6;91.17647058823528;10.333333333333334
2014-09;CAEN;PARIS-ST-LAZARE;188;188;0;18;90.4255319148936;9.444444444444445
2014-09;CAEN;TOURS;64;64;0;14;78.125;3.571428571428572
2014-09;CHERBOURG;PARIS-ST-LAZARE;190;190;0;14;92.63157894736842;12.571428571428571
2014-09;BELFORT;PARIS-EST;120;120;0;9;92.5;12.333333333333334
2014-09;PARIS-BERCY;NEVERS;156;156;0;8;94.87179487179488;18.5
2014-09;ORLÉANS;PARIS-AUSTERLITZ;351;347;4;62;82.13256484149856;4.596774193548387
2014-09;PARIS-ST-LAZARE;TROUVILLE-DEAUVILLE;86;86;0;9;89.53488372093022;8.555555555555555
2014-09;CLERMONT-FERRAND;BÉZIERS;30;30;0;1;96.66666666666669;29.0
2014-09;BORDEAUX-ST-JEAN;NICE-VILLE;179;173;6;46;73.41040462427746;2.760869565217391
2014-09;PARIS-NORD;BOULOGNE-VILLE;64;63;1;3;95.23809523809524;20.0
2014-09;BOURGES;PARIS-AUSTERLITZ;117;117;0;21;82.05128205128204;4.571428571428571
2014-09;PARIS-AUSTERLITZ;BOURGES;120;120;0;14;88.33333333333333;7.571428571428571
2014-09;PARIS-NORD;AMIENS;304;298;6;71;76.1744966442953;3.197183098591549
2014-09;TOURS;CAEN;60;60;0;6;90.0;9.0
2014-09;NÎMES;CLERMONT-FERRAND;29;26;3;2;92.3076923076923;12.0
2014-09;CLERMONT-FERRAND;PARIS-BERCY;228;227;1;18;92.0704845814978;11.61111111111111
2014-09;TOULOUSE-MATABIAU;HENDAYE;104;104;0;2;98.07692307692308;51.0
2014-09;LE HAVRE;PARIS-ST-LAZARE;351;350;1;42;88.0;7.333333333333333
2014-09;PARIS-ST-LAZARE;LE HAVRE;352;350;2;26;92.57142857142856;12.461538461538462
2014-09;NANTES;LYON-PART-DIEU;16;16;0;0;100.0;0.0
2014-09;PARIS-EST;TROYES;264;263;1;18;93.15589353612168;13.61111111111111
2014-09;PARIS-ST-LAZARE;ROUEN;310;306;4;25;91.83006535947712;11.24
2014-09;BÉZIERS;CLERMONT-FERRAND;31;30;1;2;93.33333333333331;14.0
2014-09;NICE-VILLE;BORDEAUX-ST-JEAN;170;164;6;40;75.60975609756098;3.1
2014-09;BORDEAUX-ST-JEAN;LIMOGES;27;27;0;0;100.0;0.0
2014-09;BOULOGNE-VILLE;PARIS-NORD;151;148;3;25;83.10810810810811;4.92
2014-09;PARIS-ST-LAZARE;CAEN;235;234;1;26;88.88888888888889;8.0
2014-09;AMIENS;PARIS-NORD;217;213;4;68;68.07511737089202;2.1323529411764706
2014-09;CERBERE;PARIS-AUSTERLITZ;273;269;4;28;89.59107806691449;8.607142857142858
2014-09;PARIS-ST-LAZARE;CHERBOURG;170;169;1;14;91.71597633136096;11.071428571428571
2014-09;PARIS-BERCY;CLERMONT-FERRAND;229;228;1;11;95.17543859649123;19.727272727272727
2014-09;GRANVILLE;PARIS-VAUGIRARD;161;158;3;18;88.60759493670886;7.777777777777778
2014-09;LYON-PART-DIEU;NANTES;106;104;2;10;90.3846153846154;9.4
2014-09;PARIS-EST;BELFORT;124;124;0;8;93.5483870967742;14.5
2014-09;PARIS-AUSTERLITZ;ORLÉANS;337;334;3;52;84.4311377245509;5.423076923076923
2014-09;PARIS-AUSTERLITZ;TOURS;114;113;1;16;85.84070796460176;6.0625
2014-09;TROUVILLE-DEAUVILLE;PARIS-ST-LAZARE;86;86;0;11;87.20930232558139;6.818181818181818
2014-09;ROUEN;PARIS-ST-LAZARE;288;287;1;19;93.37979094076655;14.105263157894736
2014-09;PARIS-AUSTERLITZ;CERBERE;272;269;3;31;88.47583643122677;7.67741935483871
2014-09;CLERMONT-FERRAND;NÎMES;28;26;2;0;100.0;0.0
2014-09;PARIS-NORD;MAUBEUGE;294;288;6;32;88.88888888888889;8.0
2014-09;BORDEAUX-ST-JEAN;NANTES;68;68;0;7;89.70588235294117;8.714285714285714
2014-08;BOULOGNE-VILLE;PARIS-NORD;157;156;1;19;87.82051282051282;7.2105263157894735
2014-08;BOURGES;PARIS-AUSTERLITZ;124;124;0;11;91.12903225806453;10.272727272727272
2014-08;GRANVILLE;PARIS-VAUGIRARD;167;167;0;17;89.82035928143712;8.823529411764707
2014-08;ORLÉANS;PARIS-AUSTERLITZ;367;367;0;33;91.00817438692098;10.12121212121212
2014-08;PARIS-ST-LAZARE;CHERBOURG;174;174;0;13;92.52873563218392;12.384615384615383
2014-08;ROUEN;PARIS-ST-LAZARE;258;256;2;24;90.625;9.666666666666666
2014-08;TROYES;PARIS-EST;243;243;0;28;88.47736625514403;7.678571428571429
2014-08;CAEN;TOURS;68;68;0;16;76.47058823529412;3.25
2014-08;CAEN;PARIS-ST-LAZARE;197;196;1;16;91.83673469387756;11.25
2014-08;CLERMONT-FERRAND;PARIS-BERCY;217;216;1;13;93.98148148148148;15.615384615384617
2014-08;NANTES;LYON-PART-DIEU;21;21;0;0;100.0;0.0
2014-08;NÎMES;CLERMONT-FERRAND;33;31;2;8;74.19354838709677;2.875
2014-08;PARIS-AUSTERLITZ;TOURS;128;128;0;24;81.25;4.333333333333333
2014-08;PARIS-BERCY;CLERMONT-FERRAND;216;216;0;10;95.37037037037037;20.6
2014-08;PARIS-NORD;AMIENS;294;289;5;45;84.42906574394463;5.422222222222223
2014-08;PARIS-NORD;MAUBEUGE;297;295;2;21;92.8813559322034;13.047619047619047
2014-08;PARIS-ST-LAZARE;ROUEN;264;262;2;19;92.74809160305344;12.789473684210526
2014-08;PARIS-ST-LAZARE;CAEN;242;241;1;20;91.701244813278;11.05
2014-08;TOURS;PARIS-AUSTERLITZ;124;124;0;16;87.09677419354838;6.75
2014-08;TROUVILLE-DEAUVILLE;PARIS-ST-LAZARE;129;127;2;15;88.18897637795276;7.466666666666667
2014-08;AMIENS;PARIS-NORD;208;203;5;29;85.71428571428571;6.0
2014-08;CHERBOURG;PARIS-ST-LAZARE;198;196;2;16;91.83673469387756;11.25
2014-08;HENDAYE;TOULOUSE-MATABIAU;59;50;9;10;80.0;4.0
2014-08;LE HAVRE;PARIS-ST-LAZARE;315;313;2;31;90.09584664536742;9.096774193548388
2014-08;LIMOGES;BORDEAUX-ST-JEAN;31;31;0;1;96.7741935483871;30.0
2014-08;NICE-VILLE;BORDEAUX-ST-JEAN;187;185;2;36;80.54054054054055;4.138888888888889
2014-08;PARIS-AUSTERLITZ;CERBERE;311;310;1;23;92.58064516129032;12.478260869565217
2014-08;PARIS-BERCY;NEVERS;147;145;2;10;93.10344827586206;13.5
2014-08;PARIS-ST-LAZARE;LE HAVRE;302;302;0;27;91.05960264900662;10.185185185185183
2014-08;TOULOUSE-MATABIAU;HENDAYE;106;96;10;26;72.91666666666667;2.6923076923076925
2014-08;BELFORT;PARIS-EST;123;123;0;5;95.9349593495935;23.6
2014-08;BORDEAUX-ST-JEAN;NICE-VILLE;196;196;0;43;78.06122448979592;3.558139534883721
2014-08;BORDEAUX-ST-JEAN;NANTES;73;72;1;13;81.94444444444444;4.538461538461538
2014-08;CLERMONT-FERRAND;BÉZIERS;31;31;0;4;87.09677419354838;6.75
2014-08;LYON-PART-DIEU;NANTES;104;103;1;5;95.14563106796116;19.6
2014-08;MAUBEUGE;PARIS-NORD;299;294;5;27;90.81632653061224;9.88888888888889
2014-08;NANTES;BORDEAUX-ST-JEAN;72;72;0;13;81.94444444444444;4.538461538461538
2014-08;PARIS-AUSTERLITZ;ORLÉANS;356;356;0;39;89.04494382022472;8.128205128205128
2014-08;PARIS-EST;TROYES;254;252;2;15;94.04761904761904;15.8
2014-08;PARIS-ST-LAZARE;TROUVILLE-DEAUVILLE;135;135;0;24;82.22222222222223;4.625
2014-08;PARIS-VAUGIRARD;GRANVILLE;165;165;0;19;88.48484848484848;7.684210526315789
2014-08;BÉZIERS;CLERMONT-FERRAND;32;31;1;3;90.3225806451613;9.333333333333334
2014-08;BORDEAUX-ST-JEAN;LIMOGES;31;31;0;1;96.7741935483871;30.0
2014-08;CERBERE;PARIS-AUSTERLITZ;305;304;1;21;93.09210526315788;13.476190476190476
2014-08;CLERMONT-FERRAND;NÎMES;31;31;0;3;90.3225806451613;9.333333333333334
2014-08;NEVERS;PARIS-BERCY;154;151;3;10;93.3774834437086;14.1
2014-08;PARIS-AUSTERLITZ;BOURGES;117;117;0;12;89.74358974358974;8.75
2014-08;PARIS-EST;BELFORT;129;129;0;3;97.67441860465117;42.0
2014-08;PARIS-NORD;BOULOGNE-VILLE;68;68;0;3;95.58823529411764;21.666666666666668
2014-08;TOURS;CAEN;62;62;0;5;91.93548387096774;11.4
2014-07;CAEN;TOURS;67;67;0;7;89.55223880597015;8.571428571428571
2014-07;CHERBOURG;PARIS-ST-LAZARE;200;200;0;13;93.5;14.384615384615383
2014-07;CLERMONT-FERRAND;PARIS-BERCY;213;212;1;23;89.15094339622641;8.217391304347826
2014-07;GRANVILLE;PARIS-VAUGIRARD;165;164;1;24;85.36585365853658;5.833333333333333
2014-07;PARIS-ST-LAZARE;LE HAVRE;306;301;5;32;89.3687707641196;8.40625
2014-07;LYON-PART-DIEU;NANTES;107;105;2;8;92.38095238095238;12.125
2014-07;BELFORT;PARIS-EST;128;123;5;12;90.2439024390244;9.25
2014-07;NEVERS;PARIS-BERCY;155;154;1;21;86.36363636363636;6.333333333333333
2014-07;PARIS-AUSTERLITZ;TOURS;130;126;4;48;61.90476190476191;1.625
2014-07;PARIS-EST;TROYES;274;272;2;37;86.3970588235294;6.351351351351352
2014-07;TROUVILLE-DEAUVILLE;PARIS-ST-LAZARE;130;130;0;14;89.23076923076923;8.285714285714286
2014-07;BÉZIERS;CLERMONT-FERRAND;31;31;0;2;93.5483870967742;14.5
2014-07;CLERMONT-FERRAND;BÉZIERS;31;31;0;3;90.3225806451613;9.333333333333334
2014-07;NANTES;BORDEAUX-ST-JEAN;72;70;2;17;75.71428571428572;3.117647058823529
2014-07;BOULOGNE-VILLE;PARIS-NORD;157;156;1;25;83.97435897435898;5.24
2014-07;PARIS-ST-LAZARE;CHERBOURG;175;175;0;18;89.71428571428571;8.722222222222221
2014-07;HENDAYE;TOULOUSE-MATABIAU;197;147;50;26;82.31292517006803;4.653846153846154
2014-07;TROYES;PARIS-EST;233;231;2;19;91.77489177489176;11.157894736842104
2014-07;PARIS-ST-LAZARE;TROUVILLE-DEAUVILLE;131;131;0;18;86.25954198473282;6.277777777777778
2014-07;ROUEN;PARIS-ST-LAZARE;257;249;8;33;86.74698795180723;6.545454545454546
2014-07;LIMOGES;BORDEAUX-ST-JEAN;31;31;0;5;83.87096774193549;5.2
2014-07;PARIS-NORD;BOULOGNE-VILLE;67;67;0;10;85.07462686567165;5.7
2014-07;AMIENS;PARIS-NORD;219;219;0;39;82.1917808219178;4.615384615384615
2014-07;PARIS-NORD;AMIENS;309;306;3;62;79.73856209150327;3.935483870967742
2014-07;PARIS-AUSTERLITZ;CERBERE;320;310;10;60;80.64516129032258;4.166666666666667
2014-07;PARIS-VAUGIRARD;GRANVILLE;163;163;0;26;84.04907975460122;5.269230769230769
2014-07;PARIS-EST;BELFORT;131;128;3;21;83.59375;5.095238095238095
2014-07;PARIS-AUSTERLITZ;BOURGES;112;109;3;13;88.07339449541284;7.384615384615385
2014-07;CERBERE;PARIS-AUSTERLITZ;314;302;12;53;82.45033112582782;4.69811320754717
2014-07;CLERMONT-FERRAND;NÎMES;32;31;1;4;87.09677419354838;6.75
2014-07;NÎMES;CLERMONT-FERRAND;31;31;0;4;87.09677419354838;6.75
2014-07;PARIS-BERCY;CLERMONT-FERRAND;217;216;1;13;93.98148148148148;15.615384615384617
2014-07;TOULOUSE-MATABIAU;HENDAYE;195;145;50;30;79.3103448275862;3.8333333333333335
2014-07;NANTES;LYON-PART-DIEU;17;17;0;1;94.11764705882354;16.0
2014-07;MAUBEUGE;PARIS-NORD;306;303;3;24;92.07920792079209;11.625
2014-07;PARIS-AUSTERLITZ;ORLÉANS;359;342;17;109;68.12865497076024;2.1376146788990824
2014-07;NICE-VILLE;BORDEAUX-ST-JEAN;190;186;4;43;76.88172043010752;3.3255813953488373
2014-07;BORDEAUX-ST-JEAN;LIMOGES;31;31;0;1;96.7741935483871;30.0
2014-07;CAEN;PARIS-ST-LAZARE;195;192;3;16;91.66666666666669;11.0
2014-07;PARIS-ST-LAZARE;CAEN;241;240;1;38;84.16666666666667;5.315789473684211
2014-07;TOURS;CAEN;63;62;1;9;85.48387096774194;5.888888888888889
2014-07;LE HAVRE;PARIS-ST-LAZARE;312;308;4;27;91.23376623376625;10.407407407407408
2014-07;PARIS-NORD;MAUBEUGE;305;305;0;26;91.47540983606558;10.73076923076923
2014-07;PARIS-BERCY;NEVERS;150;149;1;18;87.91946308724832;7.277777777777778
2014-07;ORLÉANS;PARIS-AUSTERLITZ;370;356;14;91;74.43820224719101;2.912087912087912
2014-07;TOURS;PARIS-AUSTERLITZ;127;120;7;35;70.83333333333333;2.4285714285714284
2014-07;PARIS-ST-LAZARE;ROUEN;261;253;8;40;84.18972332015811;5.325
2014-07;BORDEAUX-ST-JEAN;NICE-VILLE;198;194;4;63;67.5257731958763;2.0793650793650795
2014-07;BORDEAUX-ST-JEAN;NANTES;73;70;3;21;70.0;2.333333333333333
2014-07;BOURGES;PARIS-AUSTERLITZ;126;121;5;30;75.20661157024793;3.033333333333333
2014-06;BOURGES;PARIS-AUSTERLITZ;98;98;0;17;82.7;4.8
2014-06;NANTES;LYON-PART-DIEU;13;13;0;3;76.9;3.3
2014-06;NANTES;BORDEAUX-ST-JEAN;60;60;0;9;85.0;5.7
2014-06;NICE-VILLE;BORDEAUX-ST-JEAN;154;153;1;52;66.0;1.9
2014-06;ORLÉANS;PARIS-AUSTERLITZ;233;232;1;41;82.3;4.7
2014-06;PARIS-AUSTERLITZ;TOURS;96;96;0;29;69.8;2.3
2014-06;TROUVILLE-DEAUVILLE;PARIS-ST-LAZARE;74;73;1;9;87.7;7.1
2014-06;PARIS-BERCY;CLERMONT-FERRAND;179;179;0;30;83.2;5.0
2014-06;PARIS-ST-LAZARE;CAEN;191;190;1;24;87.4;6.9
2014-06;PARIS-EST;BELFORT;103;103;0;19;81.6;4.4
2014-06;BORDEAUX-ST-JEAN;NANTES;50;50;0;12;76.0;3.2
2014-06;CLERMONT-FERRAND;BÉZIERS;19;19;0;2;89.5;8.5
2014-06;HENDAYE;TOULOUSE-MATABIAU;80;79;1;11;86.1;6.2
2014-06;LYON-PART-DIEU;NANTES;63;60;3;7;88.3;7.6
2014-06;CHERBOURG;PARIS-ST-LAZARE;166;166;0;24;85.5;5.9
2014-06;GRANVILLE;PARIS-VAUGIRARD;130;130;0;14;89.2;8.3
2014-06;PARIS-AUSTERLITZ;BOURGES;98;98;0;15;84.7;5.5
2014-06;MAUBEUGE;PARIS-NORD;240;239;1;21;91.2;10.4
2014-06;PARIS-NORD;MAUBEUGE;243;242;1;26;89.3;8.3
2014-06;ROUEN;PARIS-ST-LAZARE;217;217;0;21;90.3;9.3
2014-06;PARIS-NORD;BOULOGNE-VILLE;47;47;0;1;97.9;46.0
2014-06;BELFORT;PARIS-EST;96;96;0;10;89.6;8.6
2014-06;BORDEAUX-ST-JEAN;NICE-VILLE;158;158;0;55;65.2;1.9
2014-06;AMIENS;PARIS-NORD;153;153;0;35;77.1;3.4
2014-06;PARIS-AUSTERLITZ;CERBERE;209;209;0;33;84.2;5.3
2014-06;PARIS-ST-LAZARE;ROUEN;205;203;2;17;91.6;10.9
2014-06;TOULOUSE-MATABIAU;HENDAYE;78;78;0;11;85.9;6.1
2014-06;TOURS;PARIS-AUSTERLITZ;101;101;0;21;79.2;3.8
2014-06;LIMOGES;BORDEAUX-ST-JEAN;27;26;1;0;100.0;0.0
2014-06;NÎMES;CLERMONT-FERRAND;20;20;0;2;90.0;9.0
2014-06;CAEN;TOURS;43;43;0;7;83.7;5.1
2014-06;PARIS-ST-LAZARE;CHERBOURG;138;138;0;18;87.0;6.7
2014-06;PARIS-VAUGIRARD;GRANVILLE;122;122;0;22;82.0;4.5
2014-06;LE HAVRE;PARIS-ST-LAZARE;293;293;0;70;76.1;3.2
2014-06;PARIS-ST-LAZARE;TROUVILLE-DEAUVILLE;65;65;0;6;90.8;9.8
2014-06;TROYES;PARIS-EST;172;167;5;20;88.0;7.3
2014-06;BÉZIERS;CLERMONT-FERRAND;19;19;0;2;89.5;8.5
2014-06;BORDEAUX-ST-JEAN;LIMOGES;26;26;0;2;92.3;12.0
2014-06;CERBERE;PARIS-AUSTERLITZ;208;208;0;41;80.3;4.1
2014-06;CLERMONT-FERRAND;NÎMES;20;20;0;1;95.0;19.0
2014-06;CLERMONT-FERRAND;PARIS-BERCY;183;183;0;29;84.2;5.3
2014-06;NEVERS;PARIS-BERCY;106;106;0;19;82.1;4.6
2014-06;PARIS-NORD;AMIENS;227;227;0;46;79.7;3.9
2014-06;TOURS;CAEN;43;43;0;9;79.1;3.8
2014-06;PARIS-AUSTERLITZ;ORLÉANS;231;229;2;53;76.9;3.3
2014-06;PARIS-ST-LAZARE;LE HAVRE;285;285;0;45;84.2;5.3
2014-06;PARIS-BERCY;NEVERS;108;107;1;16;85.0;5.7
2014-06;BOULOGNE-VILLE;PARIS-NORD;120;120;0;16;86.7;6.5
2014-06;CAEN;PARIS-ST-LAZARE;164;163;1;21;87.1;6.8
2014-06;PARIS-EST;TROYES;214;211;3;27;87.2;6.8
2014-05;BELFORT;PARIS-EST;32;31;1;1;96.8;30.0
2014-05;CLERMONT-FERRAND;NÎMES;250;249;1;23;90.8;9.8
2014-05;CLERMONT-FERRAND;PARIS-BERCY;285;284;1;10;96.5;27.4
2014-05;TOURS;CAEN;95;95;0;7;92.6;12.6
2014-05;CHERBOURG;PARIS-ST-LAZARE;169;168;1;14;91.7;11.0
2014-05;PARIS-ST-LAZARE;CHERBOURG;31;31;0;1;96.8;30.0
2014-05;BOULOGNE-VILLE;PARIS-NORD;28;27;1;3;88.9;8.0
2014-05;PARIS-ST-LAZARE;CAEN;228;228;0;17;92.5;12.4
2014-05;PARIS-BERCY;CLERMONT-FERRAND;156;156;0;14;91.0;10.1
2014-05;PARIS-EST;TROYES;224;224;0;20;91.1;10.2
2014-05;TOURS;PARIS-AUSTERLITZ;169;169;0;10;94.1;15.9
2014-05;TROYES;PARIS-EST;117;117;0;14;88.0;7.4
2014-05;BORDEAUX-ST-JEAN;NANTES;187;186;1;11;94.1;15.9
2014-05;BOURGES;PARIS-AUSTERLITZ;97;96;1;10;89.6;8.6
2014-05;LIMOGES;BORDEAUX-ST-JEAN;22;20;2;5;75.0;3.0
2014-05;NANTES;BORDEAUX-ST-JEAN;287;285;2;18;93.7;14.8
2014-05;NEVERS;PARIS-BERCY;132;129;3;5;96.1;24.8
2014-05;NICE-VILLE;BORDEAUX-ST-JEAN;132;129;3;4;96.9;31.2
2014-05;MAUBEUGE;PARIS-NORD;338;336;2;59;82.4;4.7
2014-05;PARIS-NORD;MAUBEUGE;70;70;0;5;92.9;13.0
2014-05;PARIS-AUSTERLITZ;BOURGES;191;191;0;22;88.5;7.7
2014-05;BÉZIERS;CLERMONT-FERRAND;71;70;1;10;85.7;6.0
2014-05;CERBERE;PARIS-AUSTERLITZ;354;353;1;24;93.2;13.7
2014-05;CLERMONT-FERRAND;BÉZIERS;306;305;1;15;95.1;19.3
2014-05;HENDAYE;TOULOUSE-MATABIAU;224;223;1;12;94.6;17.6
2014-05;GRANVILLE;PARIS-VAUGIRARD;85;84;1;5;94.0;15.8
2014-05;PARIS-VAUGIRARD;GRANVILLE;128;128;0;7;94.5;17.3
2014-05;LE HAVRE;PARIS-ST-LAZARE;31;29;2;2;93.1;13.5
2014-05;PARIS-ST-LAZARE;LE HAVRE;183;183;0;29;84.2;5.3
2014-05;ORLÉANS;PARIS-AUSTERLITZ;294;289;5;21;92.7;12.8
2014-05;PARIS-AUSTERLITZ;CERBERE;26;26;0;0;100.0;0.0
2014-05;PARIS-AUSTERLITZ;ORLÉANS;154;154;0;10;93.5;14.4
2014-05;PARIS-EST;BELFORT;276;276;0;46;83.3;5.0
2014-05;AMIENS;PARIS-NORD;122;121;1;7;94.2;16.3
2014-05;CAEN;TOURS;255;254;1;13;94.9;18.5
2014-05;PARIS-ST-LAZARE;ROUEN;156;156;0;5;96.8;30.2
2014-05;CAEN;PARIS-ST-LAZARE;144;143;1;19;86.7;6.5
2014-05;PARIS-AUSTERLITZ;TOURS;197;197;0;31;84.3;5.4
2014-05;PARIS-BERCY;NEVERS;67;67;0;8;88.1;7.4
2014-05;TOULOUSE-MATABIAU;HENDAYE;68;68;0;2;97.1;33.0
2014-05;BORDEAUX-ST-JEAN;NICE-VILLE;349;348;1;17;95.1;19.5
2014-05;BORDEAUX-ST-JEAN;LIMOGES;32;31;1;1;96.8;30.0
2014-05;LYON-PART-DIEU;NANTES;286;284;2;35;87.7;7.1
2014-05;NANTES;LYON-PART-DIEU;197;194;3;10;94.8;18.4
2014-05;PARIS-NORD;AMIENS;169;169;0;12;92.9;13.1
2014-05;NÎMES;CLERMONT-FERRAND;351;347;4;61;82.4;4.7
2014-05;PARIS-ST-LAZARE;TROUVILLE-DEAUVILLE;123;123;0;18;85.4;5.8
2014-05;TROUVILLE-DEAUVILLE;PARIS-ST-LAZARE;60;60;0;9;85.0;5.7
2014-05;ROUEN;PARIS-ST-LAZARE;279;279;0;33;88.2;7.5
2014-05;PARIS-NORD;BOULOGNE-VILLE;144;144;0;15;89.6;8.6
2014-04;BORDEAUX-ST-JEAN;LIMOGES;30;30;0;0;100.0;0.0
2014-04;BORDEAUX-ST-JEAN;NANTES;69;69;0;9;87.0;6.7
2014-04;BOURGES;PARIS-AUSTERLITZ;143;143;0;23;83.9;5.2
2014-04;CERBERE;PARIS-AUSTERLITZ;299;299;0;23;92.3;12.0
2014-04;CLERMONT-FERRAND;BÉZIERS;11;11;0;0;100.0;0.0
2014-04;LE HAVRE;PARIS-ST-LAZARE;352;351;1;28;92.0;11.5
2014-04;PARIS-ST-LAZARE;ROUEN;323;322;1;21;93.5;14.3
2014-04;ROUEN;PARIS-ST-LAZARE;289;286;3;18;93.7;14.9
2014-04;PARIS-AUSTERLITZ;BOURGES;143;143;0;12;91.6;10.9
2014-04;PARIS-BERCY;NEVERS;130;130;0;16;87.7;7.1
2014-04;TROYES;PARIS-EST;220;219;1;14;93.6;14.6
2014-04;BÉZIERS;CLERMONT-FERRAND;11;11;0;0;100.0;0.0
2014-04;HENDAYE;TOULOUSE-MATABIAU;81;80;1;6;92.5;12.3
2014-04;PARIS-ST-LAZARE;LE HAVRE;351;349;2;30;91.4;10.6
2014-04;NANTES;BORDEAUX-ST-JEAN;69;69;0;8;88.4;7.6
2014-04;PARIS-NORD;MAUBEUGE;297;294;3;20;93.2;13.7
2014-04;NEVERS;PARIS-BERCY;138;138;0;15;89.1;8.2
2014-04;NÎMES;CLERMONT-FERRAND;30;30;0;4;86.7;6.5
2014-04;BELFORT;PARIS-EST;121;120;1;7;94.2;16.1
2014-04;CLERMONT-FERRAND;PARIS-BERCY;211;211;0;21;90.0;9.0
2014-04;LIMOGES;BORDEAUX-ST-JEAN;30;30;0;0;100.0;0.0
2014-04;CAEN;TOURS;65;64;1;8;87.5;7.0
2014-04;GRANVILLE;PARIS-VAUGIRARD;161;160;1;6;96.2;25.7
2014-04;NANTES;LYON-PART-DIEU;18;18;0;3;83.3;5.0
2014-04;PARIS-ST-LAZARE;TROUVILLE-DEAUVILLE;88;87;1;9;89.7;8.7
2014-04;NICE-VILLE;BORDEAUX-ST-JEAN;180;180;0;37;79.4;3.9
2014-04;BOULOGNE-VILLE;PARIS-NORD;145;145;0;12;91.7;11.1
2014-04;PARIS-AUSTERLITZ;CERBERE;304;302;2;24;92.1;11.6
2014-04;PARIS-AUSTERLITZ;TOURS;124;124;0;20;83.9;5.2
2014-04;PARIS-BERCY;CLERMONT-FERRAND;214;212;2;19;91.0;10.2
2014-04;BORDEAUX-ST-JEAN;NICE-VILLE;191;189;2;43;77.2;3.4
2014-04;CLERMONT-FERRAND;NÎMES;30;30;0;3;90.0;9.0
2014-04;PARIS-NORD;AMIENS;290;289;1;34;88.2;7.5
2014-04;TOURS;CAEN;62;61;1;7;88.5;7.7
2014-04;CHERBOURG;PARIS-ST-LAZARE;190;190;0;12;93.7;14.8
2014-04;PARIS-VAUGIRARD;GRANVILLE;161;160;1;17;89.4;8.4
2014-04;MAUBEUGE;PARIS-NORD;296;293;3;18;93.9;15.3
2014-04;TROUVILLE-DEAUVILLE;PARIS-ST-LAZARE;81;80;1;11;86.2;6.3
2014-04;PARIS-NORD;BOULOGNE-VILLE;63;63;0;6;90.5;9.5
2014-04;CAEN;PARIS-ST-LAZARE;190;190;0;11;94.2;16.3
2014-04;PARIS-AUSTERLITZ;ORLÉANS;359;358;1;61;83.0;4.9
2014-04;PARIS-EST;BELFORT;106;106;0;4;96.2;25.5
2014-04;PARIS-EST;TROYES;285;284;1;19;93.3;13.9
2014-04;TOULOUSE-MATABIAU;HENDAYE;104;104;0;6;94.2;16.3
2014-04;LYON-PART-DIEU;NANTES;96;96;0;5;94.8;18.2
2014-04;AMIENS;PARIS-NORD;210;210;0;39;81.4;4.4
2014-04;PARIS-ST-LAZARE;CHERBOURG;168;168;0;14;91.7;11.0
2014-04;PARIS-ST-LAZARE;CAEN;238;237;1;13;94.5;17.2
2014-04;ORLÉANS;PARIS-AUSTERLITZ;367;366;1;57;84.4;5.4
2014-04;TOURS;PARIS-AUSTERLITZ;120;120;0;16;86.7;6.5
2014-03;LIMOGES;BORDEAUX-ST-JEAN;31;31;0;4;87.1;6.8
2014-03;PARIS-ST-LAZARE;ROUEN;331;325;6;18;94.5;17.1
2014-03;ROUEN;PARIS-ST-LAZARE;294;294;0;18;93.9;15.3
2014-03;BOULOGNE-VILLE;PARIS-NORD;155;154;1;14;90.9;10.0
2014-03;NANTES;LYON-PART-DIEU;19;18;1;0;100.0;0.0
2014-03;NANTES;BORDEAUX-ST-JEAN;71;71;0;7;90.1;9.1
2014-03;NEVERS;PARIS-BERCY;150;150;0;12;92.0;11.5
2014-03;PARIS-AUSTERLITZ;BOURGES;122;122;0;10;91.8;11.2
2014-03;PARIS-BERCY;CLERMONT-FERRAND;232;232;0;15;93.5;14.5
2014-03;TROYES;PARIS-EST;244;243;1;19;92.2;11.8
2014-03;BOURGES;PARIS-AUSTERLITZ;124;124;0;14;88.7;7.9
2014-03;CERBERE;PARIS-AUSTERLITZ;302;302;0;29;90.4;9.4
2014-03;TOURS;CAEN;63;62;1;8;87.1;6.8
2014-03;GRANVILLE;PARIS-VAUGIRARD;166;165;1;6;96.4;26.5
2014-03;PARIS-VAUGIRARD;GRANVILLE;163;163;0;11;93.3;13.8
2014-03;MAUBEUGE;PARIS-NORD;302;299;3;19;93.6;14.7
2014-03;PARIS-ST-LAZARE;TROUVILLE-DEAUVILLE;78;78;0;9;88.5;7.7
2014-03;TROUVILLE-DEAUVILLE;PARIS-ST-LAZARE;78;78;0;4;94.9;18.5
2014-03;NICE-VILLE;BORDEAUX-ST-JEAN;171;171;0;39;77.2;3.4
2014-03;NÎMES;CLERMONT-FERRAND;32;32;0;1;96.9;31.0
2014-03;PARIS-EST;BELFORT;108;108;0;12;88.9;8.0
2014-03;CLERMONT-FERRAND;NÎMES;31;31;0;2;93.5;14.5
2014-03;PARIS-NORD;AMIENS;302;300;2;32;89.3;8.4
2014-03;CHERBOURG;PARIS-ST-LAZARE;194;192;2;10;94.8;18.2
2014-03;PARIS-ST-LAZARE;CHERBOURG;170;170;0;15;91.2;10.3
2014-03;LE HAVRE;PARIS-ST-LAZARE;356;356;0;29;91.9;11.3
2014-03;PARIS-ST-LAZARE;LE HAVRE;354;354;0;24;93.2;13.8
2014-03;LYON-PART-DIEU;NANTES;104;104;0;13;87.5;7.0
2014-03;PARIS-AUSTERLITZ;ORLÉANS;365;364;1;59;83.8;5.2
2014-03;PARIS-AUSTERLITZ;TOURS;127;127;0;16;87.4;6.9
2014-03;BORDEAUX-ST-JEAN;NICE-VILLE;180;180;0;42;76.7;3.3
2014-03;BORDEAUX-ST-JEAN;LIMOGES;31;31;0;1;96.8;30.0
2014-03;BORDEAUX-ST-JEAN;NANTES;72;71;1;12;83.1;4.9
2014-03;AMIENS;PARIS-NORD;214;212;2;34;84.0;5.2
2014-03;HENDAYE;TOULOUSE-MATABIAU;86;85;1;5;94.11764705882354;16.0
2014-03;CAEN;PARIS-ST-LAZARE;195;193;2;13;93.3;13.8
2014-03;PARIS-BERCY;NEVERS;150;150;0;10;93.3;14.0
2014-03;TOURS;PARIS-AUSTERLITZ;123;123;0;17;86.2;6.2
2014-03;BELFORT;PARIS-EST;125;123;2;13;89.4;8.5
2014-03;BÉZIERS;CLERMONT-FERRAND;31;31;0;0;100.0;0.0
2014-03;CLERMONT-FERRAND;PARIS-BERCY;227;227;0;8;96.5;27.4
2014-03;CLERMONT-FERRAND;BÉZIERS;31;31;0;0;100.0;0.0
2014-03;CAEN;TOURS;69;67;2;7;89.6;8.6
2014-03;PARIS-NORD;MAUBEUGE;300;300;0;18;94.0;15.7
2014-03;PARIS-NORD;BOULOGNE-VILLE;67;67;0;2;97.0;32.5
2014-03;PARIS-ST-LAZARE;CAEN;244;241;3;23;90.5;9.5
2014-03;ORLÉANS;PARIS-AUSTERLITZ;375;374;1;60;84.0;5.2
2014-03;PARIS-AUSTERLITZ;CERBERE;313;312;1;15;95.2;19.8
2014-03;PARIS-EST;TROYES;280;279;1;30;89.2;8.3
2014-03;TOULOUSE-MATABIAU;HENDAYE;61;60;1;2;96.7;29.0
2014-02;PARIS-NORD;AMIENS;280;279;1;52;81.4;4.4
2014-02;CLERMONT-FERRAND;BÉZIERS;28;28;0;0;100.0;0.0
2014-02;NÎMES;CLERMONT-FERRAND;28;28;0;5;82.1;4.6
2014-02;PARIS-AUSTERLITZ;CERBERE;283;280;3;21;92.5;12.3
2014-02;BÉZIERS;CLERMONT-FERRAND;28;28;0;1;96.4;27.0
2014-02;AMIENS;PARIS-NORD;200;198;2;35;82.3;4.7
2014-02;PARIS-ST-LAZARE;CHERBOURG;161;156;5;20;87.2;6.8
2014-02;BOURGES;PARIS-AUSTERLITZ;114;112;2;17;84.8;5.6
2014-02;LE HAVRE;PARIS-ST-LAZARE;327;326;1;28;91.4;10.6
2014-02;PARIS-ST-LAZARE;LE HAVRE;326;326;0;37;88.7;7.8
2014-02;MAUBEUGE;PARIS-NORD;277;275;2;22;92.0;11.5
2014-02;PARIS-NORD;MAUBEUGE;277;274;3;22;92.0;11.5
2014-02;PARIS-ST-LAZARE;TROUVILLE-DEAUVILLE;72;72;0;10;86.1;6.2
2014-02;CLERMONT-FERRAND;NÎMES;28;28;0;2;92.9;13.0
2014-02;CAEN;PARIS-ST-LAZARE;176;176;0;15;91.5;10.7
2014-02;HENDAYE;TOULOUSE-MATABIAU;7;7;0;4;42.9;0.8
2014-02;NANTES;LYON-PART-DIEU;16;16;0;2;87.5;7.0
2014-02;PARIS-AUSTERLITZ;BOURGES;111;110;1;14;87.3;6.9
2014-02;PARIS-EST;TROYES;261;259;2;26;90.0;9.0
2014-02;BOULOGNE-VILLE;PARIS-NORD;139;139;0;12;91.4;10.6
2014-02;PARIS-ST-LAZARE;CAEN;220;218;2;26;88.1;7.4
2014-02;LIMOGES;BORDEAUX-ST-JEAN;27;27;0;0;100.0;0.0
2014-02;LYON-PART-DIEU;NANTES;94;94;0;11;88.3;7.5
2014-02;NICE-VILLE;BORDEAUX-ST-JEAN;165;165;0;20;87.9;7.2
2014-02;ORLÉANS;PARIS-AUSTERLITZ;343;339;4;57;83.2;4.9
2014-02;PARIS-BERCY;CLERMONT-FERRAND;212;212;0;19;91.0;10.2
2014-02;TROYES;PARIS-EST;220;219;1;14;93.6;14.6
2014-02;BELFORT;PARIS-EST;114;111;3;11;90.1;9.1
2014-02;BORDEAUX-ST-JEAN;NICE-VILLE;173;173;0;27;84.4;5.4
2014-02;CAEN;TOURS;60;60;0;6;90.0;9.0
2014-02;CHERBOURG;PARIS-ST-LAZARE;179;176;3;17;90.3;9.4
2014-02;PARIS-VAUGIRARD;GRANVILLE;148;148;0;12;91.9;11.3
2014-02;PARIS-ST-LAZARE;ROUEN;305;303;2;30;90.1;9.1
2014-02;PARIS-NORD;BOULOGNE-VILLE;59;59;0;4;93.2;13.8
2014-02;PARIS-AUSTERLITZ;TOURS;115;114;1;24;78.9;3.8
2014-02;PARIS-EST;BELFORT;97;96;1;12;87.5;7.0
2014-02;TOULOUSE-MATABIAU;HENDAYE;23;22;1;0;100.0;0.0
2014-02;BORDEAUX-ST-JEAN;LIMOGES;27;27;0;1;96.3;26.0
2014-02;BORDEAUX-ST-JEAN;NANTES;66;64;2;15;76.6;3.3
2014-02;TOURS;CAEN;56;56;0;6;89.3;8.3
2014-02;GRANVILLE;PARIS-VAUGIRARD;149;148;1;11;92.6;12.5
2014-02;CERBERE;PARIS-AUSTERLITZ;276;275;1;23;91.6;11.0
2014-02;TROUVILLE-DEAUVILLE;PARIS-ST-LAZARE;72;70;2;7;90.0;9.0
2014-02;ROUEN;PARIS-ST-LAZARE;268;266;2;19;92.9;13.0
2014-02;CLERMONT-FERRAND;PARIS-BERCY;208;206;2;27;86.9;6.6
2014-02;NANTES;BORDEAUX-ST-JEAN;67;64;3;7;89.1;8.1
2014-02;NEVERS;PARIS-BERCY;139;135;4;9;93.3;14.0
2014-02;PARIS-AUSTERLITZ;ORLÉANS;335;332;3;54;83.7;5.1
2014-02;PARIS-BERCY;NEVERS;135;134;1;18;86.6;6.4
2014-02;TOURS;PARIS-AUSTERLITZ;113;111;2;14;87.4;6.9
2014-01;BELFORT;PARIS-EST;124;124;0;11;91.1;10.3
2014-01;PARIS-VAUGIRARD;GRANVILLE;165;165;0;8;95.2;19.6
2014-01;BÉZIERS;CLERMONT-FERRAND;31;31;0;0;100.0;0.0
2014-01;MAUBEUGE;PARIS-NORD;306;305;1;18;94.1;15.9
2014-01;PARIS-NORD;MAUBEUGE;305;305;0;23;92.5;12.3
2014-01;BORDEAUX-ST-JEAN;LIMOGES;31;31;0;1;96.8;30.0
2014-01;PARIS-ST-LAZARE;CAEN;244;244;0;29;88.1;7.4
2014-01;BOURGES;PARIS-AUSTERLITZ;123;121;2;9;92.6;12.4
2014-01;NÎMES;CLERMONT-FERRAND;31;31;0;0;100.0;0.0
2014-01;PARIS-AUSTERLITZ;CERBERE;317;314;3;20;93.6;14.7
2014-01;PARIS-AUSTERLITZ;BOURGES;125;122;3;6;95.1;19.3
2014-01;PARIS-EST;BELFORT;107;106;1;8;92.5;12.2
2014-01;TROYES;PARIS-EST;224;223;1;19;91.5;10.7
2014-01;CAEN;TOURS;67;66;1;6;90.9;10.0
2014-01;TOURS;CAEN;62;62;0;1;98.4;61.0
2014-01;CHERBOURG;PARIS-ST-LAZARE;197;196;1;12;93.9;15.3
2014-01;PARIS-ST-LAZARE;CHERBOURG;173;172;1;14;91.9;11.3
2014-01;PARIS-ST-LAZARE;TROUVILLE-DEAUVILLE;82;81;1;13;84.0;5.2
2014-01;CLERMONT-FERRAND;BÉZIERS;31;31;0;1;96.8;30.0
2014-01;NEVERS;PARIS-BERCY;158;157;1;8;94.9;18.6
2014-01;PARIS-AUSTERLITZ;ORLÉANS;343;342;1;63;81.6;4.4
2014-01;PARIS-NORD;AMIENS;308;307;1;53;82.7;4.8
2014-01;PARIS-ST-LAZARE;LE HAVRE;365;362;3;39;89.2;8.3
2014-01;BORDEAUX-ST-JEAN;NICE-VILLE;188;187;1;47;74.9;3.0
2014-01;PARIS-NORD;BOULOGNE-VILLE;67;67;0;6;91.0;10.2
2014-01;CAEN;PARIS-ST-LAZARE;193;193;0;20;89.6;8.7
2014-01;LIMOGES;BORDEAUX-ST-JEAN;31;31;0;0;100.0;0.0
2014-01;ORLÉANS;PARIS-AUSTERLITZ;355;354;1;40;88.7;7.8
2014-01;PARIS-EST;TROYES;304;304;0;24;92.1;11.7
2014-01;AMIENS;PARIS-NORD;219;219;0;31;85.8;6.1
2014-01;LE HAVRE;PARIS-ST-LAZARE;364;360;4;33;90.8;9.9
2014-01;CERBERE;PARIS-AUSTERLITZ;311;309;2;24;92.2;11.9
2014-01;CLERMONT-FERRAND;NÎMES;32;31;1;2;93.5;14.5
2014-01;CLERMONT-FERRAND;PARIS-BERCY;234;234;0;14;94.0;15.7
2014-01;NANTES;LYON-PART-DIEU;17;17;0;2;88.2;7.5
2014-01;NANTES;BORDEAUX-ST-JEAN;72;72;0;6;91.7;11.0
2014-01;NICE-VILLE;BORDEAUX-ST-JEAN;176;176;0;24;86.4;6.3
2014-01;PARIS-AUSTERLITZ;TOURS;127;127;0;24;81.1;4.3
2014-01;TOURS;PARIS-AUSTERLITZ;124;124;0;16;87.1;6.8
2014-01;GRANVILLE;PARIS-VAUGIRARD;165;165;0;11;93.3;14.0
2014-01;BORDEAUX-ST-JEAN;NANTES;72;72;0;7;90.3;9.3
2014-01;TROUVILLE-DEAUVILLE;PARIS-ST-LAZARE;82;82;0;5;93.9;15.4
2014-01;PARIS-ST-LAZARE;ROUEN;323;318;5;23;92.8;12.8
2014-01;ROUEN;PARIS-ST-LAZARE;294;293;1;20;93.2;13.7
2014-01;BOULOGNE-VILLE;PARIS-NORD;157;156;1;18;88.5;7.7
2014-01;HENDAYE;TOULOUSE-MATABIAU;33;31;2;4;87.1;6.8
2014-01;LYON-PART-DIEU;NANTES;108;108;0;7;93.5;14.4
2014-01;PARIS-BERCY;CLERMONT-FERRAND;233;233;0;13;94.4;16.9
2014-01;PARIS-BERCY;NEVERS;159;159;0;12;92.5;12.2
2014-01;TOULOUSE-MATABIAU;HENDAYE;65;62;3;1;98.4;61.0
